{
  "12": 2849.394577026367,
  "14": 0.6206119060516357,
  "15": 0.0024178028106689453,
  "16": 0.15407061576843262,
  "17": 7.333801984786987,
  "18": 0.3100550174713135,
  "19": 2.6055071353912354,
  "20": 0.5201263427734375
}