{
    "Random": {
        "avg_snr_db": 24.82056176817826,
        "std_snr_db": 5.5092241276717,
        "avg_solve_time": 0.0,
        "method": "Random"
    },
    "AO": {
        "error": "AlternatingOptimization.__init__() got an unexpected keyword argument 'num_users'"
    },
    "SCA": {
        "method": "SCA",
        "avg_snr_db": 24.82054774292611,
        "std_snr_db": 5.50923941426298,
        "median_snr_db": 24.442081608014668,
        "avg_solve_time": 5.580902099609375e-05,
        "total_time": 0.0027904510498046875,
        "avg_iterations": 2.02,
        "num_samples": 50,
        "all_snrs": [
            24.851350327500107,
            18.725340546747567,
            25.204543192360276,
            22.177334630978017,
            26.92695090377383,
            25.22157601988631,
            30.087880380603757,
            15.096717641253628,
            25.806710469335847,
            17.977743982581615,
            31.735229228094187,
            24.026764015817655,
            18.867847959778985,
            26.667074410389834,
            24.313701352217056,
            33.84875956186106,
            31.694990790612323,
            24.5451178052728,
            20.65014525193838,
            23.42939394956477,
            15.56082362473606,
            26.883739579175298,
            25.765092600715423,
            22.40261675723829,
            31.38220636595666,
            23.36242390710286,
            30.48231665557884,
            23.92168788776553,
            21.056031133290762,
            35.18297154273336,
            18.60856033951782,
            22.817847412482205,
            19.448356114563136,
            24.862271560615564,
            18.34580566443583,
            40.26065205055297,
            21.4318842396418,
            24.78710579116864,
            18.254222796826046,
            24.711806438895593,
            35.79324068477,
            24.735154320475054,
            37.778241956857514,
            19.466405245967554,
            19.701057799162207,
            22.549745050286433,
            25.652293675466574,
            22.47975651336667,
            27.14885160563604,
            24.33904541075654
        ]
    },
    "ADMM": {
        "method": "ADMM",
        "avg_snr_db": 24.820550635639663,
        "std_snr_db": 5.509236682545642,
        "median_snr_db": 24.442084687738646,
        "avg_solve_time": 0.00012032985687255859,
        "total_time": 0.00601649284362793,
        "avg_iterations": 1.0,
        "num_samples": 50,
        "all_snrs": [
            24.851350136966765,
            18.72528117155802,
            25.204541321249355,
            22.17739853593399,
            26.92695591968747,
            25.221583716193212,
            30.087879353696245,
            15.096688595461927,
            25.806716520580004,
            17.97777731978556,
            31.73522975804506,
            24.026761418797417,
            18.86797165776724,
            26.667088841239497,
            24.31370506488956,
            33.84876034456441,
            31.69498413054624,
            24.545127432569494,
            20.650128978717767,
            23.42937355157469,
            15.560865593413364,
            26.88374969879312,
            25.765098701779397,
            22.402621165735482,
            31.38220644286891,
            23.362410335765386,
            30.482316030933383,
            23.921674947269903,
            21.05602890362521,
            35.18296920565687,
            18.608545795774504,
            22.81784054798678,
            19.448316441406742,
            24.86227285936633,
            18.345859319797633,
            40.2606506103881,
            21.431865885113726,
            24.78710415192195,
            18.254219468517476,
            24.711810827038097,
            35.79324160634471,
            24.735150146512993,
            37.77824276753501,
            19.466421682966377,
            19.7010466675056,
            22.549752321660574,
            25.65229545271494,
            22.47975886357721,
            27.14884962728158,
            24.339041942907798
        ]
    },
    "SDR": {
        "error": "cvxpy not installed"
    },
    "MRC_Optimal": {
        "avg_snr_db": 24.82058047791276,
        "std_snr_db": 5.509209270388242,
        "avg_solve_time": 0.0,
        "method": "MRC_Optimal"
    }
}