2026-08-28 05:48:03,461 | INFO | ris.AdvancedExperiments |   Compressing model to 8-bit...
2026-08-28 05:48:12,309 | INFO | ris.AdvancedExperiments |   Simulating mobility: 10 m/s...
2026-08-28 06:06:40,044 | INFO | ris.AdvancedExperiments |   Compressing model to 8-bit...
2026-08-28 06:06:43,625 | INFO | ris.AdvancedExperiments |   Simulating mobility: 10 m/s...
2026-09-02 05:56:09,028 | INFO | ris.main | ============================================================
2026-09-02 05:56:09,029 | INFO | ris.main | BASELINE EVALUATION
2026-09-02 05:56:09,030 | INFO | ris.main | ============================================================
2026-09-02 05:56:09,032 | INFO | ris.main | Evaluating: No RIS (direct link)
2026-09-02 05:56:09,033 | INFO | ris.main |   SNR: -15.65 dB
2026-09-02 05:56:09,034 | INFO | ris.main |   Rate: 0.04 bps/Hz
2026-09-02 05:56:09,034 | INFO | ris.main | 
Evaluating: Random RIS
2026-09-02 05:56:09,035 | INFO | ris.main |   SNR: -15.62 dB
2026-09-02 05:56:09,036 | INFO | ris.main |   Rate: 0.04 bps/Hz
2026-09-02 05:56:09,037 | INFO | ris.main | 
Evaluating: Optimal (Genie-aided)
2026-09-02 05:56:09,038 | INFO | ris.main |   SNR: -14.87 dB
2026-09-02 05:56:09,039 | INFO | ris.main |   Rate: 0.05 bps/Hz
2026-09-02 05:56:09,040 | INFO | ris.main | ============================================================
2026-09-02 05:56:09,041 | INFO | ris.main | FEDERATED LEARNING TRAINING
2026-09-02 05:56:09,042 | INFO | ris.main | ============================================================
2026-09-02 05:56:09,042 | INFO | ris.main | ============================================================
2026-09-02 05:56:09,043 | INFO | ris.main | MODEL INITIALIZATION
2026-09-02 05:56:09,044 | INFO | ris.main | ============================================================
2026-09-02 05:56:09,063 | INFO | ris.main | [OK] Global model ({config.MODEL_TYPE}) created
2026-09-02 05:56:09,066 | INFO | ris.main |   Total parameters: 621,313
2026-09-02 05:56:09,067 | INFO | ris.main |   Model size (FP32): 2427.00 KB
2026-09-02 05:56:09,068 | INFO | ris.main |   Model size (INT8 for FL comm): 606.75 KB
2026-09-02 05:56:09,069 | INFO | ris.main |   Expected comm per round: 2427.00 KB (= 621313 B x 2 x 2 tiles)
2026-09-02 05:56:09,069 | INFO | ris.main |   Expected total comm (1 rounds): 2427.00 KB = 2.37 MB
2026-09-02 05:56:09,110 | INFO | ris.main | [OK] Created {len(clients)} RIS tile clients
2026-09-02 05:56:09,111 | INFO | ris.main | 
Starting Federated Learning for 1 rounds...
2026-09-02 05:56:09,112 | INFO | ris.main | Local epochs per round: 1
2026-09-02 05:56:09,452 | INFO | ris.main | [Evaluation] Testing global model...
2026-09-02 05:56:09,553 | INFO | ris.main |   Test Loss: 2.983506
2026-09-02 05:56:09,554 | INFO | ris.main |   Phase Error: 1.5124 rad (86.65Â°)
2026-09-02 05:56:09,555 | INFO | ris.main |   SNR (Optimized): -15.69 dB
2026-09-02 05:56:09,555 | INFO | ris.main |   SNR Gain: -0.04 dB
2026-09-02 05:56:09,787 | INFO | ris.main | ============================================================
2026-09-02 05:56:09,788 | INFO | ris.main | TRAINING COMPLETE
2026-09-02 05:56:09,791 | INFO | ris.main | ============================================================
2026-09-02 05:56:09,792 | INFO | ris.main | 
  Communication check:
2026-09-02 05:56:09,794 | INFO | ris.main |     Model parameters: 621,313
2026-09-02 05:56:09,795 | INFO | ris.main |     Expected total: 2.37 MB
2026-09-02 05:56:09,796 | INFO | ris.main |     Actual total:   2.37 MB
2026-09-02 05:56:13,359 | INFO | ris.main | ============================================================
2026-09-02 05:56:13,363 | INFO | ris.main | BASELINE EVALUATION
2026-09-02 05:56:13,364 | INFO | ris.main | ============================================================
2026-09-02 05:56:13,364 | INFO | ris.main | Evaluating: No RIS (direct link)
2026-09-02 05:56:13,365 | INFO | ris.main |   SNR: -14.64 dB
2026-09-02 05:56:13,366 | INFO | ris.main |   Rate: 0.05 bps/Hz
2026-09-02 05:56:13,370 | INFO | ris.main | 
Evaluating: Random RIS
2026-09-02 05:56:13,371 | INFO | ris.main |   SNR: -14.64 dB
2026-09-02 05:56:13,372 | INFO | ris.main |   Rate: 0.05 bps/Hz
2026-09-02 05:56:13,373 | INFO | ris.main | 
Evaluating: Optimal (Genie-aided)
2026-09-02 05:56:13,374 | INFO | ris.main |   SNR: -14.01 dB
2026-09-02 05:56:13,375 | INFO | ris.main |   Rate: 0.06 bps/Hz
2026-09-02 05:56:13,376 | INFO | ris.main | ============================================================
2026-09-02 05:56:13,382 | INFO | ris.main | FEDERATED LEARNING TRAINING
2026-09-02 05:56:13,382 | INFO | ris.main | ============================================================
2026-09-02 05:56:13,383 | INFO | ris.main | ============================================================
2026-09-02 05:56:13,384 | INFO | ris.main | MODEL INITIALIZATION
2026-09-02 05:56:13,384 | INFO | ris.main | ============================================================
2026-09-02 05:56:13,415 | INFO | ris.main | [OK] Global model ({config.MODEL_TYPE}) created
2026-09-02 05:56:13,420 | INFO | ris.main |   Total parameters: 621,313
2026-09-02 05:56:13,420 | INFO | ris.main |   Model size (FP32): 2427.00 KB
2026-09-02 05:56:13,421 | INFO | ris.main |   Model size (INT8 for FL comm): 606.75 KB
2026-09-02 05:56:13,421 | INFO | ris.main |   Expected comm per round: 2427.00 KB (= 621313 B x 2 x 2 tiles)
2026-09-02 05:56:13,422 | INFO | ris.main |   Expected total comm (1 rounds): 2427.00 KB = 2.37 MB
2026-09-02 05:56:13,472 | INFO | ris.main | [OK] Created {len(clients)} RIS tile clients
2026-09-02 05:56:13,473 | INFO | ris.main | 
Starting Federated Learning for 1 rounds...
2026-09-02 05:56:13,474 | INFO | ris.main | Local epochs per round: 1
2026-09-02 05:56:13,743 | INFO | ris.main | [Evaluation] Testing global model...
2026-09-02 05:56:13,838 | INFO | ris.main |   Test Loss: 3.925263
2026-09-02 05:56:13,839 | INFO | ris.main |   Phase Error: 1.7684 rad (101.32Â°)
2026-09-02 05:56:13,840 | INFO | ris.main |   SNR (Optimized): -14.58 dB
2026-09-02 05:56:13,841 | INFO | ris.main |   SNR Gain: 0.05 dB
2026-09-02 05:56:13,900 | INFO | ris.main | ============================================================
2026-09-02 05:56:13,901 | INFO | ris.main | TRAINING COMPLETE
2026-09-02 05:56:13,902 | INFO | ris.main | ============================================================
2026-09-02 05:56:13,903 | INFO | ris.main | 
  Communication check:
2026-09-02 05:56:13,905 | INFO | ris.main |     Model parameters: 621,313
2026-09-02 05:56:13,906 | INFO | ris.main |     Expected total: 2.37 MB
2026-09-02 05:56:13,908 | INFO | ris.main |     Actual total:   2.37 MB
2026-09-02 05:56:14,629 | INFO | ris.AdvancedExperiments |   Compressing model to 8-bit...
2026-09-02 05:56:16,895 | INFO | ris.main | ============================================================
2026-09-02 05:56:16,896 | INFO | ris.main | BASELINE EVALUATION
2026-09-02 05:56:16,898 | INFO | ris.main | ============================================================
2026-09-02 05:56:16,900 | INFO | ris.main | Evaluating: No RIS (direct link)
2026-09-02 05:56:16,901 | INFO | ris.main |   SNR: -10.67 dB
2026-09-02 05:56:16,902 | INFO | ris.main |   Rate: 0.12 bps/Hz
2026-09-02 05:56:16,903 | INFO | ris.main | 
Evaluating: Random RIS
2026-09-02 05:56:16,904 | INFO | ris.main |   SNR: -10.64 dB
2026-09-02 05:56:16,905 | INFO | ris.main |   Rate: 0.12 bps/Hz
2026-09-02 05:56:16,906 | INFO | ris.main | 
Evaluating: Optimal (Genie-aided)
2026-09-02 05:56:16,907 | INFO | ris.main |   SNR: -9.97 dB
2026-09-02 05:56:16,908 | INFO | ris.main |   Rate: 0.14 bps/Hz
2026-09-02 05:56:16,909 | INFO | ris.main | ============================================================
2026-09-02 05:56:16,909 | INFO | ris.main | FEDERATED LEARNING TRAINING
2026-09-02 05:56:16,910 | INFO | ris.main | ============================================================
2026-09-02 05:56:16,911 | INFO | ris.main | ============================================================
2026-09-02 05:56:16,912 | INFO | ris.main | MODEL INITIALIZATION
2026-09-02 05:56:16,912 | INFO | ris.main | ============================================================
2026-09-02 05:56:16,933 | INFO | ris.main | [OK] Global model ({config.MODEL_TYPE}) created
2026-09-02 05:56:16,934 | INFO | ris.main |   Total parameters: 621,313
2026-09-02 05:56:16,935 | INFO | ris.main |   Model size (FP32): 2427.00 KB
2026-09-02 05:56:16,936 | INFO | ris.main |   Model size (INT8 for FL comm): 606.75 KB
2026-09-02 05:56:16,936 | INFO | ris.main |   Expected comm per round: 2427.00 KB (= 621313 B x 2 x 2 tiles)
2026-09-02 05:56:16,937 | INFO | ris.main |   Expected total comm (1 rounds): 2427.00 KB = 2.37 MB
2026-09-02 05:56:17,007 | INFO | ris.main | [OK] Created {len(clients)} RIS tile clients
2026-09-02 05:56:17,008 | INFO | ris.main | 
Starting Federated Learning for 1 rounds...
2026-09-02 05:56:17,009 | INFO | ris.main | Local epochs per round: 1
2026-09-02 05:56:17,282 | INFO | ris.main | [Evaluation] Testing global model...
2026-09-02 05:56:17,380 | INFO | ris.main |   Test Loss: 3.272638
2026-09-02 05:56:17,382 | INFO | ris.main |   Phase Error: 1.5728 rad (90.11Â°)
2026-09-02 05:56:17,383 | INFO | ris.main |   SNR (Optimized): -10.46 dB
2026-09-02 05:56:17,384 | INFO | ris.main |   SNR Gain: 0.21 dB
2026-09-02 05:56:17,444 | INFO | ris.main | ============================================================
2026-09-02 05:56:17,446 | INFO | ris.main | TRAINING COMPLETE
2026-09-02 05:56:17,447 | INFO | ris.main | ============================================================
2026-09-02 05:56:17,448 | INFO | ris.main | 
  Communication check:
2026-09-02 05:56:17,450 | INFO | ris.main |     Model parameters: 621,313
2026-09-02 05:56:17,451 | INFO | ris.main |     Expected total: 2.37 MB
2026-09-02 05:56:17,451 | INFO | ris.main |     Actual total:   2.37 MB
2026-09-02 05:56:17,588 | INFO | ris.AdvancedExperiments |   Simulating mobility: 10 m/s...
2026-09-02 06:51:31,117 | INFO | ris.main | ============================================================
2026-09-02 06:51:31,119 | INFO | ris.main | BASELINE EVALUATION
2026-09-02 06:51:31,122 | INFO | ris.main | ============================================================
2026-09-02 06:51:31,123 | INFO | ris.main | Evaluating: No RIS (direct link)
2026-09-02 06:51:31,124 | INFO | ris.main |   SNR: -11.31 dB
2026-09-02 06:51:31,125 | INFO | ris.main |   Rate: 0.10 bps/Hz
2026-09-02 06:51:31,126 | INFO | ris.main | 
Evaluating: Random RIS
2026-09-02 06:51:31,127 | INFO | ris.main |   SNR: -11.34 dB
2026-09-02 06:51:31,132 | INFO | ris.main |   Rate: 0.10 bps/Hz
2026-09-02 06:51:31,137 | INFO | ris.main | 
Evaluating: Optimal (Genie-aided)
2026-09-02 06:51:31,140 | INFO | ris.main |   SNR: -10.90 dB
2026-09-02 06:51:31,142 | INFO | ris.main |   Rate: 0.11 bps/Hz
2026-09-02 06:51:31,143 | INFO | ris.main | ============================================================
2026-09-02 06:51:31,144 | INFO | ris.main | FEDERATED LEARNING TRAINING
2026-09-02 06:51:31,145 | INFO | ris.main | ============================================================
2026-09-02 06:51:31,146 | INFO | ris.main | ============================================================
2026-09-02 06:51:31,147 | INFO | ris.main | MODEL INITIALIZATION
2026-09-02 06:51:31,150 | INFO | ris.main | ============================================================
2026-09-02 06:51:31,171 | INFO | ris.main | [OK] Global model ({config.MODEL_TYPE}) created
2026-09-02 06:51:31,176 | INFO | ris.main |   Total parameters: 621,313
2026-09-02 06:51:31,178 | INFO | ris.main |   Model size (FP32): 2427.00 KB
2026-09-02 06:51:31,179 | INFO | ris.main |   Model size (INT8 for FL comm): 606.75 KB
2026-09-02 06:51:31,180 | INFO | ris.main |   Expected comm per round: 2427.00 KB (= 621313 B x 2 x 2 tiles)
2026-09-02 06:51:31,181 | INFO | ris.main |   Expected total comm (1 rounds): 2427.00 KB = 2.37 MB
2026-09-02 06:51:31,239 | INFO | ris.main | [OK] Created {len(clients)} RIS tile clients
2026-09-02 06:51:31,241 | INFO | ris.main | 
Starting Federated Learning for 1 rounds...
2026-09-02 06:51:31,243 | INFO | ris.main | Local epochs per round: 1
2026-09-02 06:51:31,520 | INFO | ris.main | [Evaluation] Testing global model...
2026-09-02 06:51:31,642 | INFO | ris.main |   Test Loss: 3.896874
2026-09-02 06:51:31,643 | INFO | ris.main |   Phase Error: 1.7125 rad (98.12Â°)
2026-09-02 06:51:31,644 | INFO | ris.main |   SNR (Optimized): -11.37 dB
2026-09-02 06:51:31,645 | INFO | ris.main |   SNR Gain: -0.06 dB
2026-09-02 06:51:31,871 | INFO | ris.main | ============================================================
2026-09-02 06:51:31,872 | INFO | ris.main | TRAINING COMPLETE
2026-09-02 06:51:31,873 | INFO | ris.main | ============================================================
2026-09-02 06:51:31,874 | INFO | ris.main | 
  Communication check:
2026-09-02 06:51:31,875 | INFO | ris.main |     Model parameters: 621,313
2026-09-02 06:51:31,876 | INFO | ris.main |     Expected total: 2.37 MB
2026-09-02 06:51:31,876 | INFO | ris.main |     Actual total:   2.37 MB
2026-09-02 06:51:35,612 | INFO | ris.main | ============================================================
2026-09-02 06:51:35,618 | INFO | ris.main | BASELINE EVALUATION
2026-09-02 06:51:35,620 | INFO | ris.main | ============================================================
2026-09-02 06:51:35,620 | INFO | ris.main | Evaluating: No RIS (direct link)
2026-09-02 06:51:35,622 | INFO | ris.main |   SNR: -12.82 dB
2026-09-02 06:51:35,622 | INFO | ris.main |   Rate: 0.07 bps/Hz
2026-09-02 06:51:35,623 | INFO | ris.main | 
Evaluating: Random RIS
2026-09-02 06:51:35,625 | INFO | ris.main |   SNR: -12.77 dB
2026-09-02 06:51:35,626 | INFO | ris.main |   Rate: 0.07 bps/Hz
2026-09-02 06:51:35,627 | INFO | ris.main | 
Evaluating: Optimal (Genie-aided)
2026-09-02 06:51:35,629 | INFO | ris.main |   SNR: -12.16 dB
2026-09-02 06:51:35,630 | INFO | ris.main |   Rate: 0.09 bps/Hz
2026-09-02 06:51:35,631 | INFO | ris.main | ============================================================
2026-09-02 06:51:35,632 | INFO | ris.main | FEDERATED LEARNING TRAINING
2026-09-02 06:51:35,633 | INFO | ris.main | ============================================================
2026-09-02 06:51:35,634 | INFO | ris.main | ============================================================
2026-09-02 06:51:35,635 | INFO | ris.main | MODEL INITIALIZATION
2026-09-02 06:51:35,636 | INFO | ris.main | ============================================================
2026-09-02 06:51:35,660 | INFO | ris.main | [OK] Global model ({config.MODEL_TYPE}) created
2026-09-02 06:51:35,662 | INFO | ris.main |   Total parameters: 621,313
2026-09-02 06:51:35,663 | INFO | ris.main |   Model size (FP32): 2427.00 KB
2026-09-02 06:51:35,664 | INFO | ris.main |   Model size (INT8 for FL comm): 606.75 KB
2026-09-02 06:51:35,664 | INFO | ris.main |   Expected comm per round: 2427.00 KB (= 621313 B x 2 x 2 tiles)
2026-09-02 06:51:35,665 | INFO | ris.main |   Expected total comm (1 rounds): 2427.00 KB = 2.37 MB
2026-09-02 06:51:35,745 | INFO | ris.main | [OK] Created {len(clients)} RIS tile clients
2026-09-02 06:51:35,747 | INFO | ris.main | 
Starting Federated Learning for 1 rounds...
2026-09-02 06:51:35,748 | INFO | ris.main | Local epochs per round: 1
2026-09-02 06:51:36,013 | INFO | ris.main | [Evaluation] Testing global model...
2026-09-02 06:51:36,107 | INFO | ris.main |   Test Loss: 3.541384
2026-09-02 06:51:36,109 | INFO | ris.main |   Phase Error: 1.6029 rad (91.84Â°)
2026-09-02 06:51:36,110 | INFO | ris.main |   SNR (Optimized): -12.77 dB
2026-09-02 06:51:36,111 | INFO | ris.main |   SNR Gain: 0.05 dB
2026-09-02 06:51:36,170 | INFO | ris.main | ============================================================
2026-09-02 06:51:36,171 | INFO | ris.main | TRAINING COMPLETE
2026-09-02 06:51:36,172 | INFO | ris.main | ============================================================
2026-09-02 06:51:36,174 | INFO | ris.main | 
  Communication check:
2026-09-02 06:51:36,175 | INFO | ris.main |     Model parameters: 621,313
2026-09-02 06:51:36,176 | INFO | ris.main |     Expected total: 2.37 MB
2026-09-02 06:51:36,177 | INFO | ris.main |     Actual total:   2.37 MB
2026-09-02 06:51:37,080 | INFO | ris.AdvancedExperiments |   Compressing model to 8-bit...
2026-09-02 06:51:39,337 | INFO | ris.main | ============================================================
2026-09-02 06:51:39,340 | INFO | ris.main | BASELINE EVALUATION
2026-09-02 06:51:39,343 | INFO | ris.main | ============================================================
2026-09-02 06:51:39,348 | INFO | ris.main | Evaluating: No RIS (direct link)
2026-09-02 06:51:39,351 | INFO | ris.main |   SNR: -13.86 dB
2026-09-02 06:51:39,354 | INFO | ris.main |   Rate: 0.06 bps/Hz
2026-09-02 06:51:39,359 | INFO | ris.main | 
Evaluating: Random RIS
2026-09-02 06:51:39,364 | INFO | ris.main |   SNR: -13.89 dB
2026-09-02 06:51:39,366 | INFO | ris.main |   Rate: 0.06 bps/Hz
2026-09-02 06:51:39,367 | INFO | ris.main | 
Evaluating: Optimal (Genie-aided)
2026-09-02 06:51:39,369 | INFO | ris.main |   SNR: -13.47 dB
2026-09-02 06:51:39,370 | INFO | ris.main |   Rate: 0.06 bps/Hz
2026-09-02 06:51:39,374 | INFO | ris.main | ============================================================
2026-09-02 06:51:39,375 | INFO | ris.main | FEDERATED LEARNING TRAINING
2026-09-02 06:51:39,378 | INFO | ris.main | ============================================================
2026-09-02 06:51:39,379 | INFO | ris.main | ============================================================
2026-09-02 06:51:39,384 | INFO | ris.main | MODEL INITIALIZATION
2026-09-02 06:51:39,385 | INFO | ris.main | ============================================================
2026-09-02 06:51:39,405 | INFO | ris.main | [OK] Global model ({config.MODEL_TYPE}) created
2026-09-02 06:51:39,408 | INFO | ris.main |   Total parameters: 621,313
2026-09-02 06:51:39,410 | INFO | ris.main |   Model size (FP32): 2427.00 KB
2026-09-02 06:51:39,411 | INFO | ris.main |   Model size (INT8 for FL comm): 606.75 KB
2026-09-02 06:51:39,412 | INFO | ris.main |   Expected comm per round: 2427.00 KB (= 621313 B x 2 x 2 tiles)
2026-09-02 06:51:39,413 | INFO | ris.main |   Expected total comm (1 rounds): 2427.00 KB = 2.37 MB
2026-09-02 06:51:39,462 | INFO | ris.main | [OK] Created {len(clients)} RIS tile clients
2026-09-02 06:51:39,464 | INFO | ris.main | 
Starting Federated Learning for 1 rounds...
2026-09-02 06:51:39,466 | INFO | ris.main | Local epochs per round: 1
2026-09-02 06:51:39,737 | INFO | ris.main | [Evaluation] Testing global model...
2026-09-02 06:51:39,836 | INFO | ris.main |   Test Loss: 3.408408
2026-09-02 06:51:39,837 | INFO | ris.main |   Phase Error: 1.6246 rad (93.08Â°)
2026-09-02 06:51:39,839 | INFO | ris.main |   SNR (Optimized): -13.87 dB
2026-09-02 06:51:39,840 | INFO | ris.main |   SNR Gain: -0.01 dB
2026-09-02 06:51:39,909 | INFO | ris.main | ============================================================
2026-09-02 06:51:39,910 | INFO | ris.main | TRAINING COMPLETE
2026-09-02 06:51:39,912 | INFO | ris.main | ============================================================
2026-09-02 06:51:39,913 | INFO | ris.main | 
  Communication check:
2026-09-02 06:51:39,915 | INFO | ris.main |     Model parameters: 621,313
2026-09-02 06:51:39,915 | INFO | ris.main |     Expected total: 2.37 MB
2026-09-02 06:51:39,916 | INFO | ris.main |     Actual total:   2.37 MB
2026-09-02 06:51:40,019 | INFO | ris.AdvancedExperiments |   Simulating mobility: 10 m/s...
2026-09-03 11:02:37,574 | INFO | ris.AdvancedExperiments | 
============================================================
2026-09-03 11:02:37,574 | INFO | ris.AdvancedExperiments | EXPERIMENT 1: Local Epochs Variation
2026-09-03 11:02:37,574 | INFO | ris.AdvancedExperiments | ============================================================
2026-09-03 11:02:37,574 | INFO | ris.AdvancedExperiments | 
>>> Testing with E = 1 local epochs...
2026-09-03 11:09:02,772 | INFO | ris.AdvancedExperiments | 
============================================================
2026-09-03 11:09:02,772 | INFO | ris.AdvancedExperiments | EXPERIMENT 1: Local Epochs Variation
2026-09-03 11:09:02,772 | INFO | ris.AdvancedExperiments | ============================================================
2026-09-03 11:09:02,773 | INFO | ris.AdvancedExperiments | 
>>> Testing with E = 1 local epochs...
2026-09-03 11:22:30,634 | INFO | ris.main | ============================================================
2026-09-03 11:22:30,635 | INFO | ris.main | BASELINE EVALUATION
2026-09-03 11:22:30,635 | INFO | ris.main | ============================================================
2026-09-03 11:22:30,635 | INFO | ris.main | Evaluating: No RIS (direct link)
2026-09-03 11:22:30,635 | INFO | ris.main |   SNR: -13.72 dB
2026-09-03 11:22:30,636 | INFO | ris.main |   Rate: 0.06 bps/Hz
2026-09-03 11:22:30,636 | INFO | ris.main | 
Evaluating: Random RIS
2026-09-03 11:22:30,638 | INFO | ris.main |   SNR: -13.76 dB
2026-09-03 11:22:30,638 | INFO | ris.main |   Rate: 0.06 bps/Hz
2026-09-03 11:22:30,638 | INFO | ris.main | 
Evaluating: Optimal (Genie-aided)
2026-09-03 11:22:30,641 | INFO | ris.main |   SNR: -13.03 dB
2026-09-03 11:22:30,641 | INFO | ris.main |   Rate: 0.07 bps/Hz
2026-09-03 11:22:30,641 | INFO | ris.main | ============================================================
2026-09-03 11:22:30,641 | INFO | ris.main | FEDERATED LEARNING TRAINING
2026-09-03 11:22:30,641 | INFO | ris.main | ============================================================
2026-09-03 11:22:30,641 | INFO | ris.main | ============================================================
2026-09-03 11:22:30,641 | INFO | ris.main | MODEL INITIALIZATION
2026-09-03 11:22:30,641 | INFO | ris.main | ============================================================
2026-09-03 11:22:30,651 | INFO | ris.main | [OK] Global model ({config.MODEL_TYPE}) created
2026-09-03 11:22:30,651 | INFO | ris.main |   Total parameters: 621,313
2026-09-03 11:22:30,651 | INFO | ris.main |   Model size (FP32): 2427.00 KB
2026-09-03 11:22:30,651 | INFO | ris.main |   Model size (INT8 for FL comm): 606.75 KB
2026-09-03 11:22:30,651 | INFO | ris.main |   Expected comm per round: 19416.03 KB (= 621313 B x 2 x 16 tiles)
2026-09-03 11:22:30,651 | INFO | ris.main |   Expected total comm (20 rounds): 388320.62 KB = 379.22 MB
2026-09-03 11:22:32,130 | INFO | ris.main | [OK] Created {len(clients)} RIS tile clients
2026-09-03 11:22:32,130 | INFO | ris.main | 
Starting Federated Learning for 20 rounds...
2026-09-03 11:22:32,130 | INFO | ris.main | Local epochs per round: 1
2026-09-03 11:22:52,147 | INFO | ris.main | [Evaluation] Testing global model...
2026-09-03 11:22:53,523 | INFO | ris.main |   Test Loss: 3.245847
2026-09-03 11:22:53,523 | INFO | ris.main |   Phase Error: 1.5600 rad (89.38°)
2026-09-03 11:22:53,523 | INFO | ris.main |   SNR (Optimized): -13.68 dB
2026-09-03 11:22:53,523 | INFO | ris.main |   SNR Gain: 0.04 dB
2026-09-03 11:22:53,562 | INFO | ris.AdvancedExperiments | 
============================================================
2026-09-03 11:22:53,563 | INFO | ris.AdvancedExperiments | EXPERIMENT 2: RIS Quantization Levels
2026-09-03 11:22:53,564 | INFO | ris.AdvancedExperiments | ============================================================
2026-09-03 11:22:53,565 | INFO | ris.AdvancedExperiments | 
>>> Testing with 1-bit quantization...
2026-09-03 11:43:28,041 | INFO | ris.main | ============================================================
2026-09-03 11:43:28,042 | INFO | ris.main | BASELINE EVALUATION
2026-09-03 11:43:28,042 | INFO | ris.main | ============================================================
2026-09-03 11:43:28,042 | INFO | ris.main | Evaluating: No RIS (direct link)
2026-09-03 11:43:28,043 | INFO | ris.main |   SNR: -12.62 dB
2026-09-03 11:43:28,043 | INFO | ris.main |   Rate: 0.08 bps/Hz
2026-09-03 11:43:28,043 | INFO | ris.main | 
Evaluating: Random RIS
2026-09-03 11:43:28,046 | INFO | ris.main |   SNR: -12.62 dB
2026-09-03 11:43:28,047 | INFO | ris.main |   Rate: 0.08 bps/Hz
2026-09-03 11:43:28,047 | INFO | ris.main | 
Evaluating: Optimal (Genie-aided)
2026-09-03 11:43:28,050 | INFO | ris.main |   SNR: -11.92 dB
2026-09-03 11:43:28,051 | INFO | ris.main |   Rate: 0.09 bps/Hz
2026-09-03 11:43:28,051 | INFO | ris.main | ============================================================
2026-09-03 11:43:28,051 | INFO | ris.main | FEDERATED LEARNING TRAINING
2026-09-03 11:43:28,051 | INFO | ris.main | ============================================================
2026-09-03 11:43:28,051 | INFO | ris.main | ============================================================
2026-09-03 11:43:28,051 | INFO | ris.main | MODEL INITIALIZATION
2026-09-03 11:43:28,051 | INFO | ris.main | ============================================================
2026-09-03 11:43:28,061 | INFO | ris.main | [OK] Global model ({config.MODEL_TYPE}) created
2026-09-03 11:43:28,061 | INFO | ris.main |   Total parameters: 621,313
2026-09-03 11:43:28,061 | INFO | ris.main |   Model size (FP32): 2427.00 KB
2026-09-03 11:43:28,061 | INFO | ris.main |   Model size (INT8 for FL comm): 606.75 KB
2026-09-03 11:43:28,061 | INFO | ris.main |   Expected comm per round: 19416.03 KB (= 621313 B x 2 x 16 tiles)
2026-09-03 11:43:28,061 | INFO | ris.main |   Expected total comm (20 rounds): 388320.62 KB = 379.22 MB
2026-09-03 11:43:28,624 | INFO | ris.main | [OK] Created {len(clients)} RIS tile clients
2026-09-03 11:43:28,624 | INFO | ris.main | 
Starting Federated Learning for 20 rounds...
2026-09-03 11:43:28,624 | INFO | ris.main | Local epochs per round: 1
2026-09-03 11:43:48,495 | INFO | ris.main | [Evaluation] Testing global model...
2026-09-03 11:43:49,892 | INFO | ris.main |   Test Loss: 3.274014
2026-09-03 11:43:49,893 | INFO | ris.main |   Phase Error: 1.5618 rad (89.48°)
2026-09-03 11:43:49,893 | INFO | ris.main |   SNR (Optimized): -12.62 dB
2026-09-03 11:43:49,893 | INFO | ris.main |   SNR Gain: 0.00 dB
2026-09-03 11:43:49,904 | INFO | ris.AdvancedExperiments | 
============================================================
2026-09-03 11:43:49,904 | INFO | ris.AdvancedExperiments | EXPERIMENT 3: Model Compression
2026-09-03 11:43:49,904 | INFO | ris.AdvancedExperiments | ============================================================
2026-09-03 11:43:49,904 | INFO | ris.AdvancedExperiments | 
>>> Testing with FP32 compression...
2026-09-03 12:04:27,928 | INFO | ris.main | ============================================================
2026-09-03 12:04:27,928 | INFO | ris.main | BASELINE EVALUATION
2026-09-03 12:04:27,929 | INFO | ris.main | ============================================================
2026-09-03 12:04:27,929 | INFO | ris.main | Evaluating: No RIS (direct link)
2026-09-03 12:04:27,929 | INFO | ris.main |   SNR: -13.90 dB
2026-09-03 12:04:27,929 | INFO | ris.main |   Rate: 0.06 bps/Hz
2026-09-03 12:04:27,929 | INFO | ris.main | 
Evaluating: Random RIS
2026-09-03 12:04:27,932 | INFO | ris.main |   SNR: -13.89 dB
2026-09-03 12:04:27,932 | INFO | ris.main |   Rate: 0.06 bps/Hz
2026-09-03 12:04:27,932 | INFO | ris.main | 
Evaluating: Optimal (Genie-aided)
2026-09-03 12:04:27,934 | INFO | ris.main |   SNR: -13.28 dB
2026-09-03 12:04:27,934 | INFO | ris.main |   Rate: 0.07 bps/Hz
2026-09-03 12:04:27,934 | INFO | ris.main | ============================================================
2026-09-03 12:04:27,935 | INFO | ris.main | FEDERATED LEARNING TRAINING
2026-09-03 12:04:27,935 | INFO | ris.main | ============================================================
2026-09-03 12:04:27,935 | INFO | ris.main | ============================================================
2026-09-03 12:04:27,935 | INFO | ris.main | MODEL INITIALIZATION
2026-09-03 12:04:27,935 | INFO | ris.main | ============================================================
2026-09-03 12:04:27,943 | INFO | ris.main | [OK] Global model ({config.MODEL_TYPE}) created
2026-09-03 12:04:27,944 | INFO | ris.main |   Total parameters: 621,313
2026-09-03 12:04:27,944 | INFO | ris.main |   Model size (FP32): 2427.00 KB
2026-09-03 12:04:27,944 | INFO | ris.main |   Model size (INT8 for FL comm): 606.75 KB
2026-09-03 12:04:27,944 | INFO | ris.main |   Expected comm per round: 19416.03 KB (= 621313 B x 2 x 16 tiles)
2026-09-03 12:04:27,944 | INFO | ris.main |   Expected total comm (20 rounds): 388320.62 KB = 379.22 MB
2026-09-03 12:04:28,368 | INFO | ris.main | [OK] Created {len(clients)} RIS tile clients
2026-09-03 12:04:28,368 | INFO | ris.main | 
Starting Federated Learning for 20 rounds...
2026-09-03 12:04:28,368 | INFO | ris.main | Local epochs per round: 1
2026-09-03 12:04:48,280 | INFO | ris.main | [Evaluation] Testing global model...
2026-09-03 12:04:49,654 | INFO | ris.main |   Test Loss: 3.270818
2026-09-03 12:04:49,654 | INFO | ris.main |   Phase Error: 1.5717 rad (90.05°)
2026-09-03 12:04:49,654 | INFO | ris.main |   SNR (Optimized): -13.91 dB
2026-09-03 12:04:49,654 | INFO | ris.main |   SNR Gain: -0.01 dB
2026-09-03 12:04:49,659 | INFO | ris.AdvancedExperiments | 
============================================================
2026-09-03 12:04:49,659 | INFO | ris.AdvancedExperiments | EXPERIMENT 4: User Mobility
2026-09-03 12:04:49,659 | INFO | ris.AdvancedExperiments | ============================================================
2026-09-03 12:04:49,659 | INFO | ris.AdvancedExperiments | 
>>> Testing with Static mobility (0.0 m/s)...
2026-09-03 12:25:27,759 | INFO | ris.main | ============================================================
2026-09-03 12:25:27,760 | INFO | ris.main | BASELINE EVALUATION
2026-09-03 12:25:27,760 | INFO | ris.main | ============================================================
2026-09-03 12:25:27,760 | INFO | ris.main | Evaluating: No RIS (direct link)
2026-09-03 12:25:27,761 | INFO | ris.main |   SNR: -14.11 dB
2026-09-03 12:25:27,761 | INFO | ris.main |   Rate: 0.05 bps/Hz
2026-09-03 12:25:27,761 | INFO | ris.main | 
Evaluating: Random RIS
2026-09-03 12:25:27,763 | INFO | ris.main |   SNR: -14.12 dB
2026-09-03 12:25:27,763 | INFO | ris.main |   Rate: 0.05 bps/Hz
2026-09-03 12:25:27,763 | INFO | ris.main | 
Evaluating: Optimal (Genie-aided)
2026-09-03 12:25:27,767 | INFO | ris.main |   SNR: -13.40 dB
2026-09-03 12:25:27,767 | INFO | ris.main |   Rate: 0.06 bps/Hz
2026-09-03 12:25:27,767 | INFO | ris.main | ============================================================
2026-09-03 12:25:27,768 | INFO | ris.main | FEDERATED LEARNING TRAINING
2026-09-03 12:25:27,768 | INFO | ris.main | ============================================================
2026-09-03 12:25:27,768 | INFO | ris.main | ============================================================
2026-09-03 12:25:27,768 | INFO | ris.main | MODEL INITIALIZATION
2026-09-03 12:25:27,768 | INFO | ris.main | ============================================================
2026-09-03 12:25:27,777 | INFO | ris.main | [OK] Global model ({config.MODEL_TYPE}) created
2026-09-03 12:25:27,778 | INFO | ris.main |   Total parameters: 621,313
2026-09-03 12:25:27,778 | INFO | ris.main |   Model size (FP32): 2427.00 KB
2026-09-03 12:25:27,778 | INFO | ris.main |   Model size (INT8 for FL comm): 606.75 KB
2026-09-03 12:25:27,778 | INFO | ris.main |   Expected comm per round: 19416.03 KB (= 621313 B x 2 x 16 tiles)
2026-09-03 12:25:27,778 | INFO | ris.main |   Expected total comm (20 rounds): 388320.62 KB = 379.22 MB
2026-09-03 12:25:28,213 | INFO | ris.main | [OK] Created {len(clients)} RIS tile clients
2026-09-03 12:25:28,213 | INFO | ris.main | 
Starting Federated Learning for 20 rounds...
2026-09-03 12:25:28,213 | INFO | ris.main | Local epochs per round: 1
2026-09-03 12:25:48,680 | INFO | ris.main | [Evaluation] Testing global model...
2026-09-03 12:25:50,072 | INFO | ris.main |   Test Loss: 3.292838
2026-09-03 12:25:50,072 | INFO | ris.main |   Phase Error: 1.5713 rad (90.03°)
2026-09-03 12:25:50,072 | INFO | ris.main |   SNR (Optimized): -14.11 dB
2026-09-03 12:25:50,072 | INFO | ris.main |   SNR Gain: 0.00 dB
2026-09-03 12:25:50,078 | INFO | ris.AdvancedExperiments | 
============================================================
2026-09-03 12:25:50,079 | INFO | ris.AdvancedExperiments | EXPERIMENT 5: Non-IID Heterogeneity
2026-09-03 12:25:50,079 | INFO | ris.AdvancedExperiments | ============================================================
2026-09-03 12:46:31,390 | INFO | ris.main | ============================================================
2026-09-03 12:46:31,390 | INFO | ris.main | BASELINE EVALUATION
2026-09-03 12:46:31,392 | INFO | ris.main | ============================================================
2026-09-03 12:46:31,392 | INFO | ris.main | Evaluating: No RIS (direct link)
2026-09-03 12:46:31,392 | INFO | ris.main |   SNR: -13.32 dB
2026-09-03 12:46:31,393 | INFO | ris.main |   Rate: 0.07 bps/Hz
2026-09-03 12:46:31,393 | INFO | ris.main | 
Evaluating: Random RIS
2026-09-03 12:46:31,395 | INFO | ris.main |   SNR: -13.32 dB
2026-09-03 12:46:31,395 | INFO | ris.main |   Rate: 0.07 bps/Hz
2026-09-03 12:46:31,395 | INFO | ris.main | 
Evaluating: Optimal (Genie-aided)
2026-09-03 12:46:31,397 | INFO | ris.main |   SNR: -12.72 dB
2026-09-03 12:46:31,397 | INFO | ris.main |   Rate: 0.08 bps/Hz
2026-09-03 12:46:31,397 | INFO | ris.main | ============================================================
2026-09-03 12:46:31,398 | INFO | ris.main | FEDERATED LEARNING TRAINING
2026-09-03 12:46:31,398 | INFO | ris.main | ============================================================
2026-09-03 12:46:31,398 | INFO | ris.main | ============================================================
2026-09-03 12:46:31,398 | INFO | ris.main | MODEL INITIALIZATION
2026-09-03 12:46:31,398 | INFO | ris.main | ============================================================
2026-09-03 12:46:31,407 | INFO | ris.main | [OK] Global model ({config.MODEL_TYPE}) created
2026-09-03 12:46:31,407 | INFO | ris.main |   Total parameters: 621,313
2026-09-03 12:46:31,407 | INFO | ris.main |   Model size (FP32): 2427.00 KB
2026-09-03 12:46:31,407 | INFO | ris.main |   Model size (INT8 for FL comm): 606.75 KB
2026-09-03 12:46:31,407 | INFO | ris.main |   Expected comm per round: 19416.03 KB (= 621313 B x 2 x 16 tiles)
2026-09-03 12:46:31,408 | INFO | ris.main |   Expected total comm (20 rounds): 388320.62 KB = 379.22 MB
2026-09-03 12:46:31,833 | INFO | ris.main | [OK] Created {len(clients)} RIS tile clients
2026-09-03 12:46:31,833 | INFO | ris.main | 
Starting Federated Learning for 20 rounds...
2026-09-03 12:46:31,833 | INFO | ris.main | Local epochs per round: 1
2026-09-03 12:46:51,848 | INFO | ris.main | [Evaluation] Testing global model...
2026-09-03 12:46:53,236 | INFO | ris.main |   Test Loss: 3.259751
2026-09-03 12:46:53,236 | INFO | ris.main |   Phase Error: 1.5630 rad (89.55°)
2026-09-03 12:46:53,236 | INFO | ris.main |   SNR (Optimized): -13.32 dB
2026-09-03 12:46:53,237 | INFO | ris.main |   SNR Gain: 0.00 dB
2026-09-03 12:46:53,241 | INFO | ris.AdvancedExperiments | 
============================================================
2026-09-03 12:46:53,241 | INFO | ris.AdvancedExperiments | EXPERIMENT 6: Pilot Overhead
2026-09-03 12:46:53,241 | INFO | ris.AdvancedExperiments | ============================================================
2026-09-03 12:46:53,242 | INFO | ris.AdvancedExperiments | 
>>> Testing FL method (1 pilots/round)...
2026-09-03 13:08:19,178 | INFO | ris.main | ============================================================
2026-09-03 13:08:19,179 | INFO | ris.main | BASELINE EVALUATION
2026-09-03 13:08:19,179 | INFO | ris.main | ============================================================
2026-09-03 13:08:19,179 | INFO | ris.main | Evaluating: No RIS (direct link)
2026-09-03 13:08:19,180 | INFO | ris.main |   SNR: -13.22 dB
2026-09-03 13:08:19,180 | INFO | ris.main |   Rate: 0.07 bps/Hz
2026-09-03 13:08:19,181 | INFO | ris.main | 
Evaluating: Random RIS
2026-09-03 13:08:19,183 | INFO | ris.main |   SNR: -13.22 dB
2026-09-03 13:08:19,183 | INFO | ris.main |   Rate: 0.07 bps/Hz
2026-09-03 13:08:19,183 | INFO | ris.main | 
Evaluating: Optimal (Genie-aided)
2026-09-03 13:08:19,186 | INFO | ris.main |   SNR: -12.51 dB
2026-09-03 13:08:19,186 | INFO | ris.main |   Rate: 0.08 bps/Hz
2026-09-03 13:08:19,186 | INFO | ris.main | ============================================================
2026-09-03 13:08:19,186 | INFO | ris.main | FEDERATED LEARNING TRAINING
2026-09-03 13:08:19,187 | INFO | ris.main | ============================================================
2026-09-03 13:08:19,187 | INFO | ris.main | ============================================================
2026-09-03 13:08:19,187 | INFO | ris.main | MODEL INITIALIZATION
2026-09-03 13:08:19,187 | INFO | ris.main | ============================================================
2026-09-03 13:08:19,196 | INFO | ris.main | [OK] Global model ({config.MODEL_TYPE}) created
2026-09-03 13:08:19,196 | INFO | ris.main |   Total parameters: 621,313
2026-09-03 13:08:19,197 | INFO | ris.main |   Model size (FP32): 2427.00 KB
2026-09-03 13:08:19,197 | INFO | ris.main |   Model size (INT8 for FL comm): 606.75 KB
2026-09-03 13:08:19,197 | INFO | ris.main |   Expected comm per round: 19416.03 KB (= 621313 B x 2 x 16 tiles)
2026-09-03 13:08:19,197 | INFO | ris.main |   Expected total comm (20 rounds): 388320.62 KB = 379.22 MB
2026-09-03 13:08:19,618 | INFO | ris.main | [OK] Created {len(clients)} RIS tile clients
2026-09-03 13:08:19,618 | INFO | ris.main | 
Starting Federated Learning for 20 rounds...
2026-09-03 13:08:19,618 | INFO | ris.main | Local epochs per round: 1
2026-09-03 13:08:39,779 | INFO | ris.main | [Evaluation] Testing global model...
2026-09-03 13:08:41,152 | INFO | ris.main |   Test Loss: 3.271061
2026-09-03 13:08:41,153 | INFO | ris.main |   Phase Error: 1.5673 rad (89.80°)
2026-09-03 13:08:41,153 | INFO | ris.main |   SNR (Optimized): -13.26 dB
2026-09-03 13:08:41,154 | INFO | ris.main |   SNR Gain: -0.04 dB
2026-09-03 13:08:41,159 | INFO | ris.AdvancedExperiments | 
============================================================
2026-09-03 13:08:41,159 | INFO | ris.AdvancedExperiments | EXPERIMENT 7: NoC Traffic vs Power
2026-09-03 13:08:41,160 | INFO | ris.AdvancedExperiments | ============================================================
2026-09-03 13:08:41,160 | INFO | ris.AdvancedExperiments | 
>>> Testing with 2 tiles...
2026-09-03 13:12:24,802 | INFO | ris.main | ============================================================
2026-09-03 13:12:24,802 | INFO | ris.main | BASELINE EVALUATION
2026-09-03 13:12:24,803 | INFO | ris.main | ============================================================
2026-09-03 13:12:24,803 | INFO | ris.main | Evaluating: No RIS (direct link)
2026-09-03 13:12:24,803 | INFO | ris.main |   SNR: -13.94 dB
2026-09-03 13:12:24,804 | INFO | ris.main |   Rate: 0.06 bps/Hz
2026-09-03 13:12:24,804 | INFO | ris.main | 
Evaluating: Random RIS
2026-09-03 13:12:24,808 | INFO | ris.main |   SNR: -13.96 dB
2026-09-03 13:12:24,808 | INFO | ris.main |   Rate: 0.06 bps/Hz
2026-09-03 13:12:24,808 | INFO | ris.main | 
Evaluating: Optimal (Genie-aided)
2026-09-03 13:12:24,810 | INFO | ris.main |   SNR: -13.31 dB
2026-09-03 13:12:24,811 | INFO | ris.main |   Rate: 0.07 bps/Hz
2026-09-03 13:12:24,811 | INFO | ris.main | ============================================================
2026-09-03 13:12:24,811 | INFO | ris.main | FEDERATED LEARNING TRAINING
2026-09-03 13:12:24,811 | INFO | ris.main | ============================================================
2026-09-03 13:12:24,811 | INFO | ris.main | ============================================================
2026-09-03 13:12:24,811 | INFO | ris.main | MODEL INITIALIZATION
2026-09-03 13:12:24,811 | INFO | ris.main | ============================================================
2026-09-03 13:12:24,820 | INFO | ris.main | [OK] Global model ({config.MODEL_TYPE}) created
2026-09-03 13:12:24,820 | INFO | ris.main |   Total parameters: 621,313
2026-09-03 13:12:24,821 | INFO | ris.main |   Model size (FP32): 2427.00 KB
2026-09-03 13:12:24,821 | INFO | ris.main |   Model size (INT8 for FL comm): 606.75 KB
2026-09-03 13:12:24,821 | INFO | ris.main |   Expected comm per round: 2427.00 KB (= 621313 B x 2 x 2 tiles)
2026-09-03 13:12:24,821 | INFO | ris.main |   Expected total comm (20 rounds): 48540.08 KB = 47.40 MB
2026-09-03 13:12:24,890 | INFO | ris.main | [OK] Created {len(clients)} RIS tile clients
2026-09-03 13:12:24,890 | INFO | ris.main | 
Starting Federated Learning for 20 rounds...
2026-09-03 13:12:24,890 | INFO | ris.main | Local epochs per round: 1
2026-09-03 13:12:27,479 | INFO | ris.main | [Evaluation] Testing global model...
2026-09-03 13:12:28,864 | INFO | ris.main |   Test Loss: 3.269916
2026-09-03 13:12:28,865 | INFO | ris.main |   Phase Error: 1.5628 rad (89.54°)
2026-09-03 13:12:28,865 | INFO | ris.main |   SNR (Optimized): -14.02 dB
2026-09-03 13:12:28,865 | INFO | ris.main |   SNR Gain: -0.08 dB
2026-09-03 13:12:28,870 | INFO | ris.AdvancedExperiments | 
============================================================
2026-09-03 13:12:28,870 | INFO | ris.AdvancedExperiments | EXPERIMENT 8: FL vs Centralized vs Local
2026-09-03 13:12:28,870 | INFO | ris.AdvancedExperiments | ============================================================
2026-09-03 13:12:28,870 | INFO | ris.AdvancedExperiments | 
>>> Testing federated approach...
2026-09-03 13:16:09,592 | INFO | ris.main | ============================================================
2026-09-03 13:16:09,592 | INFO | ris.main | BASELINE EVALUATION
2026-09-03 13:16:09,592 | INFO | ris.main | ============================================================
2026-09-03 13:16:09,593 | INFO | ris.main | Evaluating: No RIS (direct link)
2026-09-03 13:16:09,593 | INFO | ris.main |   SNR: -14.04 dB
2026-09-03 13:16:09,593 | INFO | ris.main |   Rate: 0.06 bps/Hz
2026-09-03 13:16:09,593 | INFO | ris.main | 
Evaluating: Random RIS
2026-09-03 13:16:09,595 | INFO | ris.main |   SNR: -14.08 dB
2026-09-03 13:16:09,596 | INFO | ris.main |   Rate: 0.06 bps/Hz
2026-09-03 13:16:09,596 | INFO | ris.main | 
Evaluating: Optimal (Genie-aided)
2026-09-03 13:16:09,598 | INFO | ris.main |   SNR: -13.29 dB
2026-09-03 13:16:09,598 | INFO | ris.main |   Rate: 0.07 bps/Hz
2026-09-03 13:16:09,598 | INFO | ris.main | ============================================================
2026-09-03 13:16:09,598 | INFO | ris.main | FEDERATED LEARNING TRAINING
2026-09-03 13:16:09,598 | INFO | ris.main | ============================================================
2026-09-03 13:16:09,599 | INFO | ris.main | ============================================================
2026-09-03 13:16:09,599 | INFO | ris.main | MODEL INITIALIZATION
2026-09-03 13:16:09,599 | INFO | ris.main | ============================================================
2026-09-03 13:16:09,608 | INFO | ris.main | [OK] Global model ({config.MODEL_TYPE}) created
2026-09-03 13:16:09,608 | INFO | ris.main |   Total parameters: 621,313
2026-09-03 13:16:09,608 | INFO | ris.main |   Model size (FP32): 2427.00 KB
2026-09-03 13:16:09,608 | INFO | ris.main |   Model size (INT8 for FL comm): 606.75 KB
2026-09-03 13:16:09,608 | INFO | ris.main |   Expected comm per round: 2427.00 KB (= 621313 B x 2 x 2 tiles)
2026-09-03 13:16:09,608 | INFO | ris.main |   Expected total comm (20 rounds): 48540.08 KB = 47.40 MB
2026-09-03 13:16:09,678 | INFO | ris.main | [OK] Created {len(clients)} RIS tile clients
2026-09-03 13:16:09,679 | INFO | ris.main | 
Starting Federated Learning for 20 rounds...
2026-09-03 13:16:09,679 | INFO | ris.main | Local epochs per round: 1
2026-09-03 13:16:12,352 | INFO | ris.main | [Evaluation] Testing global model...
2026-09-03 13:16:13,736 | INFO | ris.main |   Test Loss: 3.348831
2026-09-03 13:16:13,736 | INFO | ris.main |   Phase Error: 1.5907 rad (91.14°)
2026-09-03 13:16:13,737 | INFO | ris.main |   SNR (Optimized): -14.04 dB
2026-09-03 13:16:13,737 | INFO | ris.main |   SNR Gain: -0.01 dB
2026-09-03 13:16:13,741 | INFO | ris.AdvancedExperiments | 
============================================================
2026-09-03 13:16:13,742 | INFO | ris.AdvancedExperiments | EXPERIMENT 9: Comprehensive Baseline Comparison
2026-09-03 13:16:13,742 | INFO | ris.AdvancedExperiments | ============================================================
2026-09-03 13:19:53,137 | INFO | ris.AdvancedExperiments | 
>>> Evaluating: No RIS (direct link only)...
2026-09-03 13:19:53,138 | INFO | ris.AdvancedExperiments |   SNR: -12.37 dB
2026-09-03 13:19:53,138 | INFO | ris.AdvancedExperiments | 
>>> Evaluating: Random RIS phases...
2026-09-03 13:19:53,140 | INFO | ris.AdvancedExperiments |   SNR: -12.39 dB
2026-09-03 13:19:53,140 | INFO | ris.AdvancedExperiments | 
>>> Evaluating: Random Search (1000 trials)...
2026-09-03 13:19:54,783 | INFO | ris.AdvancedExperiments |   SNR: -12.09 dB
2026-09-03 13:19:54,783 | INFO | ris.AdvancedExperiments | 
>>> Evaluating: Deep Reinforcement Learning (TD3)...
2026-09-03 13:19:54,841 | INFO | ris.AdvancedExperiments |   Training DRL agent...
2026-09-03 13:20:07,509 | INFO | ris.AdvancedExperiments |   SNR: -12.36 dB
2026-09-03 13:20:07,510 | INFO | ris.AdvancedExperiments | 
>>> Evaluating: Alternating Optimization...
2026-09-03 13:20:08,511 | INFO | ris.AdvancedExperiments |   SNR: -12.38 dB
2026-09-03 13:20:08,512 | INFO | ris.AdvancedExperiments |   Avg iterations: 2.0
2026-09-03 13:20:08,512 | INFO | ris.AdvancedExperiments | 
>>> Evaluating: Centralized Deep Learning...
2026-09-03 13:20:52,598 | INFO | ris.AdvancedExperiments |   SNR: -12.37 dB
2026-09-03 13:20:52,598 | INFO | ris.AdvancedExperiments |   Final Loss: 3.250558
2026-09-03 13:20:52,598 | INFO | ris.AdvancedExperiments | 
>>> Evaluating: Federated Learning (Ours)...
2026-09-03 13:24:32,717 | INFO | ris.main | ============================================================
2026-09-03 13:24:32,717 | INFO | ris.main | BASELINE EVALUATION
2026-09-03 13:24:32,717 | INFO | ris.main | ============================================================
2026-09-03 13:24:32,717 | INFO | ris.main | Evaluating: No RIS (direct link)
2026-09-03 13:24:32,719 | INFO | ris.main |   SNR: -14.28 dB
2026-09-03 13:24:32,719 | INFO | ris.main |   Rate: 0.05 bps/Hz
2026-09-03 13:24:32,719 | INFO | ris.main | 
Evaluating: Random RIS
2026-09-03 13:24:32,721 | INFO | ris.main |   SNR: -14.29 dB
2026-09-03 13:24:32,721 | INFO | ris.main |   Rate: 0.05 bps/Hz
2026-09-03 13:24:32,721 | INFO | ris.main | 
Evaluating: Optimal (Genie-aided)
2026-09-03 13:24:32,723 | INFO | ris.main |   SNR: -13.45 dB
2026-09-03 13:24:32,724 | INFO | ris.main |   Rate: 0.06 bps/Hz
2026-09-03 13:24:32,724 | INFO | ris.main | ============================================================
2026-09-03 13:24:32,724 | INFO | ris.main | FEDERATED LEARNING TRAINING
2026-09-03 13:24:32,724 | INFO | ris.main | ============================================================
2026-09-03 13:24:32,724 | INFO | ris.main | ============================================================
2026-09-03 13:24:32,724 | INFO | ris.main | MODEL INITIALIZATION
2026-09-03 13:24:32,724 | INFO | ris.main | ============================================================
2026-09-03 13:24:32,734 | INFO | ris.main | [OK] Global model ({config.MODEL_TYPE}) created
2026-09-03 13:24:32,735 | INFO | ris.main |   Total parameters: 621,313
2026-09-03 13:24:32,736 | INFO | ris.main |   Model size (FP32): 2427.00 KB
2026-09-03 13:24:32,736 | INFO | ris.main |   Model size (INT8 for FL comm): 606.75 KB
2026-09-03 13:24:32,736 | INFO | ris.main |   Expected comm per round: 2427.00 KB (= 621313 B x 2 x 2 tiles)
2026-09-03 13:24:32,736 | INFO | ris.main |   Expected total comm (20 rounds): 48540.08 KB = 47.40 MB
2026-09-03 13:24:32,806 | INFO | ris.main | [OK] Created {len(clients)} RIS tile clients
2026-09-03 13:24:32,806 | INFO | ris.main | 
Starting Federated Learning for 20 rounds...
2026-09-03 13:24:32,806 | INFO | ris.main | Local epochs per round: 1
2026-09-03 13:24:35,424 | INFO | ris.main | [Evaluation] Testing global model...
2026-09-03 13:24:36,813 | INFO | ris.main |   Test Loss: 3.307337
2026-09-03 13:24:36,813 | INFO | ris.main |   Phase Error: 1.5763 rad (90.32°)
2026-09-03 13:24:36,813 | INFO | ris.main |   SNR (Optimized): -14.23 dB
2026-09-03 13:24:36,813 | INFO | ris.main |   SNR Gain: 0.05 dB
2026-09-03 13:24:36,836 | INFO | ris.AdvancedExperiments | 
============================================================
2026-09-03 13:24:36,836 | INFO | ris.AdvancedExperiments | EXPERIMENT 10: Multi-User MIMO Comparison
2026-09-03 13:24:36,836 | INFO | ris.AdvancedExperiments | ============================================================
2026-09-03 13:24:36,837 | INFO | ris.AdvancedExperiments | 
>>> Testing with 1 simultaneous users...
2026-09-03 13:24:50,216 | INFO | ris.AdvancedExperiments |   Running FL training for 1 users...
2026-09-03 13:25:30,310 | INFO | ris.main | ============================================================
2026-09-03 13:25:30,310 | INFO | ris.main | BASELINE EVALUATION
2026-09-03 13:25:30,310 | INFO | ris.main | ============================================================
2026-09-03 13:25:30,310 | INFO | ris.main | Evaluating: No RIS (direct link)
2026-09-03 13:25:30,311 | INFO | ris.main |   SNR: -13.55 dB
2026-09-03 13:25:30,311 | INFO | ris.main |   Rate: 0.06 bps/Hz
2026-09-03 13:25:30,311 | INFO | ris.main | 
Evaluating: Random RIS
2026-09-03 13:25:30,315 | INFO | ris.main |   SNR: -13.54 dB
2026-09-03 13:25:30,315 | INFO | ris.main |   Rate: 0.06 bps/Hz
2026-09-03 13:25:30,315 | INFO | ris.main | 
Evaluating: Optimal (Genie-aided)
2026-09-03 13:25:30,318 | INFO | ris.main |   SNR: -12.76 dB
2026-09-03 13:25:30,318 | INFO | ris.main |   Rate: 0.07 bps/Hz
2026-09-03 13:25:30,318 | INFO | ris.main | ============================================================
2026-09-03 13:25:30,318 | INFO | ris.main | FEDERATED LEARNING TRAINING
2026-09-03 13:25:30,318 | INFO | ris.main | ============================================================
2026-09-03 13:25:30,318 | INFO | ris.main | ============================================================
2026-09-03 13:25:30,318 | INFO | ris.main | MODEL INITIALIZATION
2026-09-03 13:25:30,318 | INFO | ris.main | ============================================================
2026-09-03 13:25:30,327 | INFO | ris.main | [OK] Global model ({config.MODEL_TYPE}) created
2026-09-03 13:25:30,327 | INFO | ris.main |   Total parameters: 314,881
2026-09-03 13:25:30,327 | INFO | ris.main |   Model size (FP32): 1230.00 KB
2026-09-03 13:25:30,328 | INFO | ris.main |   Model size (INT8 for FL comm): 307.50 KB
2026-09-03 13:25:30,328 | INFO | ris.main |   Expected comm per round: 1230.00 KB (= 314881 B x 2 x 2 tiles)
2026-09-03 13:25:30,328 | INFO | ris.main |   Expected total comm (20 rounds): 24600.08 KB = 24.02 MB
2026-09-03 13:25:30,379 | INFO | ris.main | [OK] Created {len(clients)} RIS tile clients
2026-09-03 13:25:30,379 | INFO | ris.main | 
Starting Federated Learning for 20 rounds...
2026-09-03 13:25:30,379 | INFO | ris.main | Local epochs per round: 1
2026-09-03 13:25:32,984 | INFO | ris.main | [Evaluation] Testing global model...
2026-09-03 13:25:34,362 | INFO | ris.main |   Test Loss: 3.264709
2026-09-03 13:25:34,363 | INFO | ris.main |   Phase Error: 1.5639 rad (89.60°)
2026-09-03 13:25:34,363 | INFO | ris.main |   SNR (Optimized): -13.59 dB
2026-09-03 13:25:34,363 | INFO | ris.main |   SNR Gain: -0.04 dB
2026-09-03 13:25:34,368 | INFO | ris.AdvancedExperiments | 
============================================================
2026-09-03 13:25:34,368 | INFO | ris.AdvancedExperiments | EXPERIMENT 11: FL Algorithms Comparison
2026-09-03 13:25:34,368 | INFO | ris.AdvancedExperiments | ============================================================
2026-09-03 13:25:34,368 | INFO | ris.AdvancedExperiments | 
>>> Testing FedAvg...
2026-09-03 13:29:14,244 | INFO | ris.main | ============================================================
2026-09-03 13:29:14,244 | INFO | ris.main | BASELINE EVALUATION
2026-09-03 13:29:14,244 | INFO | ris.main | ============================================================
2026-09-03 13:29:14,245 | INFO | ris.main | Evaluating: No RIS (direct link)
2026-09-03 13:29:14,245 | INFO | ris.main |   SNR: -11.89 dB
2026-09-03 13:29:14,245 | INFO | ris.main |   Rate: 0.09 bps/Hz
2026-09-03 13:29:14,245 | INFO | ris.main | 
Evaluating: Random RIS
2026-09-03 13:29:14,248 | INFO | ris.main |   SNR: -11.87 dB
2026-09-03 13:29:14,248 | INFO | ris.main |   Rate: 0.09 bps/Hz
2026-09-03 13:29:14,248 | INFO | ris.main | 
Evaluating: Optimal (Genie-aided)
2026-09-03 13:29:14,251 | INFO | ris.main |   SNR: -11.34 dB
2026-09-03 13:29:14,251 | INFO | ris.main |   Rate: 0.10 bps/Hz
2026-09-03 13:29:14,252 | INFO | ris.main | ============================================================
2026-09-03 13:29:14,252 | INFO | ris.main | FEDERATED LEARNING TRAINING
2026-09-03 13:29:14,252 | INFO | ris.main | ============================================================
2026-09-03 13:29:14,252 | INFO | ris.main | ============================================================
2026-09-03 13:29:14,252 | INFO | ris.main | MODEL INITIALIZATION
2026-09-03 13:29:14,252 | INFO | ris.main | ============================================================
2026-09-03 13:29:14,262 | INFO | ris.main | [OK] Global model ({config.MODEL_TYPE}) created
2026-09-03 13:29:14,262 | INFO | ris.main |   Total parameters: 621,313
2026-09-03 13:29:14,262 | INFO | ris.main |   Model size (FP32): 2427.00 KB
2026-09-03 13:29:14,262 | INFO | ris.main |   Model size (INT8 for FL comm): 606.75 KB
2026-09-03 13:29:14,262 | INFO | ris.main |   Expected comm per round: 2427.00 KB (= 621313 B x 2 x 2 tiles)
2026-09-03 13:29:14,263 | INFO | ris.main |   Expected total comm (20 rounds): 48540.08 KB = 47.40 MB
2026-09-03 13:29:14,341 | INFO | ris.main | [OK] Created {len(clients)} RIS tile clients
2026-09-03 13:29:14,341 | INFO | ris.main | 
Starting Federated Learning for 20 rounds...
2026-09-03 13:29:14,341 | INFO | ris.main | Local epochs per round: 1
2026-09-03 13:29:16,923 | INFO | ris.main | [Evaluation] Testing global model...
2026-09-03 13:29:18,306 | INFO | ris.main |   Test Loss: 3.259713
2026-09-03 13:29:18,306 | INFO | ris.main |   Phase Error: 1.5609 rad (89.43°)
2026-09-03 13:29:18,306 | INFO | ris.main |   SNR (Optimized): -11.84 dB
2026-09-03 13:29:18,307 | INFO | ris.main |   SNR Gain: 0.05 dB
2026-09-03 13:29:18,319 | INFO | ris.AdvancedExperiments | 
============================================================
2026-09-03 13:29:18,319 | INFO | ris.AdvancedExperiments | EXPERIMENT 12: Model Architectures Comparison
2026-09-03 13:29:18,319 | INFO | ris.AdvancedExperiments | ============================================================
2026-09-03 13:29:18,319 | INFO | ris.AdvancedExperiments | 
>>> Testing MLP architecture...
2026-09-03 13:32:57,875 | INFO | ris.main | ============================================================
2026-09-03 13:32:57,875 | INFO | ris.main | BASELINE EVALUATION
2026-09-03 13:32:57,875 | INFO | ris.main | ============================================================
2026-09-03 13:32:57,875 | INFO | ris.main | Evaluating: No RIS (direct link)
2026-09-03 13:32:57,876 | INFO | ris.main |   SNR: -12.90 dB
2026-09-03 13:32:57,876 | INFO | ris.main |   Rate: 0.07 bps/Hz
2026-09-03 13:32:57,876 | INFO | ris.main | 
Evaluating: Random RIS
2026-09-03 13:32:57,878 | INFO | ris.main |   SNR: -12.94 dB
2026-09-03 13:32:57,878 | INFO | ris.main |   Rate: 0.07 bps/Hz
2026-09-03 13:32:57,878 | INFO | ris.main | 
Evaluating: Optimal (Genie-aided)
2026-09-03 13:32:57,881 | INFO | ris.main |   SNR: -12.32 dB
2026-09-03 13:32:57,881 | INFO | ris.main |   Rate: 0.08 bps/Hz
2026-09-03 13:32:57,881 | INFO | ris.main | ============================================================
2026-09-03 13:32:57,881 | INFO | ris.main | FEDERATED LEARNING TRAINING
2026-09-03 13:32:57,881 | INFO | ris.main | ============================================================
2026-09-03 13:32:57,882 | INFO | ris.main | ============================================================
2026-09-03 13:32:57,882 | INFO | ris.main | MODEL INITIALIZATION
2026-09-03 13:32:57,882 | INFO | ris.main | ============================================================
2026-09-03 13:32:57,884 | INFO | ris.main | [OK] Global model ({config.MODEL_TYPE}) created
2026-09-03 13:32:57,885 | INFO | ris.main |   Total parameters: 488,768
2026-09-03 13:32:57,885 | INFO | ris.main |   Model size (FP32): 1909.25 KB
2026-09-03 13:32:57,885 | INFO | ris.main |   Model size (INT8 for FL comm): 477.31 KB
2026-09-03 13:32:57,885 | INFO | ris.main |   Expected comm per round: 1909.25 KB (= 488768 B x 2 x 2 tiles)
2026-09-03 13:32:57,885 | INFO | ris.main |   Expected total comm (20 rounds): 38185.00 KB = 37.29 MB
2026-09-03 13:32:57,930 | INFO | ris.main | [OK] Created {len(clients)} RIS tile clients
2026-09-03 13:32:57,930 | INFO | ris.main | 
Starting Federated Learning for 20 rounds...
2026-09-03 13:32:57,930 | INFO | ris.main | Local epochs per round: 1
2026-09-03 13:32:58,415 | INFO | ris.main | [Evaluation] Testing global model...
2026-09-03 13:32:58,597 | INFO | ris.main |   Test Loss: 3.294607
2026-09-03 13:32:58,598 | INFO | ris.main |   Phase Error: 1.5756 rad (90.27°)
2026-09-03 13:32:58,598 | INFO | ris.main |   SNR (Optimized): -12.87 dB
2026-09-03 13:32:58,598 | INFO | ris.main |   SNR Gain: 0.03 dB
2026-09-03 13:32:58,598 | INFO | ris.AdvancedExperiments |   Failed MLP: Parent directory models/saved does not exist.
2026-09-03 13:32:58,601 | INFO | ris.AdvancedExperiments | 
>>> Testing GNN architecture...
2026-09-03 13:36:38,405 | INFO | ris.main | ============================================================
2026-09-03 13:36:38,405 | INFO | ris.main | BASELINE EVALUATION
2026-09-03 13:36:38,406 | INFO | ris.main | ============================================================
2026-09-03 13:36:38,406 | INFO | ris.main | Evaluating: No RIS (direct link)
2026-09-03 13:36:38,406 | INFO | ris.main |   SNR: -14.29 dB
2026-09-03 13:36:38,406 | INFO | ris.main |   Rate: 0.05 bps/Hz
2026-09-03 13:36:38,407 | INFO | ris.main | 
Evaluating: Random RIS
2026-09-03 13:36:38,409 | INFO | ris.main |   SNR: -14.27 dB
2026-09-03 13:36:38,409 | INFO | ris.main |   Rate: 0.05 bps/Hz
2026-09-03 13:36:38,409 | INFO | ris.main | 
Evaluating: Optimal (Genie-aided)
2026-09-03 13:36:38,411 | INFO | ris.main |   SNR: -13.53 dB
2026-09-03 13:36:38,412 | INFO | ris.main |   Rate: 0.06 bps/Hz
2026-09-03 13:36:38,412 | INFO | ris.main | ============================================================
2026-09-03 13:36:38,412 | INFO | ris.main | FEDERATED LEARNING TRAINING
2026-09-03 13:36:38,412 | INFO | ris.main | ============================================================
2026-09-03 13:36:38,412 | INFO | ris.main | ============================================================
2026-09-03 13:36:38,412 | INFO | ris.main | MODEL INITIALIZATION
2026-09-03 13:36:38,412 | INFO | ris.main | ============================================================
2026-09-03 13:36:38,421 | INFO | ris.main | [OK] Global model ({config.MODEL_TYPE}) created
2026-09-03 13:36:38,421 | INFO | ris.main |   Total parameters: 621,313
2026-09-03 13:36:38,421 | INFO | ris.main |   Model size (FP32): 2427.00 KB
2026-09-03 13:36:38,421 | INFO | ris.main |   Model size (INT8 for FL comm): 606.75 KB
2026-09-03 13:36:38,421 | INFO | ris.main |   Expected comm per round: 2427.00 KB (= 621313 B x 2 x 2 tiles)
2026-09-03 13:36:38,421 | INFO | ris.main |   Expected total comm (20 rounds): 48540.08 KB = 47.40 MB
2026-09-03 13:36:38,494 | INFO | ris.main | [OK] Created {len(clients)} RIS tile clients
2026-09-03 13:36:38,494 | INFO | ris.main | 
Starting Federated Learning for 20 rounds...
2026-09-03 13:36:38,494 | INFO | ris.main | Local epochs per round: 1
2026-09-03 13:36:41,525 | INFO | ris.main | [Evaluation] Testing global model...
2026-09-03 13:36:42,906 | INFO | ris.main |   Test Loss: 3.311310
2026-09-03 13:36:42,906 | INFO | ris.main |   Phase Error: 1.5759 rad (90.29°)
2026-09-03 13:36:42,907 | INFO | ris.main |   SNR (Optimized): -14.25 dB
2026-09-03 13:36:42,907 | INFO | ris.main |   SNR Gain: 0.03 dB
2026-09-03 13:36:42,907 | INFO | ris.AdvancedExperiments |   Failed GNN: Parent directory models/saved does not exist.
2026-09-03 13:36:42,916 | INFO | ris.AdvancedExperiments | 
>>> Testing CNN_Attention architecture...
2026-09-03 13:40:21,909 | INFO | ris.main | ============================================================
2026-09-03 13:40:21,910 | INFO | ris.main | BASELINE EVALUATION
2026-09-03 13:40:21,910 | INFO | ris.main | ============================================================
2026-09-03 13:40:21,910 | INFO | ris.main | Evaluating: No RIS (direct link)
2026-09-03 13:40:21,910 | INFO | ris.main |   SNR: -14.28 dB
2026-09-03 13:40:21,911 | INFO | ris.main |   Rate: 0.05 bps/Hz
2026-09-03 13:40:21,911 | INFO | ris.main | 
Evaluating: Random RIS
2026-09-03 13:40:21,913 | INFO | ris.main |   SNR: -14.32 dB
2026-09-03 13:40:21,913 | INFO | ris.main |   Rate: 0.05 bps/Hz
2026-09-03 13:40:21,913 | INFO | ris.main | 
Evaluating: Optimal (Genie-aided)
2026-09-03 13:40:21,916 | INFO | ris.main |   SNR: -13.56 dB
2026-09-03 13:40:21,916 | INFO | ris.main |   Rate: 0.06 bps/Hz
2026-09-03 13:40:21,916 | INFO | ris.main | ============================================================
2026-09-03 13:40:21,916 | INFO | ris.main | FEDERATED LEARNING TRAINING
2026-09-03 13:40:21,916 | INFO | ris.main | ============================================================
2026-09-03 13:40:21,916 | INFO | ris.main | ============================================================
2026-09-03 13:40:21,916 | INFO | ris.main | MODEL INITIALIZATION
2026-09-03 13:40:21,916 | INFO | ris.main | ============================================================
2026-09-03 13:40:21,920 | INFO | ris.main | [OK] Global model ({config.MODEL_TYPE}) created
2026-09-03 13:40:21,920 | INFO | ris.main |   Total parameters: 436,481
2026-09-03 13:40:21,920 | INFO | ris.main |   Model size (FP32): 1705.00 KB
2026-09-03 13:40:21,920 | INFO | ris.main |   Model size (INT8 for FL comm): 426.25 KB
2026-09-03 13:40:21,920 | INFO | ris.main |   Expected comm per round: 1705.00 KB (= 436481 B x 2 x 2 tiles)
2026-09-03 13:40:21,920 | INFO | ris.main |   Expected total comm (20 rounds): 34100.08 KB = 33.30 MB
2026-09-03 13:40:21,961 | INFO | ris.main | [OK] Created {len(clients)} RIS tile clients
2026-09-03 13:40:21,962 | INFO | ris.main | 
Starting Federated Learning for 20 rounds...
2026-09-03 13:40:21,962 | INFO | ris.main | Local epochs per round: 1
2026-09-03 13:40:22,879 | INFO | ris.main | [Evaluation] Testing global model...
2026-09-03 13:40:23,167 | INFO | ris.main |   Test Loss: 3.264773
2026-09-03 13:40:23,167 | INFO | ris.main |   Phase Error: 1.5654 rad (89.69°)
2026-09-03 13:40:23,167 | INFO | ris.main |   SNR (Optimized): -14.36 dB
2026-09-03 13:40:23,167 | INFO | ris.main |   SNR Gain: -0.08 dB
2026-09-03 13:40:23,168 | INFO | ris.AdvancedExperiments |   Failed CNN_Attention: Parent directory models/saved does not exist.
2026-09-03 13:40:23,171 | INFO | ris.AdvancedExperiments | 
>>> Testing Transformer architecture...
2026-09-03 13:44:02,285 | INFO | ris.main | ============================================================
2026-09-03 13:44:02,285 | INFO | ris.main | BASELINE EVALUATION
2026-09-03 13:44:02,286 | INFO | ris.main | ============================================================
2026-09-03 13:44:02,286 | INFO | ris.main | Evaluating: No RIS (direct link)
2026-09-03 13:44:02,286 | INFO | ris.main |   SNR: -13.48 dB
2026-09-03 13:44:02,286 | INFO | ris.main |   Rate: 0.06 bps/Hz
2026-09-03 13:44:02,286 | INFO | ris.main | 
Evaluating: Random RIS
2026-09-03 13:44:02,288 | INFO | ris.main |   SNR: -13.48 dB
2026-09-03 13:44:02,289 | INFO | ris.main |   Rate: 0.06 bps/Hz
2026-09-03 13:44:02,289 | INFO | ris.main | 
Evaluating: Optimal (Genie-aided)
2026-09-03 13:44:02,291 | INFO | ris.main |   SNR: -12.68 dB
2026-09-03 13:44:02,291 | INFO | ris.main |   Rate: 0.08 bps/Hz
2026-09-03 13:44:02,291 | INFO | ris.main | ============================================================
2026-09-03 13:44:02,291 | INFO | ris.main | FEDERATED LEARNING TRAINING
2026-09-03 13:44:02,291 | INFO | ris.main | ============================================================
2026-09-03 13:44:02,291 | INFO | ris.main | ============================================================
2026-09-03 13:44:02,292 | INFO | ris.main | MODEL INITIALIZATION
2026-09-03 13:44:02,292 | INFO | ris.main | ============================================================
2026-09-03 13:44:02,306 | INFO | ris.main | [OK] Global model ({config.MODEL_TYPE}) created
2026-09-03 13:44:02,306 | INFO | ris.main |   Total parameters: 2,531,585
2026-09-03 13:44:02,307 | INFO | ris.main |   Model size (FP32): 9889.00 KB
2026-09-03 13:44:02,307 | INFO | ris.main |   Model size (INT8 for FL comm): 2472.25 KB
2026-09-03 13:44:02,307 | INFO | ris.main |   Expected comm per round: 9889.00 KB (= 2531585 B x 2 x 2 tiles)
2026-09-03 13:44:02,307 | INFO | ris.main |   Expected total comm (20 rounds): 197780.08 KB = 193.14 MB
2026-09-03 13:44:02,521 | INFO | ris.main | [OK] Created {len(clients)} RIS tile clients
2026-09-03 13:44:02,521 | INFO | ris.main | 
Starting Federated Learning for 20 rounds...
2026-09-03 13:44:02,522 | INFO | ris.main | Local epochs per round: 1
2026-09-03 13:44:04,026 | INFO | ris.main | [Evaluation] Testing global model...
2026-09-03 13:44:04,424 | INFO | ris.main |   Test Loss: 3.340638
2026-09-03 13:44:04,424 | INFO | ris.main |   Phase Error: 1.5801 rad (90.53°)
2026-09-03 13:44:04,424 | INFO | ris.main |   SNR (Optimized): -13.46 dB
2026-09-03 13:44:04,425 | INFO | ris.main |   SNR Gain: 0.02 dB
2026-09-03 13:44:04,425 | INFO | ris.AdvancedExperiments |   Failed Transformer: Parent directory models/saved does not exist.
2026-09-03 13:44:04,430 | INFO | ris.AdvancedExperiments | 
[OK] Results saved to results/advanced_experiments\model_architectures_results.json
2026-09-03 13:44:05,669 | INFO | ris.AdvancedExperiments | 
============================================================
2026-09-03 13:44:05,669 | INFO | ris.AdvancedExperiments | EXPERIMENT 13: CSI Robustness
2026-09-03 13:44:05,669 | INFO | ris.AdvancedExperiments | ============================================================
2026-09-03 13:44:05,669 | INFO | ris.AdvancedExperiments | 
>>> Testing CSI Variance = 0.0...
2026-09-03 13:47:46,168 | INFO | ris.main | ============================================================
2026-09-03 13:47:46,169 | INFO | ris.main | BASELINE EVALUATION
2026-09-03 13:47:46,169 | INFO | ris.main | ============================================================
2026-09-03 13:47:46,169 | INFO | ris.main | Evaluating: No RIS (direct link)
2026-09-03 13:47:46,169 | INFO | ris.main |   SNR: -12.09 dB
2026-09-03 13:47:46,169 | INFO | ris.main |   Rate: 0.09 bps/Hz
2026-09-03 13:47:46,170 | INFO | ris.main | 
Evaluating: Random RIS
2026-09-03 13:47:46,172 | INFO | ris.main |   SNR: -12.10 dB
2026-09-03 13:47:46,172 | INFO | ris.main |   Rate: 0.09 bps/Hz
2026-09-03 13:47:46,172 | INFO | ris.main | 
Evaluating: Optimal (Genie-aided)
2026-09-03 13:47:46,174 | INFO | ris.main |   SNR: -11.43 dB
2026-09-03 13:47:46,174 | INFO | ris.main |   Rate: 0.10 bps/Hz
2026-09-03 13:47:46,174 | INFO | ris.main | ============================================================
2026-09-03 13:47:46,174 | INFO | ris.main | FEDERATED LEARNING TRAINING
2026-09-03 13:47:46,174 | INFO | ris.main | ============================================================
2026-09-03 13:47:46,175 | INFO | ris.main | ============================================================
2026-09-03 13:47:46,175 | INFO | ris.main | MODEL INITIALIZATION
2026-09-03 13:47:46,175 | INFO | ris.main | ============================================================
2026-09-03 13:47:46,184 | INFO | ris.main | [OK] Global model ({config.MODEL_TYPE}) created
2026-09-03 13:47:46,185 | INFO | ris.main |   Total parameters: 621,313
2026-09-03 13:47:46,185 | INFO | ris.main |   Model size (FP32): 2427.00 KB
2026-09-03 13:47:46,185 | INFO | ris.main |   Model size (INT8 for FL comm): 606.75 KB
2026-09-03 13:47:46,185 | INFO | ris.main |   Expected comm per round: 2427.00 KB (= 621313 B x 2 x 2 tiles)
2026-09-03 13:47:46,185 | INFO | ris.main |   Expected total comm (20 rounds): 48540.08 KB = 47.40 MB
2026-09-03 13:47:46,255 | INFO | ris.main | [OK] Created {len(clients)} RIS tile clients
2026-09-03 13:47:46,256 | INFO | ris.main | 
Starting Federated Learning for 20 rounds...
2026-09-03 13:47:46,256 | INFO | ris.main | Local epochs per round: 1
2026-09-03 13:47:48,948 | INFO | ris.main | [Evaluation] Testing global model...
2026-09-03 13:47:50,356 | INFO | ris.main |   Test Loss: 3.331393
2026-09-03 13:47:50,356 | INFO | ris.main |   Phase Error: 1.5859 rad (90.87°)
2026-09-03 13:47:50,356 | INFO | ris.main |   SNR (Optimized): -12.05 dB
2026-09-03 13:47:50,356 | INFO | ris.main |   SNR Gain: 0.04 dB
2026-09-03 13:47:50,361 | INFO | ris.AdvancedExperiments | 
============================================================
2026-09-03 13:47:50,361 | INFO | ris.AdvancedExperiments | EXPERIMENT 14: NoC Topology Comparison
2026-09-03 13:47:50,361 | INFO | ris.AdvancedExperiments | ============================================================
2026-09-03 13:47:50,630 | INFO | ris.AdvancedExperiments | 
>>> Testing Mesh topology...
2026-09-03 13:47:50,630 | INFO | ris.AdvancedExperiments |   Latency: 2097.27 us
2026-09-03 13:47:50,630 | INFO | ris.AdvancedExperiments |   Energy: 221.18 nJ
2026-09-03 13:47:50,630 | INFO | ris.AdvancedExperiments |   Diameter: 1
2026-09-03 13:47:50,631 | INFO | ris.AdvancedExperiments | 
>>> Testing Torus topology...
2026-09-03 13:47:50,631 | INFO | ris.AdvancedExperiments |   Latency: 2097.27 us
2026-09-03 13:47:50,632 | INFO | ris.AdvancedExperiments |   Energy: 221.18 nJ
2026-09-03 13:47:50,633 | INFO | ris.AdvancedExperiments |   Diameter: 1
2026-09-03 13:47:50,633 | INFO | ris.AdvancedExperiments | 
>>> Testing FoldedTorus topology...
2026-09-03 13:47:50,634 | INFO | ris.AdvancedExperiments |   Latency: 2097.27 us
2026-09-03 13:47:50,634 | INFO | ris.AdvancedExperiments |   Energy: 221.18 nJ
2026-09-03 13:47:50,635 | INFO | ris.AdvancedExperiments |   Diameter: 2
2026-09-03 13:47:50,635 | INFO | ris.AdvancedExperiments | 
>>> Testing Tree topology...
2026-09-03 13:47:50,636 | INFO | ris.AdvancedExperiments |   Latency: 2097.27 us
2026-09-03 13:47:50,637 | INFO | ris.AdvancedExperiments |   Energy: 221.18 nJ
2026-09-03 13:47:50,637 | INFO | ris.AdvancedExperiments |   Diameter: 2
2026-09-03 13:47:50,638 | INFO | ris.AdvancedExperiments | 
>>> Testing Butterfly topology...
2026-09-03 13:47:50,638 | INFO | ris.AdvancedExperiments |   Latency: 2097.27 us
2026-09-03 13:47:50,638 | INFO | ris.AdvancedExperiments |   Energy: 221.18 nJ
2026-09-03 13:47:50,638 | INFO | ris.AdvancedExperiments |   Diameter: 1
2026-09-03 13:47:50,639 | INFO | ris.AdvancedExperiments | 
>>> Testing Ring topology...
2026-09-03 13:47:50,639 | INFO | ris.AdvancedExperiments |   Latency: 2097.27 us
2026-09-03 13:47:50,639 | INFO | ris.AdvancedExperiments |   Energy: 221.18 nJ
2026-09-03 13:47:50,639 | INFO | ris.AdvancedExperiments |   Diameter: 1
2026-09-03 13:47:50,640 | INFO | ris.AdvancedExperiments | 
[OK] Results saved to results/advanced_experiments\topology_comparison_results.json
2026-09-03 13:47:52,180 | INFO | ris.AdvancedExperiments | 
============================================================
2026-09-03 13:47:52,181 | INFO | ris.AdvancedExperiments | EXPERIMENT 15: Communication Protocol Comparison
2026-09-03 13:47:52,181 | INFO | ris.AdvancedExperiments | ============================================================
2026-09-03 13:47:52,181 | INFO | ris.AdvancedExperiments | 
>>> Mesh + ParameterServer...
2026-09-03 13:47:52,181 | INFO | ris.AdvancedExperiments |   Total bytes: 2,621,440
2026-09-03 13:47:52,181 | INFO | ris.AdvancedExperiments |   Latency: 2097.27 us
2026-09-03 13:47:52,181 | INFO | ris.AdvancedExperiments |   Energy: 221.18 nJ
2026-09-03 13:47:52,181 | INFO | ris.AdvancedExperiments | 
>>> Mesh + AllReduce...
2026-09-03 13:47:52,181 | INFO | ris.AdvancedExperiments |   Total bytes: 2,621,440
2026-09-03 13:47:52,181 | INFO | ris.AdvancedExperiments |   Latency: 2097.27 us
2026-09-03 13:47:52,182 | INFO | ris.AdvancedExperiments |   Energy: 221.18 nJ
2026-09-03 13:47:52,182 | INFO | ris.AdvancedExperiments | 
>>> Mesh + RingAllReduce...
2026-09-03 13:47:52,182 | INFO | ris.AdvancedExperiments |   Total bytes: 2,621,440
2026-09-03 13:47:52,182 | INFO | ris.AdvancedExperiments |   Latency: 1048.70 us
2026-09-03 13:47:52,182 | INFO | ris.AdvancedExperiments |   Energy: 221.18 nJ
2026-09-03 13:47:52,182 | INFO | ris.AdvancedExperiments | 
>>> Mesh + Gossip...
2026-09-03 13:47:52,182 | INFO | ris.AdvancedExperiments |   Total bytes: 5,242,880
2026-09-03 13:47:52,182 | INFO | ris.AdvancedExperiments |   Latency: 2097.27 us
2026-09-03 13:47:52,182 | INFO | ris.AdvancedExperiments |   Energy: 442.37 nJ
2026-09-03 13:47:52,183 | INFO | ris.AdvancedExperiments | 
>>> Torus + ParameterServer...
2026-09-03 13:47:52,183 | INFO | ris.AdvancedExperiments |   Total bytes: 2,621,440
2026-09-03 13:47:52,183 | INFO | ris.AdvancedExperiments |   Latency: 2097.27 us
2026-09-03 13:47:52,183 | INFO | ris.AdvancedExperiments |   Energy: 221.18 nJ
2026-09-03 13:47:52,183 | INFO | ris.AdvancedExperiments | 
>>> Torus + AllReduce...
2026-09-03 13:47:52,183 | INFO | ris.AdvancedExperiments |   Total bytes: 2,621,440
2026-09-03 13:47:52,183 | INFO | ris.AdvancedExperiments |   Latency: 2097.27 us
2026-09-03 13:47:52,183 | INFO | ris.AdvancedExperiments |   Energy: 221.18 nJ
2026-09-03 13:47:52,183 | INFO | ris.AdvancedExperiments | 
>>> Torus + RingAllReduce...
2026-09-03 13:47:52,183 | INFO | ris.AdvancedExperiments |   Total bytes: 2,621,440
2026-09-03 13:47:52,184 | INFO | ris.AdvancedExperiments |   Latency: 1048.70 us
2026-09-03 13:47:52,184 | INFO | ris.AdvancedExperiments |   Energy: 221.18 nJ
2026-09-03 13:47:52,184 | INFO | ris.AdvancedExperiments | 
>>> Torus + Gossip...
2026-09-03 13:47:52,184 | INFO | ris.AdvancedExperiments |   Total bytes: 5,242,880
2026-09-03 13:47:52,184 | INFO | ris.AdvancedExperiments |   Latency: 2097.27 us
2026-09-03 13:47:52,184 | INFO | ris.AdvancedExperiments |   Energy: 442.37 nJ
2026-09-03 13:47:52,185 | INFO | ris.AdvancedExperiments | 
[OK] Results saved to results/advanced_experiments\protocol_comparison_results.json
2026-09-03 13:47:53,341 | INFO | ris.AdvancedExperiments | 
============================================================
2026-09-03 13:47:53,341 | INFO | ris.AdvancedExperiments | EXPERIMENT 16: Optimization Technique Comparison
2026-09-03 13:47:53,341 | INFO | ris.AdvancedExperiments | ============================================================
2026-09-03 13:47:53,341 | INFO | ris.AdvancedExperiments |   Generating channel samples...
2026-09-03 13:47:53,710 | INFO | ris.AdvancedExperiments |   Testing Random Search...
2026-09-03 13:47:53,711 | INFO | ris.AdvancedExperiments |     SNR: -15.51 dB
2026-09-03 13:47:53,711 | INFO | ris.AdvancedExperiments |   Testing Alternating Optimization...
2026-09-03 13:47:53,712 | INFO | ris.AdvancedExperiments |     Error: index 1 is out of bounds for axis 0 with size 1
2026-09-03 13:47:53,712 | INFO | ris.AdvancedExperiments |   Testing Successive Convex Approximation...
2026-09-03 13:47:53,714 | INFO | ris.AdvancedExperiments |     SNR: -15.54 dB
2026-09-03 13:47:53,715 | INFO | ris.AdvancedExperiments |   Testing ADMM...
2026-09-03 13:47:53,720 | INFO | ris.AdvancedExperiments |     SNR: -15.51 dB
2026-09-03 13:47:53,720 | INFO | ris.AdvancedExperiments |   Testing SDR...
2026-09-03 13:47:53,720 | INFO | ris.AdvancedExperiments |     Skipped (cvxpy not installed)
2026-09-03 13:47:53,720 | INFO | ris.AdvancedExperiments |   Computing MRC upper bound...
2026-09-03 13:47:53,721 | INFO | ris.AdvancedExperiments |     SNR: -14.62 dB
2026-09-03 13:47:53,722 | INFO | ris.AdvancedExperiments | 
[OK] Results saved to results/advanced_experiments\optimization_techniques_results.json
2026-09-03 13:47:55,273 | INFO | ris.AdvancedExperiments | 
============================================================
2026-09-03 13:47:55,274 | INFO | ris.AdvancedExperiments | EXPERIMENT 17: Tile-Pixel Golden Ratio Sweep
2026-09-03 13:47:55,274 | INFO | ris.AdvancedExperiments | ============================================================
2026-09-03 13:48:09,815 | INFO | ris.AdvancedExperiments | 
--- Golden Ratio Results ---
2026-09-03 13:48:09,816 | INFO | ris.AdvancedExperiments |   Area=25m²: T=4, P=16, SNR=-6.7dB, Score=0.3490
2026-09-03 13:48:09,816 | INFO | ris.AdvancedExperiments |   Area=50m²: T=4, P=16, SNR=-5.4dB, Score=0.3667
2026-09-03 13:48:09,816 | INFO | ris.AdvancedExperiments |   Area=100m²: T=4, P=16, SNR=-10.4dB, Score=0.2991
2026-09-03 13:48:09,816 | INFO | ris.AdvancedExperiments |   Area=200m²: T=4, P=16, SNR=-14.1dB, Score=0.2501
2026-09-03 13:48:09,816 | INFO | ris.AdvancedExperiments |   Area=400m²: T=4, P=16, SNR=-16.4dB, Score=0.2201
2026-09-03 13:48:09,823 | INFO | ris.AdvancedExperiments | 
[OK] Results saved to results/advanced_experiments\tile_pixel_golden_ratio_results.json
2026-09-03 13:48:24,470 | INFO | ris.AdvancedExperiments | 
============================================================
2026-09-03 13:48:24,471 | INFO | ris.AdvancedExperiments | EXPERIMENT 18: Dynamic Duty Cycling
2026-09-03 13:48:24,471 | INFO | ris.AdvancedExperiments | ============================================================
2026-09-03 13:48:25,155 | INFO | ris.AdvancedExperiments | 
>>> Testing No DC...
2026-09-03 13:48:25,160 | INFO | ris.AdvancedExperiments |   SNR: -12.29 dB
2026-09-03 13:48:25,161 | INFO | ris.AdvancedExperiments |   Active ratio: 100.00%
2026-09-03 13:48:25,161 | INFO | ris.AdvancedExperiments |   Energy savings: 0.0%
2026-09-03 13:48:25,161 | INFO | ris.AdvancedExperiments | 
>>> Testing Threshold (-10 dB)...
2026-09-03 13:48:25,168 | INFO | ris.AdvancedExperiments |   SNR: -12.57 dB
2026-09-03 13:48:25,168 | INFO | ris.AdvancedExperiments |   Active ratio: 25.00%
2026-09-03 13:48:25,168 | INFO | ris.AdvancedExperiments |   Energy savings: 70.0%
2026-09-03 13:48:25,168 | INFO | ris.AdvancedExperiments | 
>>> Testing Threshold (-20 dB)...
2026-09-03 13:48:25,175 | INFO | ris.AdvancedExperiments |   SNR: -12.57 dB
2026-09-03 13:48:25,175 | INFO | ris.AdvancedExperiments |   Active ratio: 25.00%
2026-09-03 13:48:25,175 | INFO | ris.AdvancedExperiments |   Energy savings: 70.0%
2026-09-03 13:48:25,175 | INFO | ris.AdvancedExperiments | 
>>> Testing Top-K (50%)...
2026-09-03 13:48:25,181 | INFO | ris.AdvancedExperiments |   SNR: -12.44 dB
2026-09-03 13:48:25,181 | INFO | ris.AdvancedExperiments |   Active ratio: 50.00%
2026-09-03 13:48:25,181 | INFO | ris.AdvancedExperiments |   Energy savings: 46.7%
2026-09-03 13:48:25,181 | INFO | ris.AdvancedExperiments | 
>>> Testing Top-K (25%)...
2026-09-03 13:48:25,189 | INFO | ris.AdvancedExperiments |   SNR: -12.57 dB
2026-09-03 13:48:25,189 | INFO | ris.AdvancedExperiments |   Active ratio: 25.00%
2026-09-03 13:48:25,189 | INFO | ris.AdvancedExperiments |   Energy savings: 70.0%
2026-09-03 13:48:25,190 | INFO | ris.AdvancedExperiments | 
>>> Testing Adaptive...
2026-09-03 13:48:25,198 | INFO | ris.AdvancedExperiments |   SNR: -12.30 dB
2026-09-03 13:48:25,199 | INFO | ris.AdvancedExperiments |   Active ratio: 87.92%
2026-09-03 13:48:25,199 | INFO | ris.AdvancedExperiments |   Energy savings: 11.3%
2026-09-03 13:48:25,202 | INFO | ris.AdvancedExperiments | 
[OK] Results saved to results/advanced_experiments\duty_cycling_results.json
2026-09-03 13:48:26,531 | INFO | ris.AdvancedExperiments | 
============================================================
2026-09-03 13:48:26,531 | INFO | ris.AdvancedExperiments | EXPERIMENT 19: Dataset/Channel Model Comparison
2026-09-03 13:48:26,531 | INFO | ris.AdvancedExperiments | ============================================================
2026-09-03 13:48:26,531 | INFO | ris.AdvancedExperiments | 
>>> Synthetic Rician (LoS)...
2026-09-03 13:48:27,875 | INFO | ris.AdvancedExperiments |   Optimal SNR: -12.90 ± 6.63 dB
2026-09-03 13:48:27,876 | INFO | ris.AdvancedExperiments |   No RIS SNR: -13.57 dB
2026-09-03 13:48:27,876 | INFO | ris.AdvancedExperiments |   RIS Gain: 0.67 dB
2026-09-03 13:48:27,876 | INFO | ris.AdvancedExperiments | 
>>> Synthetic Rician (NLoS)...
2026-09-03 13:48:29,239 | INFO | ris.AdvancedExperiments |   Optimal SNR: -14.83 ± 8.94 dB
2026-09-03 13:48:29,239 | INFO | ris.AdvancedExperiments |   No RIS SNR: -15.19 dB
2026-09-03 13:48:29,239 | INFO | ris.AdvancedExperiments |   RIS Gain: 0.36 dB
2026-09-03 13:48:29,239 | INFO | ris.AdvancedExperiments | 
>>> Synthetic Rician (Mixed)...
2026-09-03 13:48:30,589 | INFO | ris.AdvancedExperiments |   Optimal SNR: -13.17 ± 7.43 dB
2026-09-03 13:48:30,589 | INFO | ris.AdvancedExperiments |   No RIS SNR: -13.83 dB
2026-09-03 13:48:30,589 | INFO | ris.AdvancedExperiments |   RIS Gain: 0.66 dB
2026-09-03 13:48:30,589 | INFO | ris.AdvancedExperiments | 
>>> 3GPP UMi 28 GHz (LoS)...
2026-09-03 13:48:31,410 | INFO | ris.AdvancedExperiments |   Optimal SNR: 42.57 ± 5.68 dB
2026-09-03 13:48:31,410 | INFO | ris.AdvancedExperiments |   No RIS SNR: 42.49 dB
2026-09-03 13:48:31,410 | INFO | ris.AdvancedExperiments |   RIS Gain: 0.09 dB
2026-09-03 13:48:31,410 | INFO | ris.AdvancedExperiments | 
>>> 3GPP UMi 28 GHz (NLoS)...
2026-09-03 13:48:32,246 | INFO | ris.AdvancedExperiments |   Optimal SNR: 33.91 ± 9.91 dB
2026-09-03 13:48:32,246 | INFO | ris.AdvancedExperiments |   No RIS SNR: 33.61 dB
2026-09-03 13:48:32,246 | INFO | ris.AdvancedExperiments |   RIS Gain: 0.30 dB
2026-09-03 13:48:32,246 | INFO | ris.AdvancedExperiments | 
>>> 3GPP UMi 60 GHz (Mixed)...
2026-09-03 13:48:33,071 | INFO | ris.AdvancedExperiments |   Optimal SNR: 36.45 ± 6.16 dB
2026-09-03 13:48:33,072 | INFO | ris.AdvancedExperiments |   No RIS SNR: 36.41 dB
2026-09-03 13:48:33,072 | INFO | ris.AdvancedExperiments |   RIS Gain: 0.04 dB
2026-09-03 13:48:33,073 | INFO | ris.AdvancedExperiments | 
[OK] Results saved to results/advanced_experiments\dataset_comparison_results.json
2026-09-03 13:48:34,351 | INFO | ris.AdvancedExperiments | 
============================================================
2026-09-03 13:48:34,352 | INFO | ris.AdvancedExperiments | EXPERIMENT 20: Phase Quantization Loss Analysis
2026-09-03 13:48:34,352 | INFO | ris.AdvancedExperiments | ============================================================
2026-09-03 13:48:34,352 | INFO | ris.AdvancedExperiments | 
--- Rician LoS ---
2026-09-03 13:48:35,681 | INFO | ris.AdvancedExperiments |   >>> Continuous...
2026-09-03 13:48:35,685 | INFO | ris.AdvancedExperiments |     SNR: -12.99 dB
2026-09-03 13:48:35,685 | INFO | ris.AdvancedExperiments |     Quant Error: 0.00°
2026-09-03 13:48:35,685 | INFO | ris.AdvancedExperiments |   >>> 1-bit (2 states)...
2026-09-03 13:48:35,705 | INFO | ris.AdvancedExperiments |     SNR: -13.21 dB
2026-09-03 13:48:35,705 | INFO | ris.AdvancedExperiments |     Quant Error: 45.24°
2026-09-03 13:48:35,705 | INFO | ris.AdvancedExperiments |   >>> 2-bit (4 states)...
2026-09-03 13:48:35,724 | INFO | ris.AdvancedExperiments |     SNR: -13.05 dB
2026-09-03 13:48:35,724 | INFO | ris.AdvancedExperiments |     Quant Error: 22.54°
2026-09-03 13:48:35,724 | INFO | ris.AdvancedExperiments |   >>> 3-bit (8 states)...
2026-09-03 13:48:35,746 | INFO | ris.AdvancedExperiments |     SNR: -13.00 dB
2026-09-03 13:48:35,746 | INFO | ris.AdvancedExperiments |     Quant Error: 11.26°
2026-09-03 13:48:35,746 | INFO | ris.AdvancedExperiments | 
--- Rician NLoS ---
2026-09-03 13:48:37,068 | INFO | ris.AdvancedExperiments |   >>> Continuous...
2026-09-03 13:48:37,072 | INFO | ris.AdvancedExperiments |     SNR: -15.54 dB
2026-09-03 13:48:37,072 | INFO | ris.AdvancedExperiments |     Quant Error: 0.00°
2026-09-03 13:48:37,073 | INFO | ris.AdvancedExperiments |   >>> 1-bit (2 states)...
2026-09-03 13:48:37,093 | INFO | ris.AdvancedExperiments |     SNR: -15.64 dB
2026-09-03 13:48:37,094 | INFO | ris.AdvancedExperiments |     Quant Error: 44.83°
2026-09-03 13:48:37,094 | INFO | ris.AdvancedExperiments |   >>> 2-bit (4 states)...
2026-09-03 13:48:37,114 | INFO | ris.AdvancedExperiments |     SNR: -15.57 dB
2026-09-03 13:48:37,114 | INFO | ris.AdvancedExperiments |     Quant Error: 22.42°
2026-09-03 13:48:37,114 | INFO | ris.AdvancedExperiments |   >>> 3-bit (8 states)...
2026-09-03 13:48:37,134 | INFO | ris.AdvancedExperiments |     SNR: -15.55 dB
2026-09-03 13:48:37,134 | INFO | ris.AdvancedExperiments |     Quant Error: 11.26°
2026-09-03 13:48:37,134 | INFO | ris.AdvancedExperiments | 
--- 3GPP UMi 28G ---
2026-09-03 13:48:37,955 | INFO | ris.AdvancedExperiments |   >>> Continuous...
2026-09-03 13:48:37,959 | INFO | ris.AdvancedExperiments |     SNR: 43.61 dB
2026-09-03 13:48:37,959 | INFO | ris.AdvancedExperiments |     Quant Error: 0.00°
2026-09-03 13:48:37,959 | INFO | ris.AdvancedExperiments |   >>> 1-bit (2 states)...
2026-09-03 13:48:37,979 | INFO | ris.AdvancedExperiments |     SNR: 43.59 dB
2026-09-03 13:48:37,979 | INFO | ris.AdvancedExperiments |     Quant Error: 44.23°
2026-09-03 13:48:37,979 | INFO | ris.AdvancedExperiments |   >>> 2-bit (4 states)...
2026-09-03 13:48:37,999 | INFO | ris.AdvancedExperiments |     SNR: 43.61 dB
2026-09-03 13:48:37,999 | INFO | ris.AdvancedExperiments |     Quant Error: 22.29°
2026-09-03 13:48:37,999 | INFO | ris.AdvancedExperiments |   >>> 3-bit (8 states)...
2026-09-03 13:48:38,021 | INFO | ris.AdvancedExperiments |     SNR: 43.61 dB
2026-09-03 13:48:38,021 | INFO | ris.AdvancedExperiments |     Quant Error: 11.26°
2026-09-03 13:48:38,023 | INFO | ris.AdvancedExperiments | 
[OK] Results saved to results/advanced_experiments\phase_quantization_results.json
2026-09-03 17:56:24,350 | INFO | ris.AdvancedExperiments | 
============================================================
2026-09-03 17:56:24,350 | INFO | ris.AdvancedExperiments | EXPERIMENT 1: Local Epochs Variation
2026-09-03 17:56:24,350 | INFO | ris.AdvancedExperiments | ============================================================
2026-09-03 17:56:24,350 | INFO | ris.AdvancedExperiments | 
>>> Testing with E = 1 local epochs...
2026-09-03 17:57:15,428 | INFO | ris.main | ============================================================
2026-09-03 17:57:15,428 | INFO | ris.main | BASELINE EVALUATION
2026-09-03 17:57:15,428 | INFO | ris.main | ============================================================
2026-09-03 17:57:15,428 | INFO | ris.main | Evaluating: No RIS (direct link)
2026-09-03 17:57:15,428 | INFO | ris.main |   SNR: -13.01 dB
2026-09-03 17:57:15,428 | INFO | ris.main |   Rate: 0.07 bps/Hz
2026-09-03 17:57:15,429 | INFO | ris.main | 
Evaluating: Random RIS
2026-09-03 17:57:15,429 | INFO | ris.main |   SNR: -13.00 dB
2026-09-03 17:57:15,429 | INFO | ris.main |   Rate: 0.07 bps/Hz
2026-09-03 17:57:15,429 | INFO | ris.main | 
Evaluating: Optimal (Genie-aided)
2026-09-03 17:57:15,431 | INFO | ris.main |   SNR: -12.27 dB
2026-09-03 17:57:15,431 | INFO | ris.main |   Rate: 0.08 bps/Hz
2026-09-03 17:57:15,431 | INFO | ris.main | ============================================================
2026-09-03 17:57:15,431 | INFO | ris.main | FEDERATED LEARNING TRAINING
2026-09-03 17:57:15,431 | INFO | ris.main | ============================================================
2026-09-03 17:57:15,431 | INFO | ris.main | ============================================================
2026-09-03 17:57:15,431 | INFO | ris.main | MODEL INITIALIZATION
2026-09-03 17:57:15,431 | INFO | ris.main | ============================================================
2026-09-03 17:57:15,436 | INFO | ris.main | [OK] Global model ({config.MODEL_TYPE}) created
2026-09-03 17:57:15,437 | INFO | ris.main |   Total parameters: 621,313
2026-09-03 17:57:15,437 | INFO | ris.main |   Model size (FP32): 2427.00 KB
2026-09-03 17:57:15,437 | INFO | ris.main |   Model size (INT8 for FL comm): 606.75 KB
2026-09-03 17:57:15,437 | INFO | ris.main |   Expected comm per round: 19416.03 KB (= 621313 B x 2 x 16 tiles)
2026-09-03 17:57:15,437 | INFO | ris.main |   Expected total comm (5 rounds): 97080.16 KB = 94.80 MB
2026-09-03 17:57:16,362 | INFO | ris.main | [OK] Created {len(clients)} RIS tile clients
2026-09-03 17:57:16,362 | INFO | ris.main | 
Starting Federated Learning for 5 rounds...
2026-09-03 17:57:16,362 | INFO | ris.main | Local epochs per round: 1
2026-09-03 17:57:17,874 | INFO | ris.main | [Evaluation] Testing global model...
2026-09-03 17:57:18,504 | INFO | ris.main |   Test Loss: 3.249990
2026-09-03 17:57:18,504 | INFO | ris.main |   Phase Error: 1.5592 rad (89.34°)
2026-09-03 17:57:18,504 | INFO | ris.main |   SNR (Optimized): -12.92 dB
2026-09-03 17:57:18,504 | INFO | ris.main |   SNR Gain: 0.08 dB
2026-09-03 17:57:23,530 | INFO | ris.main | [Evaluation] Testing global model...
2026-09-03 17:57:24,098 | INFO | ris.main |   Test Loss: 3.249599
2026-09-03 17:57:24,098 | INFO | ris.main |   Phase Error: 1.5602 rad (89.39°)
2026-09-03 17:57:24,098 | INFO | ris.main |   SNR (Optimized): -12.93 dB
2026-09-03 17:57:24,098 | INFO | ris.main |   SNR Gain: 0.08 dB
2026-09-03 17:57:24,098 | INFO | ris.main | ============================================================
2026-09-03 17:57:24,098 | INFO | ris.main | TRAINING COMPLETE
2026-09-03 17:57:24,098 | INFO | ris.main | ============================================================
2026-09-03 17:57:24,098 | INFO | ris.main | 
  Communication check:
2026-09-03 17:57:24,098 | INFO | ris.main |     Model parameters: 621,313
2026-09-03 17:57:24,098 | INFO | ris.main |     Expected total: 94.80 MB
2026-09-03 17:57:24,098 | INFO | ris.main |     Actual total:   94.80 MB
2026-09-03 17:57:25,175 | INFO | ris.AdvancedExperiments |   Converged in: 5 rounds
2026-09-03 17:57:25,176 | INFO | ris.AdvancedExperiments |   Final SNR: -13.51 dB
2026-09-03 17:57:25,176 | INFO | ris.AdvancedExperiments |   Total Communication: 97080.16 KB
2026-09-03 17:57:25,176 | INFO | ris.AdvancedExperiments | 
>>> Testing with E = 3 local epochs...
2026-09-03 17:58:16,169 | INFO | ris.main | ============================================================
2026-09-03 17:58:16,169 | INFO | ris.main | BASELINE EVALUATION
2026-09-03 17:58:16,169 | INFO | ris.main | ============================================================
2026-09-03 17:58:16,169 | INFO | ris.main | Evaluating: No RIS (direct link)
2026-09-03 17:58:16,169 | INFO | ris.main |   SNR: -12.72 dB
2026-09-03 17:58:16,169 | INFO | ris.main |   Rate: 0.08 bps/Hz
2026-09-03 17:58:16,169 | INFO | ris.main | 
Evaluating: Random RIS
2026-09-03 17:58:16,171 | INFO | ris.main |   SNR: -12.70 dB
2026-09-03 17:58:16,171 | INFO | ris.main |   Rate: 0.08 bps/Hz
2026-09-03 17:58:16,171 | INFO | ris.main | 
Evaluating: Optimal (Genie-aided)
2026-09-03 17:58:16,172 | INFO | ris.main |   SNR: -12.06 dB
2026-09-03 17:58:16,172 | INFO | ris.main |   Rate: 0.09 bps/Hz
2026-09-03 17:58:16,172 | INFO | ris.main | ============================================================
2026-09-03 17:58:16,172 | INFO | ris.main | FEDERATED LEARNING TRAINING
2026-09-03 17:58:16,172 | INFO | ris.main | ============================================================
2026-09-03 17:58:16,172 | INFO | ris.main | ============================================================
2026-09-03 17:58:16,172 | INFO | ris.main | MODEL INITIALIZATION
2026-09-03 17:58:16,172 | INFO | ris.main | ============================================================
2026-09-03 17:58:16,177 | INFO | ris.main | [OK] Global model ({config.MODEL_TYPE}) created
2026-09-03 17:58:16,177 | INFO | ris.main |   Total parameters: 621,313
2026-09-03 17:58:16,177 | INFO | ris.main |   Model size (FP32): 2427.00 KB
2026-09-03 17:58:16,177 | INFO | ris.main |   Model size (INT8 for FL comm): 606.75 KB
2026-09-03 17:58:16,177 | INFO | ris.main |   Expected comm per round: 19416.03 KB (= 621313 B x 2 x 16 tiles)
2026-09-03 17:58:16,177 | INFO | ris.main |   Expected total comm (5 rounds): 97080.16 KB = 94.80 MB
2026-09-03 17:58:16,557 | INFO | ris.main | [OK] Created {len(clients)} RIS tile clients
2026-09-03 17:58:16,557 | INFO | ris.main | 
Starting Federated Learning for 5 rounds...
2026-09-03 17:58:16,557 | INFO | ris.main | Local epochs per round: 3
2026-09-03 17:58:19,608 | INFO | ris.main | [Evaluation] Testing global model...
2026-09-03 17:58:20,080 | INFO | ris.main |   Test Loss: 3.378753
2026-09-03 17:58:20,080 | INFO | ris.main |   Phase Error: 1.5959 rad (91.44°)
2026-09-03 17:58:20,080 | INFO | ris.main |   SNR (Optimized): -12.73 dB
2026-09-03 17:58:20,081 | INFO | ris.main |   SNR Gain: -0.01 dB
2026-09-03 17:58:31,800 | INFO | ris.main | [Evaluation] Testing global model...
2026-09-03 17:58:32,892 | INFO | ris.main |   Test Loss: 3.362370
2026-09-03 17:58:32,893 | INFO | ris.main |   Phase Error: 1.5918 rad (91.20°)
2026-09-03 17:58:32,893 | INFO | ris.main |   SNR (Optimized): -12.74 dB
2026-09-03 17:58:32,893 | INFO | ris.main |   SNR Gain: -0.02 dB
2026-09-03 17:58:32,893 | INFO | ris.main | ============================================================
2026-09-03 17:58:32,893 | INFO | ris.main | TRAINING COMPLETE
2026-09-03 17:58:32,893 | INFO | ris.main | ============================================================
2026-09-03 17:58:32,894 | INFO | ris.main | 
  Communication check:
2026-09-03 17:58:32,894 | INFO | ris.main |     Model parameters: 621,313
2026-09-03 17:58:32,894 | INFO | ris.main |     Expected total: 94.80 MB
2026-09-03 17:58:32,894 | INFO | ris.main |     Actual total:   94.80 MB
2026-09-03 17:58:34,982 | INFO | ris.AdvancedExperiments |   Converged in: 5 rounds
2026-09-03 17:58:34,982 | INFO | ris.AdvancedExperiments |   Final SNR: -12.92 dB
2026-09-03 17:58:34,983 | INFO | ris.AdvancedExperiments |   Total Communication: 97080.16 KB
2026-09-03 17:58:34,983 | INFO | ris.AdvancedExperiments | 
>>> Testing with E = 5 local epochs...
2026-09-03 17:59:57,554 | INFO | ris.main | ============================================================
2026-09-03 17:59:57,554 | INFO | ris.main | BASELINE EVALUATION
2026-09-03 17:59:57,554 | INFO | ris.main | ============================================================
2026-09-03 17:59:57,554 | INFO | ris.main | Evaluating: No RIS (direct link)
2026-09-03 17:59:57,554 | INFO | ris.main |   SNR: -13.56 dB
2026-09-03 17:59:57,554 | INFO | ris.main |   Rate: 0.06 bps/Hz
2026-09-03 17:59:57,554 | INFO | ris.main | 
Evaluating: Random RIS
2026-09-03 17:59:57,556 | INFO | ris.main |   SNR: -13.55 dB
2026-09-03 17:59:57,557 | INFO | ris.main |   Rate: 0.06 bps/Hz
2026-09-03 17:59:57,557 | INFO | ris.main | 
Evaluating: Optimal (Genie-aided)
2026-09-03 17:59:57,558 | INFO | ris.main |   SNR: -12.65 dB
2026-09-03 17:59:57,558 | INFO | ris.main |   Rate: 0.08 bps/Hz
2026-09-03 17:59:57,558 | INFO | ris.main | ============================================================
2026-09-03 17:59:57,558 | INFO | ris.main | FEDERATED LEARNING TRAINING
2026-09-03 17:59:57,558 | INFO | ris.main | ============================================================
2026-09-03 17:59:57,558 | INFO | ris.main | ============================================================
2026-09-03 17:59:57,558 | INFO | ris.main | MODEL INITIALIZATION
2026-09-03 17:59:57,558 | INFO | ris.main | ============================================================
2026-09-03 17:59:57,562 | INFO | ris.main | [OK] Global model ({config.MODEL_TYPE}) created
2026-09-03 17:59:57,562 | INFO | ris.main |   Total parameters: 621,313
2026-09-03 17:59:57,562 | INFO | ris.main |   Model size (FP32): 2427.00 KB
2026-09-03 17:59:57,563 | INFO | ris.main |   Model size (INT8 for FL comm): 606.75 KB
2026-09-03 17:59:57,563 | INFO | ris.main |   Expected comm per round: 19416.03 KB (= 621313 B x 2 x 16 tiles)
2026-09-03 17:59:57,563 | INFO | ris.main |   Expected total comm (5 rounds): 97080.16 KB = 94.80 MB
2026-09-03 17:59:57,895 | INFO | ris.main | [OK] Created {len(clients)} RIS tile clients
2026-09-03 17:59:57,895 | INFO | ris.main | 
Starting Federated Learning for 5 rounds...
2026-09-03 17:59:57,895 | INFO | ris.main | Local epochs per round: 5
2026-09-03 18:00:02,873 | INFO | ris.main | [Evaluation] Testing global model...
2026-09-03 18:00:03,359 | INFO | ris.main |   Test Loss: 3.447725
2026-09-03 18:00:03,360 | INFO | ris.main |   Phase Error: 1.5985 rad (91.58°)
2026-09-03 18:00:03,360 | INFO | ris.main |   SNR (Optimized): -13.58 dB
2026-09-03 18:00:03,360 | INFO | ris.main |   SNR Gain: -0.02 dB
2026-09-03 18:00:28,861 | INFO | ris.AdvancedExperiments | 
============================================================
2026-09-03 18:00:28,861 | INFO | ris.AdvancedExperiments | EXPERIMENT 1: Local Epochs Variation
2026-09-03 18:00:28,861 | INFO | ris.AdvancedExperiments | ============================================================
2026-09-03 18:00:28,861 | INFO | ris.AdvancedExperiments | 
>>> Testing with E = 1 local epochs...
2026-09-03 18:00:34,001 | INFO | ris.main | [Evaluation] Testing global model...
2026-09-03 18:00:35,115 | INFO | ris.main |   Test Loss: 3.344356
2026-09-03 18:00:35,116 | INFO | ris.main |   Phase Error: 1.6026 rad (91.82°)
2026-09-03 18:00:35,116 | INFO | ris.main |   SNR (Optimized): -13.60 dB
2026-09-03 18:00:35,116 | INFO | ris.main |   SNR Gain: -0.03 dB
2026-09-03 18:00:35,116 | INFO | ris.main | ============================================================
2026-09-03 18:00:35,116 | INFO | ris.main | TRAINING COMPLETE
2026-09-03 18:00:35,116 | INFO | ris.main | ============================================================
2026-09-03 18:00:35,116 | INFO | ris.main | 
  Communication check:
2026-09-03 18:00:35,116 | INFO | ris.main |     Model parameters: 621,313
2026-09-03 18:00:35,117 | INFO | ris.main |     Expected total: 94.80 MB
2026-09-03 18:00:35,117 | INFO | ris.main |     Actual total:   94.80 MB
2026-09-03 18:00:36,471 | INFO | ris.AdvancedExperiments |   Converged in: 5 rounds
2026-09-03 18:00:36,471 | INFO | ris.AdvancedExperiments |   Final SNR: -13.99 dB
2026-09-03 18:00:36,471 | INFO | ris.AdvancedExperiments |   Total Communication: 97080.16 KB
2026-09-03 18:00:36,472 | INFO | ris.AdvancedExperiments | 
>>> Testing with E = 10 local epochs...
2026-09-03 18:02:28,348 | INFO | ris.main | ============================================================
2026-09-03 18:02:28,349 | INFO | ris.main | BASELINE EVALUATION
2026-09-03 18:02:28,349 | INFO | ris.main | ============================================================
2026-09-03 18:02:28,349 | INFO | ris.main | Evaluating: No RIS (direct link)
2026-09-03 18:02:28,349 | INFO | ris.main |   SNR: -12.76 dB
2026-09-03 18:02:28,349 | INFO | ris.main |   Rate: 0.07 bps/Hz
2026-09-03 18:02:28,350 | INFO | ris.main | 
Evaluating: Random RIS
2026-09-03 18:02:28,352 | INFO | ris.main |   SNR: -12.76 dB
2026-09-03 18:02:28,352 | INFO | ris.main |   Rate: 0.07 bps/Hz
2026-09-03 18:02:28,352 | INFO | ris.main | 
Evaluating: Optimal (Genie-aided)
2026-09-03 18:02:28,354 | INFO | ris.main |   SNR: -11.91 dB
2026-09-03 18:02:28,354 | INFO | ris.main |   Rate: 0.09 bps/Hz
2026-09-03 18:02:28,354 | INFO | ris.main | ============================================================
2026-09-03 18:02:28,354 | INFO | ris.main | FEDERATED LEARNING TRAINING
2026-09-03 18:02:28,354 | INFO | ris.main | ============================================================
2026-09-03 18:02:28,355 | INFO | ris.main | ============================================================
2026-09-03 18:02:28,355 | INFO | ris.main | MODEL INITIALIZATION
2026-09-03 18:02:28,355 | INFO | ris.main | ============================================================
2026-09-03 18:02:28,364 | INFO | ris.main | [OK] Global model ({config.MODEL_TYPE}) created
2026-09-03 18:02:28,365 | INFO | ris.main |   Total parameters: 621,313
2026-09-03 18:02:28,365 | INFO | ris.main |   Model size (FP32): 2427.00 KB
2026-09-03 18:02:28,365 | INFO | ris.main |   Model size (INT8 for FL comm): 606.75 KB
2026-09-03 18:02:28,365 | INFO | ris.main |   Expected comm per round: 19416.03 KB (= 621313 B x 2 x 16 tiles)
2026-09-03 18:02:28,365 | INFO | ris.main |   Expected total comm (5 rounds): 97080.16 KB = 94.80 MB
2026-09-03 18:02:28,940 | INFO | ris.main | [OK] Created {len(clients)} RIS tile clients
2026-09-03 18:02:28,941 | INFO | ris.main | 
Starting Federated Learning for 5 rounds...
2026-09-03 18:02:28,941 | INFO | ris.main | Local epochs per round: 10
2026-09-03 18:02:49,166 | INFO | ris.main | [Evaluation] Testing global model...
2026-09-03 18:02:50,259 | INFO | ris.main |   Test Loss: 3.310931
2026-09-03 18:02:50,259 | INFO | ris.main |   Phase Error: 1.5530 rad (88.98°)
2026-09-03 18:02:50,259 | INFO | ris.main |   SNR (Optimized): -12.65 dB
2026-09-03 18:02:50,259 | INFO | ris.main |   SNR Gain: 0.11 dB
2026-09-03 18:04:11,351 | INFO | ris.main | [Evaluation] Testing global model...
2026-09-03 18:04:12,464 | INFO | ris.main |   Test Loss: 3.332921
2026-09-03 18:04:12,464 | INFO | ris.main |   Phase Error: 1.5553 rad (89.11°)
2026-09-03 18:04:12,464 | INFO | ris.main |   SNR (Optimized): -12.67 dB
2026-09-03 18:04:12,464 | INFO | ris.main |   SNR Gain: 0.09 dB
2026-09-03 18:04:12,464 | INFO | ris.main | ============================================================
2026-09-03 18:04:12,464 | INFO | ris.main | TRAINING COMPLETE
2026-09-03 18:04:12,464 | INFO | ris.main | ============================================================
2026-09-03 18:04:12,465 | INFO | ris.main | 
  Communication check:
2026-09-03 18:04:12,465 | INFO | ris.main |     Model parameters: 621,313
2026-09-03 18:04:12,465 | INFO | ris.main |     Expected total: 94.80 MB
2026-09-03 18:04:12,465 | INFO | ris.main |     Actual total:   94.80 MB
2026-09-03 18:04:14,634 | INFO | ris.AdvancedExperiments |   Converged in: 5 rounds
2026-09-03 18:04:14,634 | INFO | ris.AdvancedExperiments |   Final SNR: -12.81 dB
2026-09-03 18:04:14,634 | INFO | ris.AdvancedExperiments |   Total Communication: 97080.16 KB
2026-09-03 18:04:14,634 | INFO | ris.AdvancedExperiments | 
>>> Testing with E = 20 local epochs...
2026-09-03 18:06:23,960 | INFO | ris.main | ============================================================
2026-09-03 18:06:23,960 | INFO | ris.main | BASELINE EVALUATION
2026-09-03 18:06:23,960 | INFO | ris.main | ============================================================
2026-09-03 18:06:23,960 | INFO | ris.main | Evaluating: No RIS (direct link)
2026-09-03 18:06:23,961 | INFO | ris.main |   SNR: -12.91 dB
2026-09-03 18:06:23,961 | INFO | ris.main |   Rate: 0.07 bps/Hz
2026-09-03 18:06:23,961 | INFO | ris.main | 
Evaluating: Random RIS
2026-09-03 18:06:23,963 | INFO | ris.main |   SNR: -12.92 dB
2026-09-03 18:06:23,963 | INFO | ris.main |   Rate: 0.07 bps/Hz
2026-09-03 18:06:23,963 | INFO | ris.main | 
Evaluating: Optimal (Genie-aided)
2026-09-03 18:06:23,966 | INFO | ris.main |   SNR: -12.34 dB
2026-09-03 18:06:23,966 | INFO | ris.main |   Rate: 0.08 bps/Hz
2026-09-03 18:06:23,966 | INFO | ris.main | ============================================================
2026-09-03 18:06:23,966 | INFO | ris.main | FEDERATED LEARNING TRAINING
2026-09-03 18:06:23,966 | INFO | ris.main | ============================================================
2026-09-03 18:06:23,966 | INFO | ris.main | ============================================================
2026-09-03 18:06:23,966 | INFO | ris.main | MODEL INITIALIZATION
2026-09-03 18:06:23,966 | INFO | ris.main | ============================================================
2026-09-03 18:06:23,976 | INFO | ris.main | [OK] Global model ({config.MODEL_TYPE}) created
2026-09-03 18:06:23,976 | INFO | ris.main |   Total parameters: 621,313
2026-09-03 18:06:23,976 | INFO | ris.main |   Model size (FP32): 2427.00 KB
2026-09-03 18:06:23,976 | INFO | ris.main |   Model size (INT8 for FL comm): 606.75 KB
2026-09-03 18:06:23,976 | INFO | ris.main |   Expected comm per round: 19416.03 KB (= 621313 B x 2 x 16 tiles)
2026-09-03 18:06:23,977 | INFO | ris.main |   Expected total comm (5 rounds): 97080.16 KB = 94.80 MB
2026-09-03 18:06:24,414 | INFO | ris.main | [OK] Created {len(clients)} RIS tile clients
2026-09-03 18:06:24,415 | INFO | ris.main | 
Starting Federated Learning for 5 rounds...
2026-09-03 18:06:24,415 | INFO | ris.main | Local epochs per round: 20
2026-09-03 18:07:04,062 | INFO | ris.main | [Evaluation] Testing global model...
2026-09-03 18:07:05,138 | INFO | ris.main |   Test Loss: 3.526186
2026-09-03 18:07:05,139 | INFO | ris.main |   Phase Error: 1.6326 rad (93.54°)
2026-09-03 18:07:05,139 | INFO | ris.main |   SNR (Optimized): -12.92 dB
2026-09-03 18:07:05,139 | INFO | ris.main |   SNR Gain: -0.01 dB
2026-09-03 18:09:42,257 | INFO | ris.main | [Evaluation] Testing global model...
2026-09-03 18:09:43,333 | INFO | ris.main |   Test Loss: 3.546414
2026-09-03 18:09:43,333 | INFO | ris.main |   Phase Error: 1.6524 rad (94.68°)
2026-09-03 18:09:43,333 | INFO | ris.main |   SNR (Optimized): -12.86 dB
2026-09-03 18:09:43,334 | INFO | ris.main |   SNR Gain: 0.05 dB
2026-09-03 18:09:43,334 | INFO | ris.main | ============================================================
2026-09-03 18:09:43,334 | INFO | ris.main | TRAINING COMPLETE
2026-09-03 18:09:43,334 | INFO | ris.main | ============================================================
2026-09-03 18:09:43,334 | INFO | ris.main | 
  Communication check:
2026-09-03 18:09:43,334 | INFO | ris.main |     Model parameters: 621,313
2026-09-03 18:09:43,334 | INFO | ris.main |     Expected total: 94.80 MB
2026-09-03 18:09:43,334 | INFO | ris.main |     Actual total:   94.80 MB
2026-09-03 18:09:45,499 | INFO | ris.AdvancedExperiments |   Converged in: 5 rounds
2026-09-03 18:09:45,499 | INFO | ris.AdvancedExperiments |   Final SNR: -12.25 dB
2026-09-03 18:09:45,499 | INFO | ris.AdvancedExperiments |   Total Communication: 97080.16 KB
2026-09-03 18:09:45,852 | INFO | ris.AdvancedExperiments | 
[OK] Results saved to results/advanced_experiments\local_epochs_variation_results.json
2026-09-03 18:09:47,667 | INFO | ris.AdvancedExperiments | 
============================================================
2026-09-03 18:09:47,667 | INFO | ris.AdvancedExperiments | EXPERIMENT 2: RIS Quantization Levels
2026-09-03 18:09:47,667 | INFO | ris.AdvancedExperiments | ============================================================
2026-09-03 18:09:47,667 | INFO | ris.AdvancedExperiments | 
>>> Testing with 1-bit quantization...
2026-09-03 18:11:56,132 | INFO | ris.main | ============================================================
2026-09-03 18:11:56,133 | INFO | ris.main | BASELINE EVALUATION
2026-09-03 18:11:56,133 | INFO | ris.main | ============================================================
2026-09-03 18:11:56,133 | INFO | ris.main | Evaluating: No RIS (direct link)
2026-09-03 18:11:56,133 | INFO | ris.main |   SNR: -12.33 dB
2026-09-03 18:11:56,133 | INFO | ris.main |   Rate: 0.08 bps/Hz
2026-09-03 18:11:56,133 | INFO | ris.main | 
Evaluating: Random RIS
2026-09-03 18:11:56,135 | INFO | ris.main |   SNR: -12.34 dB
2026-09-03 18:11:56,136 | INFO | ris.main |   Rate: 0.08 bps/Hz
2026-09-03 18:11:56,136 | INFO | ris.main | 
Evaluating: Optimal (Genie-aided)
2026-09-03 18:11:56,139 | INFO | ris.main |   SNR: -11.67 dB
2026-09-03 18:11:56,139 | INFO | ris.main |   Rate: 0.10 bps/Hz
2026-09-03 18:11:56,139 | INFO | ris.main | ============================================================
2026-09-03 18:11:56,139 | INFO | ris.main | FEDERATED LEARNING TRAINING
2026-09-03 18:11:56,139 | INFO | ris.main | ============================================================
2026-09-03 18:11:56,139 | INFO | ris.main | ============================================================
2026-09-03 18:11:56,139 | INFO | ris.main | MODEL INITIALIZATION
2026-09-03 18:11:56,140 | INFO | ris.main | ============================================================
2026-09-03 18:11:56,149 | INFO | ris.main | [OK] Global model ({config.MODEL_TYPE}) created
2026-09-03 18:11:56,149 | INFO | ris.main |   Total parameters: 621,313
2026-09-03 18:11:56,149 | INFO | ris.main |   Model size (FP32): 2427.00 KB
2026-09-03 18:11:56,149 | INFO | ris.main |   Model size (INT8 for FL comm): 606.75 KB
2026-09-03 18:11:56,149 | INFO | ris.main |   Expected comm per round: 19416.03 KB (= 621313 B x 2 x 16 tiles)
2026-09-03 18:11:56,149 | INFO | ris.main |   Expected total comm (5 rounds): 97080.16 KB = 94.80 MB
2026-09-03 18:11:56,590 | INFO | ris.main | [OK] Created {len(clients)} RIS tile clients
2026-09-03 18:11:56,590 | INFO | ris.main | 
Starting Federated Learning for 5 rounds...
2026-09-03 18:11:56,590 | INFO | ris.main | Local epochs per round: 20
2026-09-03 18:12:37,119 | INFO | ris.main | [Evaluation] Testing global model...
2026-09-03 18:12:38,259 | INFO | ris.main |   Test Loss: 3.570059
2026-09-03 18:12:38,259 | INFO | ris.main |   Phase Error: 1.6580 rad (94.99°)
2026-09-03 18:12:38,259 | INFO | ris.main |   SNR (Optimized): -12.39 dB
2026-09-03 18:12:38,259 | INFO | ris.main |   SNR Gain: -0.07 dB
2026-09-03 18:13:28,742 | INFO | ris.main | ============================================================
2026-09-03 18:13:28,743 | INFO | ris.main | BASELINE EVALUATION
2026-09-03 18:13:28,743 | INFO | ris.main | ============================================================
2026-09-03 18:13:28,743 | INFO | ris.main | Evaluating: No RIS (direct link)
2026-09-03 18:13:28,744 | INFO | ris.main |   SNR: -13.74 dB
2026-09-03 18:13:28,744 | INFO | ris.main |   Rate: 0.06 bps/Hz
2026-09-03 18:13:28,744 | INFO | ris.main | 
Evaluating: Random RIS
2026-09-03 18:13:28,746 | INFO | ris.main |   SNR: -13.77 dB
2026-09-03 18:13:28,746 | INFO | ris.main |   Rate: 0.06 bps/Hz
2026-09-03 18:13:28,746 | INFO | ris.main | 
Evaluating: Optimal (Genie-aided)
2026-09-03 18:13:28,748 | INFO | ris.main |   SNR: -13.02 dB
2026-09-03 18:13:28,748 | INFO | ris.main |   Rate: 0.07 bps/Hz
2026-09-03 18:13:28,749 | INFO | ris.main | ============================================================
2026-09-03 18:13:28,749 | INFO | ris.main | FEDERATED LEARNING TRAINING
2026-09-03 18:13:28,749 | INFO | ris.main | ============================================================
2026-09-03 18:13:28,749 | INFO | ris.main | ============================================================
2026-09-03 18:13:28,749 | INFO | ris.main | MODEL INITIALIZATION
2026-09-03 18:13:28,749 | INFO | ris.main | ============================================================
2026-09-03 18:13:28,759 | INFO | ris.main | [OK] Global model ({config.MODEL_TYPE}) created
2026-09-03 18:13:28,759 | INFO | ris.main |   Total parameters: 621,313
2026-09-03 18:13:28,759 | INFO | ris.main |   Model size (FP32): 2427.00 KB
2026-09-03 18:13:28,759 | INFO | ris.main |   Model size (INT8 for FL comm): 606.75 KB
2026-09-03 18:13:28,759 | INFO | ris.main |   Expected comm per round: 19416.03 KB (= 621313 B x 2 x 16 tiles)
2026-09-03 18:13:28,759 | INFO | ris.main |   Expected total comm (20 rounds): 388320.62 KB = 379.22 MB
2026-09-03 18:13:32,109 | INFO | ris.main | [OK] Created {len(clients)} RIS tile clients
2026-09-03 18:13:32,110 | INFO | ris.main | 
Starting Federated Learning for 20 rounds...
2026-09-03 18:13:32,110 | INFO | ris.main | Local epochs per round: 1
2026-09-03 18:13:53,606 | INFO | ris.main | [Evaluation] Testing global model...
2026-09-03 18:13:54,972 | INFO | ris.main |   Test Loss: 3.346214
2026-09-03 18:13:54,973 | INFO | ris.main |   Phase Error: 1.5860 rad (90.87°)
2026-09-03 18:13:54,973 | INFO | ris.main |   SNR (Optimized): -13.76 dB
2026-09-03 18:13:54,973 | INFO | ris.main |   SNR Gain: -0.02 dB
2026-09-03 18:15:20,916 | INFO | ris.main | [Evaluation] Testing global model...
2026-09-03 18:15:21,964 | INFO | ris.main |   Test Loss: 3.605147
2026-09-03 18:15:21,964 | INFO | ris.main |   Phase Error: 1.6447 rad (94.24°)
2026-09-03 18:15:21,964 | INFO | ris.main |   SNR (Optimized): -12.38 dB
2026-09-03 18:15:21,964 | INFO | ris.main |   SNR Gain: -0.06 dB
2026-09-03 18:15:21,964 | INFO | ris.main | ============================================================
2026-09-03 18:15:21,965 | INFO | ris.main | TRAINING COMPLETE
2026-09-03 18:15:21,965 | INFO | ris.main | ============================================================
2026-09-03 18:15:21,965 | INFO | ris.main | 
  Communication check:
2026-09-03 18:15:21,966 | INFO | ris.main |     Model parameters: 621,313
2026-09-03 18:15:21,966 | INFO | ris.main |     Expected total: 94.80 MB
2026-09-03 18:15:21,966 | INFO | ris.main |     Actual total:   94.80 MB
2026-09-03 18:15:24,052 | INFO | ris.AdvancedExperiments |   Phase Error: 94.24°
2026-09-03 18:15:24,052 | INFO | ris.AdvancedExperiments |   SNR: -13.02 dB
2026-09-03 18:15:24,052 | INFO | ris.AdvancedExperiments | 
>>> Testing with 2-bit quantization...
2026-09-03 18:15:39,584 | INFO | ris.main | [Evaluation] Testing global model...
2026-09-03 18:15:41,000 | INFO | ris.main |   Test Loss: 3.327744
2026-09-03 18:15:41,000 | INFO | ris.main |   Phase Error: 1.5858 rad (90.86°)
2026-09-03 18:15:41,000 | INFO | ris.main |   SNR (Optimized): -13.72 dB
2026-09-03 18:15:41,000 | INFO | ris.main |   SNR Gain: 0.02 dB
2026-09-03 18:17:21,563 | INFO | ris.main | [Evaluation] Testing global model...
2026-09-03 18:17:23,018 | INFO | ris.main |   Test Loss: 3.320931
2026-09-03 18:17:23,018 | INFO | ris.main |   Phase Error: 1.5832 rad (90.71°)
2026-09-03 18:17:23,019 | INFO | ris.main |   SNR (Optimized): -13.70 dB
2026-09-03 18:17:23,019 | INFO | ris.main |   SNR Gain: 0.04 dB
2026-09-03 18:17:30,044 | INFO | ris.main | ============================================================
2026-09-03 18:17:30,044 | INFO | ris.main | BASELINE EVALUATION
2026-09-03 18:17:30,044 | INFO | ris.main | ============================================================
2026-09-03 18:17:30,044 | INFO | ris.main | Evaluating: No RIS (direct link)
2026-09-03 18:17:30,045 | INFO | ris.main |   SNR: -13.43 dB
2026-09-03 18:17:30,045 | INFO | ris.main |   Rate: 0.06 bps/Hz
2026-09-03 18:17:30,045 | INFO | ris.main | 
Evaluating: Random RIS
2026-09-03 18:17:30,047 | INFO | ris.main |   SNR: -13.46 dB
2026-09-03 18:17:30,047 | INFO | ris.main |   Rate: 0.06 bps/Hz
2026-09-03 18:17:30,047 | INFO | ris.main | 
Evaluating: Optimal (Genie-aided)
2026-09-03 18:17:30,050 | INFO | ris.main |   SNR: -12.77 dB
2026-09-03 18:17:30,050 | INFO | ris.main |   Rate: 0.07 bps/Hz
2026-09-03 18:17:30,050 | INFO | ris.main | ============================================================
2026-09-03 18:17:30,050 | INFO | ris.main | FEDERATED LEARNING TRAINING
2026-09-03 18:17:30,050 | INFO | ris.main | ============================================================
2026-09-03 18:17:30,050 | INFO | ris.main | ============================================================
2026-09-03 18:17:30,051 | INFO | ris.main | MODEL INITIALIZATION
2026-09-03 18:17:30,051 | INFO | ris.main | ============================================================
2026-09-03 18:17:30,060 | INFO | ris.main | [OK] Global model ({config.MODEL_TYPE}) created
2026-09-03 18:17:30,060 | INFO | ris.main |   Total parameters: 621,313
2026-09-03 18:17:30,060 | INFO | ris.main |   Model size (FP32): 2427.00 KB
2026-09-03 18:17:30,060 | INFO | ris.main |   Model size (INT8 for FL comm): 606.75 KB
2026-09-03 18:17:30,061 | INFO | ris.main |   Expected comm per round: 19416.03 KB (= 621313 B x 2 x 16 tiles)
2026-09-03 18:17:30,061 | INFO | ris.main |   Expected total comm (5 rounds): 97080.16 KB = 94.80 MB
2026-09-03 18:17:30,430 | INFO | ris.main | [OK] Created {len(clients)} RIS tile clients
2026-09-03 18:17:30,430 | INFO | ris.main | 
Starting Federated Learning for 5 rounds...
2026-09-03 18:17:30,430 | INFO | ris.main | Local epochs per round: 20
2026-09-03 18:18:14,577 | INFO | ris.main | [Evaluation] Testing global model...
2026-09-03 18:18:15,735 | INFO | ris.main |   Test Loss: 3.289353
2026-09-03 18:18:15,735 | INFO | ris.main |   Phase Error: 1.5675 rad (89.81°)
2026-09-03 18:18:15,735 | INFO | ris.main |   SNR (Optimized): -13.38 dB
2026-09-03 18:18:15,735 | INFO | ris.main |   SNR Gain: 0.05 dB
2026-09-03 18:18:32,691 | INFO | ris.main | [Evaluation] Testing global model...
2026-09-03 18:18:33,483 | INFO | ris.main |   Test Loss: 3.315628
2026-09-03 18:18:33,483 | INFO | ris.main |   Phase Error: 1.5812 rad (90.60°)
2026-09-03 18:18:33,483 | INFO | ris.main |   SNR (Optimized): -13.71 dB
2026-09-03 18:18:33,484 | INFO | ris.main |   SNR Gain: 0.03 dB
2026-09-03 18:19:51,594 | INFO | ris.main | [Evaluation] Testing global model...
2026-09-03 18:19:53,009 | INFO | ris.main |   Test Loss: 3.314676
2026-09-03 18:19:53,010 | INFO | ris.main |   Phase Error: 1.5810 rad (90.59°)
2026-09-03 18:19:53,010 | INFO | ris.main |   SNR (Optimized): -13.71 dB
2026-09-03 18:19:53,010 | INFO | ris.main |   SNR Gain: 0.03 dB
2026-09-03 18:19:53,010 | INFO | ris.main | ============================================================
2026-09-03 18:19:53,010 | INFO | ris.main | TRAINING COMPLETE
2026-09-03 18:19:53,010 | INFO | ris.main | ============================================================
2026-09-03 18:19:53,011 | INFO | ris.main | 
  Communication check:
2026-09-03 18:19:53,011 | INFO | ris.main |     Model parameters: 621,313
2026-09-03 18:19:53,011 | INFO | ris.main |     Expected total: 379.22 MB
2026-09-03 18:19:53,011 | INFO | ris.main |     Actual total:   379.22 MB
2026-09-03 18:19:55,413 | INFO | ris.AdvancedExperiments |   Converged in: 20 rounds
2026-09-03 18:19:55,413 | INFO | ris.AdvancedExperiments |   Final SNR: -13.61 dB
2026-09-03 18:19:55,413 | INFO | ris.AdvancedExperiments |   Total Communication: 388320.62 KB
2026-09-03 18:19:55,413 | INFO | ris.AdvancedExperiments | 
>>> Testing with E = 3 local epochs...
2026-09-03 18:21:02,683 | INFO | ris.main | [Evaluation] Testing global model...
2026-09-03 18:21:03,861 | INFO | ris.main |   Test Loss: 3.094739
2026-09-03 18:21:03,861 | INFO | ris.main |   Phase Error: 1.5118 rad (86.62°)
2026-09-03 18:21:03,862 | INFO | ris.main |   SNR (Optimized): -13.35 dB
2026-09-03 18:21:03,862 | INFO | ris.main |   SNR Gain: 0.08 dB
2026-09-03 18:21:03,862 | INFO | ris.main | ============================================================
2026-09-03 18:21:03,862 | INFO | ris.main | TRAINING COMPLETE
2026-09-03 18:21:03,862 | INFO | ris.main | ============================================================
2026-09-03 18:21:03,862 | INFO | ris.main | 
  Communication check:
2026-09-03 18:21:03,862 | INFO | ris.main |     Model parameters: 621,313
2026-09-03 18:21:03,862 | INFO | ris.main |     Expected total: 94.80 MB
2026-09-03 18:21:03,863 | INFO | ris.main |     Actual total:   94.80 MB
2026-09-03 18:21:06,147 | INFO | ris.AdvancedExperiments |   Phase Error: 86.62°
2026-09-03 18:21:06,147 | INFO | ris.AdvancedExperiments |   SNR: -13.39 dB
2026-09-03 18:21:06,147 | INFO | ris.AdvancedExperiments | 
>>> Testing with 3-bit quantization...
2026-09-03 18:22:55,522 | INFO | ris.main | ============================================================
2026-09-03 18:22:55,522 | INFO | ris.main | BASELINE EVALUATION
2026-09-03 18:22:55,522 | INFO | ris.main | ============================================================
2026-09-03 18:22:55,522 | INFO | ris.main | Evaluating: No RIS (direct link)
2026-09-03 18:22:55,524 | INFO | ris.main |   SNR: -13.08 dB
2026-09-03 18:22:55,524 | INFO | ris.main |   Rate: 0.07 bps/Hz
2026-09-03 18:22:55,524 | INFO | ris.main | 
Evaluating: Random RIS
2026-09-03 18:22:55,525 | INFO | ris.main |   SNR: -13.09 dB
2026-09-03 18:22:55,525 | INFO | ris.main |   Rate: 0.07 bps/Hz
2026-09-03 18:22:55,525 | INFO | ris.main | 
Evaluating: Optimal (Genie-aided)
2026-09-03 18:22:55,525 | INFO | ris.main |   SNR: -12.43 dB
2026-09-03 18:22:55,525 | INFO | ris.main |   Rate: 0.08 bps/Hz
2026-09-03 18:22:55,525 | INFO | ris.main | ============================================================
2026-09-03 18:22:55,525 | INFO | ris.main | FEDERATED LEARNING TRAINING
2026-09-03 18:22:55,525 | INFO | ris.main | ============================================================
2026-09-03 18:22:55,525 | INFO | ris.main | ============================================================
2026-09-03 18:22:55,525 | INFO | ris.main | MODEL INITIALIZATION
2026-09-03 18:22:55,525 | INFO | ris.main | ============================================================
2026-09-03 18:22:55,531 | INFO | ris.main | [OK] Global model ({config.MODEL_TYPE}) created
2026-09-03 18:22:55,531 | INFO | ris.main |   Total parameters: 621,313
2026-09-03 18:22:55,531 | INFO | ris.main |   Model size (FP32): 2427.00 KB
2026-09-03 18:22:55,531 | INFO | ris.main |   Model size (INT8 for FL comm): 606.75 KB
2026-09-03 18:22:55,531 | INFO | ris.main |   Expected comm per round: 19416.03 KB (= 621313 B x 2 x 16 tiles)
2026-09-03 18:22:55,531 | INFO | ris.main |   Expected total comm (5 rounds): 97080.16 KB = 94.80 MB
2026-09-03 18:22:55,924 | INFO | ris.main | [OK] Created {len(clients)} RIS tile clients
2026-09-03 18:22:55,924 | INFO | ris.main | 
Starting Federated Learning for 5 rounds...
2026-09-03 18:22:55,924 | INFO | ris.main | Local epochs per round: 20
2026-09-03 18:23:13,280 | INFO | ris.main | [Evaluation] Testing global model...
2026-09-03 18:23:13,767 | INFO | ris.main |   Test Loss: 3.263324
2026-09-03 18:23:13,767 | INFO | ris.main |   Phase Error: 1.5266 rad (87.47°)
2026-09-03 18:23:13,767 | INFO | ris.main |   SNR (Optimized): -13.07 dB
2026-09-03 18:23:13,767 | INFO | ris.main |   SNR Gain: 0.00 dB
2026-09-03 18:24:22,436 | INFO | ris.main | [Evaluation] Testing global model...
2026-09-03 18:24:22,923 | INFO | ris.main |   Test Loss: 3.340602
2026-09-03 18:24:22,923 | INFO | ris.main |   Phase Error: 1.5170 rad (86.92°)
2026-09-03 18:24:22,923 | INFO | ris.main |   SNR (Optimized): -13.08 dB
2026-09-03 18:24:22,923 | INFO | ris.main |   SNR Gain: -0.00 dB
2026-09-03 18:24:22,923 | INFO | ris.main | ============================================================
2026-09-03 18:24:22,924 | INFO | ris.main | TRAINING COMPLETE
2026-09-03 18:24:22,924 | INFO | ris.main | ============================================================
2026-09-03 18:24:22,924 | INFO | ris.main | 
  Communication check:
2026-09-03 18:24:22,924 | INFO | ris.main |     Model parameters: 621,313
2026-09-03 18:24:22,924 | INFO | ris.main |     Expected total: 94.80 MB
2026-09-03 18:24:22,924 | INFO | ris.main |     Actual total:   94.80 MB
2026-09-03 18:24:23,863 | INFO | ris.AdvancedExperiments |   Phase Error: 86.92°
2026-09-03 18:24:23,863 | INFO | ris.AdvancedExperiments |   SNR: -12.64 dB
2026-09-03 18:24:23,863 | INFO | ris.AdvancedExperiments | 
>>> Testing with continuous-bit quantization...
2026-09-03 18:25:16,968 | INFO | ris.main | ============================================================
2026-09-03 18:25:16,968 | INFO | ris.main | BASELINE EVALUATION
2026-09-03 18:25:16,968 | INFO | ris.main | ============================================================
2026-09-03 18:25:16,968 | INFO | ris.main | Evaluating: No RIS (direct link)
2026-09-03 18:25:16,969 | INFO | ris.main |   SNR: -13.08 dB
2026-09-03 18:25:16,969 | INFO | ris.main |   Rate: 0.07 bps/Hz
2026-09-03 18:25:16,969 | INFO | ris.main | 
Evaluating: Random RIS
2026-09-03 18:25:16,969 | INFO | ris.main |   SNR: -13.06 dB
2026-09-03 18:25:16,970 | INFO | ris.main |   Rate: 0.07 bps/Hz
2026-09-03 18:25:16,970 | INFO | ris.main | 
Evaluating: Optimal (Genie-aided)
2026-09-03 18:25:16,971 | INFO | ris.main |   SNR: -12.43 dB
2026-09-03 18:25:16,971 | INFO | ris.main |   Rate: 0.08 bps/Hz
2026-09-03 18:25:16,971 | INFO | ris.main | ============================================================
2026-09-03 18:25:16,971 | INFO | ris.main | FEDERATED LEARNING TRAINING
2026-09-03 18:25:16,971 | INFO | ris.main | ============================================================
2026-09-03 18:25:16,971 | INFO | ris.main | ============================================================
2026-09-03 18:25:16,971 | INFO | ris.main | MODEL INITIALIZATION
2026-09-03 18:25:16,971 | INFO | ris.main | ============================================================
2026-09-03 18:25:16,975 | INFO | ris.main | [OK] Global model ({config.MODEL_TYPE}) created
2026-09-03 18:25:16,976 | INFO | ris.main |   Total parameters: 621,313
2026-09-03 18:25:16,976 | INFO | ris.main |   Model size (FP32): 2427.00 KB
2026-09-03 18:25:16,976 | INFO | ris.main |   Model size (INT8 for FL comm): 606.75 KB
2026-09-03 18:25:16,976 | INFO | ris.main |   Expected comm per round: 19416.03 KB (= 621313 B x 2 x 16 tiles)
2026-09-03 18:25:16,976 | INFO | ris.main |   Expected total comm (5 rounds): 97080.16 KB = 94.80 MB
2026-09-03 18:25:17,294 | INFO | ris.main | [OK] Created {len(clients)} RIS tile clients
2026-09-03 18:25:17,294 | INFO | ris.main | 
Starting Federated Learning for 5 rounds...
2026-09-03 18:25:17,294 | INFO | ris.main | Local epochs per round: 20
2026-09-03 18:25:34,577 | INFO | ris.main | [Evaluation] Testing global model...
2026-09-03 18:25:35,049 | INFO | ris.main |   Test Loss: 3.265254
2026-09-03 18:25:35,050 | INFO | ris.main |   Phase Error: 1.5605 rad (89.41°)
2026-09-03 18:25:35,050 | INFO | ris.main |   SNR (Optimized): -13.12 dB
2026-09-03 18:25:35,051 | INFO | ris.main |   SNR Gain: -0.03 dB
2026-09-03 18:26:49,768 | INFO | ris.main | [Evaluation] Testing global model...
2026-09-03 18:26:50,240 | INFO | ris.main |   Test Loss: 3.115855
2026-09-03 18:26:50,241 | INFO | ris.main |   Phase Error: 1.5329 rad (87.83°)
2026-09-03 18:26:50,241 | INFO | ris.main |   SNR (Optimized): -13.10 dB
2026-09-03 18:26:50,241 | INFO | ris.main |   SNR Gain: -0.02 dB
2026-09-03 18:26:50,241 | INFO | ris.main | ============================================================
2026-09-03 18:26:50,241 | INFO | ris.main | TRAINING COMPLETE
2026-09-03 18:26:50,241 | INFO | ris.main | ============================================================
2026-09-03 18:26:50,241 | INFO | ris.main | 
  Communication check:
2026-09-03 18:26:50,242 | INFO | ris.main |     Model parameters: 621,313
2026-09-03 18:26:50,242 | INFO | ris.main |     Expected total: 94.80 MB
2026-09-03 18:26:50,242 | INFO | ris.main |     Actual total:   94.80 MB
2026-09-03 18:26:51,226 | INFO | ris.AdvancedExperiments |   Phase Error: 87.83°
2026-09-03 18:26:51,226 | INFO | ris.AdvancedExperiments |   SNR: -13.81 dB
2026-09-03 18:26:51,405 | INFO | ris.AdvancedExperiments | 
[OK] Results saved to results/advanced_experiments\quantization_levels_results.json
2026-09-03 18:26:51,872 | INFO | ris.AdvancedExperiments | 
============================================================
2026-09-03 18:26:51,872 | INFO | ris.AdvancedExperiments | EXPERIMENT 3: Model Compression
2026-09-03 18:26:51,872 | INFO | ris.AdvancedExperiments | ============================================================
2026-09-03 18:26:51,873 | INFO | ris.AdvancedExperiments | 
>>> Testing with FP32 compression...
2026-09-03 18:28:56,649 | INFO | ris.main | ============================================================
2026-09-03 18:28:56,649 | INFO | ris.main | BASELINE EVALUATION
2026-09-03 18:28:56,649 | INFO | ris.main | ============================================================
2026-09-03 18:28:56,649 | INFO | ris.main | Evaluating: No RIS (direct link)
2026-09-03 18:28:56,650 | INFO | ris.main |   SNR: -12.88 dB
2026-09-03 18:28:56,650 | INFO | ris.main |   Rate: 0.07 bps/Hz
2026-09-03 18:28:56,650 | INFO | ris.main | 
Evaluating: Random RIS
2026-09-03 18:28:56,652 | INFO | ris.main |   SNR: -12.84 dB
2026-09-03 18:28:56,652 | INFO | ris.main |   Rate: 0.07 bps/Hz
2026-09-03 18:28:56,652 | INFO | ris.main | 
Evaluating: Optimal (Genie-aided)
2026-09-03 18:28:56,655 | INFO | ris.main |   SNR: -12.18 dB
2026-09-03 18:28:56,655 | INFO | ris.main |   Rate: 0.08 bps/Hz
2026-09-03 18:28:56,655 | INFO | ris.main | ============================================================
2026-09-03 18:28:56,655 | INFO | ris.main | FEDERATED LEARNING TRAINING
2026-09-03 18:28:56,655 | INFO | ris.main | ============================================================
2026-09-03 18:28:56,655 | INFO | ris.main | ============================================================
2026-09-03 18:28:56,655 | INFO | ris.main | MODEL INITIALIZATION
2026-09-03 18:28:56,655 | INFO | ris.main | ============================================================
2026-09-03 18:28:56,664 | INFO | ris.main | [OK] Global model ({config.MODEL_TYPE}) created
2026-09-03 18:28:56,665 | INFO | ris.main |   Total parameters: 621,313
2026-09-03 18:28:56,665 | INFO | ris.main |   Model size (FP32): 2427.00 KB
2026-09-03 18:28:56,665 | INFO | ris.main |   Model size (INT8 for FL comm): 606.75 KB
2026-09-03 18:28:56,665 | INFO | ris.main |   Expected comm per round: 19416.03 KB (= 621313 B x 2 x 16 tiles)
2026-09-03 18:28:56,665 | INFO | ris.main |   Expected total comm (5 rounds): 97080.16 KB = 94.80 MB
2026-09-03 18:28:57,104 | INFO | ris.main | [OK] Created {len(clients)} RIS tile clients
2026-09-03 18:28:57,104 | INFO | ris.main | 
Starting Federated Learning for 5 rounds...
2026-09-03 18:28:57,104 | INFO | ris.main | Local epochs per round: 20
2026-09-03 18:29:36,986 | INFO | ris.main | [Evaluation] Testing global model...
2026-09-03 18:29:38,104 | INFO | ris.main |   Test Loss: 3.440820
2026-09-03 18:29:38,104 | INFO | ris.main |   Phase Error: 1.5952 rad (91.40°)
2026-09-03 18:29:38,105 | INFO | ris.main |   SNR (Optimized): -12.87 dB
2026-09-03 18:29:38,105 | INFO | ris.main |   SNR Gain: 0.01 dB
2026-09-03 18:31:54,290 | INFO | ris.main | [Evaluation] Testing global model...
2026-09-03 18:31:55,408 | INFO | ris.main |   Test Loss: 3.331987
2026-09-03 18:31:55,408 | INFO | ris.main |   Phase Error: 1.5876 rad (90.96°)
2026-09-03 18:31:55,408 | INFO | ris.main |   SNR (Optimized): -12.87 dB
2026-09-03 18:31:55,409 | INFO | ris.main |   SNR Gain: 0.02 dB
2026-09-03 18:31:55,409 | INFO | ris.main | ============================================================
2026-09-03 18:31:55,409 | INFO | ris.main | TRAINING COMPLETE
2026-09-03 18:31:55,409 | INFO | ris.main | ============================================================
2026-09-03 18:31:55,410 | INFO | ris.main | 
  Communication check:
2026-09-03 18:31:55,410 | INFO | ris.main |     Model parameters: 621,313
2026-09-03 18:31:55,410 | INFO | ris.main |     Expected total: 94.80 MB
2026-09-03 18:31:55,410 | INFO | ris.main |     Actual total:   94.80 MB
2026-09-03 18:32:02,720 | INFO | ris.AdvancedExperiments |   Compressing model to 32-bit...
2026-09-03 18:32:03,882 | INFO | ris.AdvancedExperiments |   Communication: 97080.16 KB
2026-09-03 18:32:03,883 | INFO | ris.AdvancedExperiments |   Compression Ratio: 1.0x
2026-09-03 18:32:03,884 | INFO | ris.AdvancedExperiments |   Accuracy Loss: 0.001
2026-09-03 18:32:03,884 | INFO | ris.AdvancedExperiments | 
>>> Testing with FP16 compression...
2026-09-03 18:33:03,850 | INFO | ris.main | ============================================================
2026-09-03 18:33:03,850 | INFO | ris.main | BASELINE EVALUATION
2026-09-03 18:33:03,850 | INFO | ris.main | ============================================================
2026-09-03 18:33:03,850 | INFO | ris.main | Evaluating: No RIS (direct link)
2026-09-03 18:33:03,851 | INFO | ris.main |   SNR: -13.19 dB
2026-09-03 18:33:03,851 | INFO | ris.main |   Rate: 0.07 bps/Hz
2026-09-03 18:33:03,851 | INFO | ris.main | 
Evaluating: Random RIS
2026-09-03 18:33:03,853 | INFO | ris.main |   SNR: -13.19 dB
2026-09-03 18:33:03,854 | INFO | ris.main |   Rate: 0.07 bps/Hz
2026-09-03 18:33:03,854 | INFO | ris.main | 
Evaluating: Optimal (Genie-aided)
2026-09-03 18:33:03,856 | INFO | ris.main |   SNR: -12.51 dB
2026-09-03 18:33:03,856 | INFO | ris.main |   Rate: 0.08 bps/Hz
2026-09-03 18:33:03,856 | INFO | ris.main | ============================================================
2026-09-03 18:33:03,857 | INFO | ris.main | FEDERATED LEARNING TRAINING
2026-09-03 18:33:03,857 | INFO | ris.main | ============================================================
2026-09-03 18:33:03,857 | INFO | ris.main | ============================================================
2026-09-03 18:33:03,857 | INFO | ris.main | MODEL INITIALIZATION
2026-09-03 18:33:03,857 | INFO | ris.main | ============================================================
2026-09-03 18:33:03,867 | INFO | ris.main | [OK] Global model ({config.MODEL_TYPE}) created
2026-09-03 18:33:03,867 | INFO | ris.main |   Total parameters: 621,313
2026-09-03 18:33:03,867 | INFO | ris.main |   Model size (FP32): 2427.00 KB
2026-09-03 18:33:03,867 | INFO | ris.main |   Model size (INT8 for FL comm): 606.75 KB
2026-09-03 18:33:03,867 | INFO | ris.main |   Expected comm per round: 19416.03 KB (= 621313 B x 2 x 16 tiles)
2026-09-03 18:33:03,867 | INFO | ris.main |   Expected total comm (20 rounds): 388320.62 KB = 379.22 MB
2026-09-03 18:33:04,299 | INFO | ris.main | [OK] Created {len(clients)} RIS tile clients
2026-09-03 18:33:04,299 | INFO | ris.main | 
Starting Federated Learning for 20 rounds...
2026-09-03 18:33:04,300 | INFO | ris.main | Local epochs per round: 3
2026-09-03 18:33:26,648 | INFO | ris.main | ============================================================
2026-09-03 18:33:26,648 | INFO | ris.main | BASELINE EVALUATION
2026-09-03 18:33:26,648 | INFO | ris.main | ============================================================
2026-09-03 18:33:26,648 | INFO | ris.main | Evaluating: No RIS (direct link)
2026-09-03 18:33:26,649 | INFO | ris.main |   SNR: -13.84 dB
2026-09-03 18:33:26,649 | INFO | ris.main |   Rate: 0.06 bps/Hz
2026-09-03 18:33:26,649 | INFO | ris.main | 
Evaluating: Random RIS
2026-09-03 18:33:26,651 | INFO | ris.main |   SNR: -13.83 dB
2026-09-03 18:33:26,651 | INFO | ris.main |   Rate: 0.06 bps/Hz
2026-09-03 18:33:26,651 | INFO | ris.main | 
Evaluating: Optimal (Genie-aided)
2026-09-03 18:33:26,654 | INFO | ris.main |   SNR: -13.08 dB
2026-09-03 18:33:26,654 | INFO | ris.main |   Rate: 0.07 bps/Hz
2026-09-03 18:33:26,654 | INFO | ris.main | ============================================================
2026-09-03 18:33:26,654 | INFO | ris.main | FEDERATED LEARNING TRAINING
2026-09-03 18:33:26,654 | INFO | ris.main | ============================================================
2026-09-03 18:33:26,654 | INFO | ris.main | ============================================================
2026-09-03 18:33:26,654 | INFO | ris.main | MODEL INITIALIZATION
2026-09-03 18:33:26,654 | INFO | ris.main | ============================================================
2026-09-03 18:33:26,664 | INFO | ris.main | [OK] Global model ({config.MODEL_TYPE}) created
2026-09-03 18:33:26,664 | INFO | ris.main |   Total parameters: 621,313
2026-09-03 18:33:26,664 | INFO | ris.main |   Model size (FP32): 2427.00 KB
2026-09-03 18:33:26,664 | INFO | ris.main |   Model size (INT8 for FL comm): 606.75 KB
2026-09-03 18:33:26,664 | INFO | ris.main |   Expected comm per round: 19416.03 KB (= 621313 B x 2 x 16 tiles)
2026-09-03 18:33:26,664 | INFO | ris.main |   Expected total comm (5 rounds): 97080.16 KB = 94.80 MB
2026-09-03 18:33:27,030 | INFO | ris.main | [OK] Created {len(clients)} RIS tile clients
2026-09-03 18:33:27,030 | INFO | ris.main | 
Starting Federated Learning for 5 rounds...
2026-09-03 18:33:27,030 | INFO | ris.main | Local epochs per round: 20
2026-09-03 18:34:07,259 | INFO | ris.main | [Evaluation] Testing global model...
2026-09-03 18:34:08,230 | INFO | ris.main | [Evaluation] Testing global model...
2026-09-03 18:34:08,662 | INFO | ris.main |   Test Loss: 3.291731
2026-09-03 18:34:08,663 | INFO | ris.main |   Phase Error: 1.5680 rad (89.84°)
2026-09-03 18:34:08,663 | INFO | ris.main |   SNR (Optimized): -13.14 dB
2026-09-03 18:34:08,663 | INFO | ris.main |   SNR Gain: 0.05 dB
2026-09-03 18:34:09,293 | INFO | ris.main |   Test Loss: 3.171900
2026-09-03 18:34:09,294 | INFO | ris.main |   Phase Error: 1.5546 rad (89.07°)
2026-09-03 18:34:09,294 | INFO | ris.main |   SNR (Optimized): -13.84 dB
2026-09-03 18:34:09,294 | INFO | ris.main |   SNR Gain: -0.00 dB
2026-09-03 18:36:58,487 | INFO | ris.main | [Evaluation] Testing global model...
2026-09-03 18:36:59,607 | INFO | ris.main |   Test Loss: 3.492252
2026-09-03 18:36:59,608 | INFO | ris.main |   Phase Error: 1.6055 rad (91.99°)
2026-09-03 18:36:59,608 | INFO | ris.main |   SNR (Optimized): -13.84 dB
2026-09-03 18:36:59,608 | INFO | ris.main |   SNR Gain: -0.00 dB
2026-09-03 18:36:59,608 | INFO | ris.main | ============================================================
2026-09-03 18:36:59,608 | INFO | ris.main | TRAINING COMPLETE
2026-09-03 18:36:59,609 | INFO | ris.main | ============================================================
2026-09-03 18:36:59,609 | INFO | ris.main | 
  Communication check:
2026-09-03 18:36:59,609 | INFO | ris.main |     Model parameters: 621,313
2026-09-03 18:36:59,609 | INFO | ris.main |     Expected total: 94.80 MB
2026-09-03 18:36:59,609 | INFO | ris.main |     Actual total:   94.80 MB
2026-09-03 18:37:09,217 | INFO | ris.AdvancedExperiments |   Compressing model to 16-bit...
2026-09-03 18:37:11,474 | INFO | ris.AdvancedExperiments |   Communication: 48540.08 KB
2026-09-03 18:37:11,474 | INFO | ris.AdvancedExperiments |   Compression Ratio: 2.0x
2026-09-03 18:37:11,474 | INFO | ris.AdvancedExperiments |   Accuracy Loss: -0.010
2026-09-03 18:37:11,474 | INFO | ris.AdvancedExperiments | 
>>> Testing with INT8 compression...
2026-09-03 18:37:35,145 | INFO | ris.main | [Evaluation] Testing global model...
2026-09-03 18:37:35,771 | INFO | ris.main |   Test Loss: 3.308013
2026-09-03 18:37:35,771 | INFO | ris.main |   Phase Error: 1.5777 rad (90.40°)
2026-09-03 18:37:35,771 | INFO | ris.main |   SNR (Optimized): -13.18 dB
2026-09-03 18:37:35,771 | INFO | ris.main |   SNR Gain: 0.01 dB
2026-09-03 18:39:15,705 | INFO | ris.main | ============================================================
2026-09-03 18:39:15,706 | INFO | ris.main | BASELINE EVALUATION
2026-09-03 18:39:15,706 | INFO | ris.main | ============================================================
2026-09-03 18:39:15,706 | INFO | ris.main | Evaluating: No RIS (direct link)
2026-09-03 18:39:15,706 | INFO | ris.main |   SNR: -14.45 dB
2026-09-03 18:39:15,706 | INFO | ris.main |   Rate: 0.05 bps/Hz
2026-09-03 18:39:15,706 | INFO | ris.main | 
Evaluating: Random RIS
2026-09-03 18:39:15,708 | INFO | ris.main |   SNR: -14.44 dB
2026-09-03 18:39:15,709 | INFO | ris.main |   Rate: 0.05 bps/Hz
2026-09-03 18:39:15,709 | INFO | ris.main | 
Evaluating: Optimal (Genie-aided)
2026-09-03 18:39:15,711 | INFO | ris.main |   SNR: -13.72 dB
2026-09-03 18:39:15,711 | INFO | ris.main |   Rate: 0.06 bps/Hz
2026-09-03 18:39:15,711 | INFO | ris.main | ============================================================
2026-09-03 18:39:15,711 | INFO | ris.main | FEDERATED LEARNING TRAINING
2026-09-03 18:39:15,711 | INFO | ris.main | ============================================================
2026-09-03 18:39:15,711 | INFO | ris.main | ============================================================
2026-09-03 18:39:15,712 | INFO | ris.main | MODEL INITIALIZATION
2026-09-03 18:39:15,712 | INFO | ris.main | ============================================================
2026-09-03 18:39:15,720 | INFO | ris.main | [OK] Global model ({config.MODEL_TYPE}) created
2026-09-03 18:39:15,721 | INFO | ris.main |   Total parameters: 621,313
2026-09-03 18:39:15,721 | INFO | ris.main |   Model size (FP32): 2427.00 KB
2026-09-03 18:39:15,721 | INFO | ris.main |   Model size (INT8 for FL comm): 606.75 KB
2026-09-03 18:39:15,721 | INFO | ris.main |   Expected comm per round: 19416.03 KB (= 621313 B x 2 x 16 tiles)
2026-09-03 18:39:15,721 | INFO | ris.main |   Expected total comm (5 rounds): 97080.16 KB = 94.80 MB
2026-09-03 18:39:16,201 | INFO | ris.main | [OK] Created {len(clients)} RIS tile clients
2026-09-03 18:39:16,201 | INFO | ris.main | 
Starting Federated Learning for 5 rounds...
2026-09-03 18:39:16,201 | INFO | ris.main | Local epochs per round: 20
2026-09-03 18:39:58,734 | INFO | ris.main | [Evaluation] Testing global model...
2026-09-03 18:39:59,518 | INFO | ris.main |   Test Loss: 3.295498
2026-09-03 18:39:59,519 | INFO | ris.main |   Phase Error: 1.5756 rad (90.28°)
2026-09-03 18:39:59,519 | INFO | ris.main |   SNR (Optimized): -13.15 dB
2026-09-03 18:39:59,519 | INFO | ris.main |   SNR Gain: 0.04 dB
2026-09-03 18:40:03,650 | INFO | ris.main | [Evaluation] Testing global model...
2026-09-03 18:40:04,787 | INFO | ris.main |   Test Loss: 3.298576
2026-09-03 18:40:04,787 | INFO | ris.main |   Phase Error: 1.5741 rad (90.19°)
2026-09-03 18:40:04,787 | INFO | ris.main |   SNR (Optimized): -14.48 dB
2026-09-03 18:40:04,787 | INFO | ris.main |   SNR Gain: -0.03 dB
2026-09-03 18:43:08,872 | INFO | ris.main | [Evaluation] Testing global model...
2026-09-03 18:43:09,658 | INFO | ris.main |   Test Loss: 3.282992
2026-09-03 18:43:09,658 | INFO | ris.main |   Phase Error: 1.5725 rad (90.10°)
2026-09-03 18:43:09,659 | INFO | ris.main |   SNR (Optimized): -13.16 dB
2026-09-03 18:43:09,659 | INFO | ris.main |   SNR Gain: 0.03 dB
2026-09-03 18:43:15,950 | INFO | ris.main | [Evaluation] Testing global model...
2026-09-03 18:43:17,101 | INFO | ris.main |   Test Loss: 3.174656
2026-09-03 18:43:17,101 | INFO | ris.main |   Phase Error: 1.5447 rad (88.50°)
2026-09-03 18:43:17,101 | INFO | ris.main |   SNR (Optimized): -14.45 dB
2026-09-03 18:43:17,101 | INFO | ris.main |   SNR Gain: 0.01 dB
2026-09-03 18:43:17,101 | INFO | ris.main | ============================================================
2026-09-03 18:43:17,101 | INFO | ris.main | TRAINING COMPLETE
2026-09-03 18:43:17,102 | INFO | ris.main | ============================================================
2026-09-03 18:43:17,102 | INFO | ris.main | 
  Communication check:
2026-09-03 18:43:17,102 | INFO | ris.main |     Model parameters: 621,313
2026-09-03 18:43:17,102 | INFO | ris.main |     Expected total: 94.80 MB
2026-09-03 18:43:17,102 | INFO | ris.main |     Actual total:   94.80 MB
2026-09-03 18:43:26,637 | INFO | ris.AdvancedExperiments |   Compressing model to 8-bit...
2026-09-03 18:43:28,905 | INFO | ris.AdvancedExperiments |   Communication: 24270.04 KB
2026-09-03 18:43:28,906 | INFO | ris.AdvancedExperiments |   Compression Ratio: 4.0x
2026-09-03 18:43:28,906 | INFO | ris.AdvancedExperiments |   Accuracy Loss: 0.005
2026-09-03 18:43:29,111 | INFO | ris.AdvancedExperiments | 
[OK] Results saved to results/advanced_experiments\model_compression_results.json
2026-09-03 18:43:29,863 | INFO | ris.AdvancedExperiments | 
============================================================
2026-09-03 18:43:29,863 | INFO | ris.AdvancedExperiments | EXPERIMENT 4: User Mobility
2026-09-03 18:43:29,863 | INFO | ris.AdvancedExperiments | ============================================================
2026-09-03 18:43:29,863 | INFO | ris.AdvancedExperiments | 
>>> Testing with Static mobility (0.0 m/s)...
2026-09-03 18:45:07,066 | INFO | ris.main | [Evaluation] Testing global model...
2026-09-03 18:45:07,687 | INFO | ris.main |   Test Loss: 3.285263
2026-09-03 18:45:07,687 | INFO | ris.main |   Phase Error: 1.5731 rad (90.13°)
2026-09-03 18:45:07,687 | INFO | ris.main |   SNR (Optimized): -13.17 dB
2026-09-03 18:45:07,687 | INFO | ris.main |   SNR Gain: 0.02 dB
2026-09-03 18:45:07,688 | INFO | ris.main | ============================================================
2026-09-03 18:45:07,688 | INFO | ris.main | TRAINING COMPLETE
2026-09-03 18:45:07,688 | INFO | ris.main | ============================================================
2026-09-03 18:45:07,688 | INFO | ris.main | 
  Communication check:
2026-09-03 18:45:07,688 | INFO | ris.main |     Model parameters: 621,313
2026-09-03 18:45:07,688 | INFO | ris.main |     Expected total: 379.22 MB
2026-09-03 18:45:07,689 | INFO | ris.main |     Actual total:   379.22 MB
2026-09-03 18:45:08,745 | INFO | ris.AdvancedExperiments |   Converged in: 20 rounds
2026-09-03 18:45:08,745 | INFO | ris.AdvancedExperiments |   Final SNR: -13.39 dB
2026-09-03 18:45:08,745 | INFO | ris.AdvancedExperiments |   Total Communication: 388320.62 KB
2026-09-03 18:45:08,746 | INFO | ris.AdvancedExperiments | 
>>> Testing with E = 5 local epochs...
2026-09-03 18:45:35,200 | INFO | ris.main | ============================================================
2026-09-03 18:45:35,200 | INFO | ris.main | BASELINE EVALUATION
2026-09-03 18:45:35,200 | INFO | ris.main | ============================================================
2026-09-03 18:45:35,201 | INFO | ris.main | Evaluating: No RIS (direct link)
2026-09-03 18:45:35,201 | INFO | ris.main |   SNR: -12.29 dB
2026-09-03 18:45:35,201 | INFO | ris.main |   Rate: 0.08 bps/Hz
2026-09-03 18:45:35,201 | INFO | ris.main | 
Evaluating: Random RIS
2026-09-03 18:45:35,203 | INFO | ris.main |   SNR: -12.30 dB
2026-09-03 18:45:35,203 | INFO | ris.main |   Rate: 0.08 bps/Hz
2026-09-03 18:45:35,203 | INFO | ris.main | 
Evaluating: Optimal (Genie-aided)
2026-09-03 18:45:35,206 | INFO | ris.main |   SNR: -11.70 dB
2026-09-03 18:45:35,206 | INFO | ris.main |   Rate: 0.09 bps/Hz
2026-09-03 18:45:35,206 | INFO | ris.main | ============================================================
2026-09-03 18:45:35,206 | INFO | ris.main | FEDERATED LEARNING TRAINING
2026-09-03 18:45:35,206 | INFO | ris.main | ============================================================
2026-09-03 18:45:35,206 | INFO | ris.main | ============================================================
2026-09-03 18:45:35,206 | INFO | ris.main | MODEL INITIALIZATION
2026-09-03 18:45:35,206 | INFO | ris.main | ============================================================
2026-09-03 18:45:35,215 | INFO | ris.main | [OK] Global model ({config.MODEL_TYPE}) created
2026-09-03 18:45:35,215 | INFO | ris.main |   Total parameters: 621,313
2026-09-03 18:45:35,215 | INFO | ris.main |   Model size (FP32): 2427.00 KB
2026-09-03 18:45:35,215 | INFO | ris.main |   Model size (INT8 for FL comm): 606.75 KB
2026-09-03 18:45:35,215 | INFO | ris.main |   Expected comm per round: 19416.03 KB (= 621313 B x 2 x 16 tiles)
2026-09-03 18:45:35,216 | INFO | ris.main |   Expected total comm (5 rounds): 97080.16 KB = 94.80 MB
2026-09-03 18:45:35,669 | INFO | ris.main | [OK] Created {len(clients)} RIS tile clients
2026-09-03 18:45:35,669 | INFO | ris.main | 
Starting Federated Learning for 5 rounds...
2026-09-03 18:45:35,669 | INFO | ris.main | Local epochs per round: 20
2026-09-03 18:46:15,716 | INFO | ris.main | [Evaluation] Testing global model...
2026-09-03 18:46:16,706 | INFO | ris.main |   Test Loss: 3.228290
2026-09-03 18:46:16,706 | INFO | ris.main |   Phase Error: 1.5315 rad (87.75°)
2026-09-03 18:46:16,706 | INFO | ris.main |   SNR (Optimized): -12.28 dB
2026-09-03 18:46:16,706 | INFO | ris.main |   SNR Gain: 0.00 dB
2026-09-03 18:48:56,368 | INFO | ris.main | [Evaluation] Testing global model...
2026-09-03 18:48:57,508 | INFO | ris.main |   Test Loss: 3.031713
2026-09-03 18:48:57,508 | INFO | ris.main |   Phase Error: 1.5111 rad (86.58°)
2026-09-03 18:48:57,508 | INFO | ris.main |   SNR (Optimized): -12.30 dB
2026-09-03 18:48:57,508 | INFO | ris.main |   SNR Gain: -0.01 dB
2026-09-03 18:48:57,508 | INFO | ris.main | ============================================================
2026-09-03 18:48:57,508 | INFO | ris.main | TRAINING COMPLETE
2026-09-03 18:48:57,508 | INFO | ris.main | ============================================================
2026-09-03 18:48:57,509 | INFO | ris.main | 
  Communication check:
2026-09-03 18:48:57,509 | INFO | ris.main |     Model parameters: 621,313
2026-09-03 18:48:57,509 | INFO | ris.main |     Expected total: 94.80 MB
2026-09-03 18:48:57,509 | INFO | ris.main |     Actual total:   94.80 MB
2026-09-03 18:48:59,635 | INFO | ris.AdvancedExperiments |   Tracking Error: 0.000 m
2026-09-03 18:48:59,635 | INFO | ris.AdvancedExperiments |   Adaptation Time: 0.00 rounds
2026-09-03 18:48:59,635 | INFO | ris.AdvancedExperiments | 
>>> Testing with Pedestrian mobility (0.5 m/s)...
2026-09-03 18:51:09,278 | INFO | ris.main | ============================================================
2026-09-03 18:51:09,279 | INFO | ris.main | BASELINE EVALUATION
2026-09-03 18:51:09,279 | INFO | ris.main | ============================================================
2026-09-03 18:51:09,279 | INFO | ris.main | Evaluating: No RIS (direct link)
2026-09-03 18:51:09,279 | INFO | ris.main |   SNR: -12.70 dB
2026-09-03 18:51:09,279 | INFO | ris.main |   Rate: 0.08 bps/Hz
2026-09-03 18:51:09,279 | INFO | ris.main | 
Evaluating: Random RIS
2026-09-03 18:51:09,281 | INFO | ris.main |   SNR: -12.72 dB
2026-09-03 18:51:09,282 | INFO | ris.main |   Rate: 0.08 bps/Hz
2026-09-03 18:51:09,282 | INFO | ris.main | 
Evaluating: Optimal (Genie-aided)
2026-09-03 18:51:09,284 | INFO | ris.main |   SNR: -11.98 dB
2026-09-03 18:51:09,284 | INFO | ris.main |   Rate: 0.09 bps/Hz
2026-09-03 18:51:09,284 | INFO | ris.main | ============================================================
2026-09-03 18:51:09,284 | INFO | ris.main | FEDERATED LEARNING TRAINING
2026-09-03 18:51:09,284 | INFO | ris.main | ============================================================
2026-09-03 18:51:09,285 | INFO | ris.main | ============================================================
2026-09-03 18:51:09,285 | INFO | ris.main | MODEL INITIALIZATION
2026-09-03 18:51:09,285 | INFO | ris.main | ============================================================
2026-09-03 18:51:09,294 | INFO | ris.main | [OK] Global model ({config.MODEL_TYPE}) created
2026-09-03 18:51:09,295 | INFO | ris.main |   Total parameters: 621,313
2026-09-03 18:51:09,295 | INFO | ris.main |   Model size (FP32): 2427.00 KB
2026-09-03 18:51:09,295 | INFO | ris.main |   Model size (INT8 for FL comm): 606.75 KB
2026-09-03 18:51:09,295 | INFO | ris.main |   Expected comm per round: 19416.03 KB (= 621313 B x 2 x 16 tiles)
2026-09-03 18:51:09,295 | INFO | ris.main |   Expected total comm (5 rounds): 97080.16 KB = 94.80 MB
2026-09-03 18:51:09,875 | INFO | ris.main | [OK] Created {len(clients)} RIS tile clients
2026-09-03 18:51:09,875 | INFO | ris.main | 
Starting Federated Learning for 5 rounds...
2026-09-03 18:51:09,875 | INFO | ris.main | Local epochs per round: 20
2026-09-03 18:51:49,812 | INFO | ris.main | [Evaluation] Testing global model...
2026-09-03 18:51:50,916 | INFO | ris.main |   Test Loss: 3.405577
2026-09-03 18:51:50,916 | INFO | ris.main |   Phase Error: 1.5743 rad (90.20°)
2026-09-03 18:51:50,916 | INFO | ris.main |   SNR (Optimized): -12.80 dB
2026-09-03 18:51:50,917 | INFO | ris.main |   SNR Gain: -0.10 dB
2026-09-03 18:54:31,383 | INFO | ris.main | [Evaluation] Testing global model...
2026-09-03 18:54:32,501 | INFO | ris.main |   Test Loss: 3.186188
2026-09-03 18:54:32,501 | INFO | ris.main |   Phase Error: 1.5210 rad (87.15°)
2026-09-03 18:54:32,501 | INFO | ris.main |   SNR (Optimized): -12.70 dB
2026-09-03 18:54:32,501 | INFO | ris.main |   SNR Gain: 0.00 dB
2026-09-03 18:54:32,501 | INFO | ris.main | ============================================================
2026-09-03 18:54:32,501 | INFO | ris.main | TRAINING COMPLETE
2026-09-03 18:54:32,501 | INFO | ris.main | ============================================================
2026-09-03 18:54:32,502 | INFO | ris.main | 
  Communication check:
2026-09-03 18:54:32,502 | INFO | ris.main |     Model parameters: 621,313
2026-09-03 18:54:32,502 | INFO | ris.main |     Expected total: 94.80 MB
2026-09-03 18:54:32,502 | INFO | ris.main |     Actual total:   94.80 MB
2026-09-03 18:54:34,595 | INFO | ris.AdvancedExperiments |   Simulating mobility: 0.5 m/s...
2026-09-03 18:54:44,481 | INFO | ris.AdvancedExperiments |   Tracking Error: 0.944 m
2026-09-03 18:54:44,481 | INFO | ris.AdvancedExperiments |   Adaptation Time: 6.00 rounds
2026-09-03 18:54:44,481 | INFO | ris.AdvancedExperiments | 
>>> Testing with Cycling mobility (1.5 m/s)...
2026-09-03 18:55:23,492 | INFO | ris.main | ============================================================
2026-09-03 18:55:23,492 | INFO | ris.main | BASELINE EVALUATION
2026-09-03 18:55:23,493 | INFO | ris.main | ============================================================
2026-09-03 18:55:23,493 | INFO | ris.main | Evaluating: No RIS (direct link)
2026-09-03 18:55:23,493 | INFO | ris.main |   SNR: -11.85 dB
2026-09-03 18:55:23,494 | INFO | ris.main |   Rate: 0.09 bps/Hz
2026-09-03 18:55:23,494 | INFO | ris.main | 
Evaluating: Random RIS
2026-09-03 18:55:23,494 | INFO | ris.main |   SNR: -11.85 dB
2026-09-03 18:55:23,494 | INFO | ris.main |   Rate: 0.09 bps/Hz
2026-09-03 18:55:23,495 | INFO | ris.main | 
Evaluating: Optimal (Genie-aided)
2026-09-03 18:55:23,496 | INFO | ris.main |   SNR: -11.19 dB
2026-09-03 18:55:23,496 | INFO | ris.main |   Rate: 0.11 bps/Hz
2026-09-03 18:55:23,496 | INFO | ris.main | ============================================================
2026-09-03 18:55:23,496 | INFO | ris.main | FEDERATED LEARNING TRAINING
2026-09-03 18:55:23,496 | INFO | ris.main | ============================================================
2026-09-03 18:55:23,496 | INFO | ris.main | ============================================================
2026-09-03 18:55:23,496 | INFO | ris.main | MODEL INITIALIZATION
2026-09-03 18:55:23,496 | INFO | ris.main | ============================================================
2026-09-03 18:55:23,500 | INFO | ris.main | [OK] Global model ({config.MODEL_TYPE}) created
2026-09-03 18:55:23,500 | INFO | ris.main |   Total parameters: 621,313
2026-09-03 18:55:23,500 | INFO | ris.main |   Model size (FP32): 2427.00 KB
2026-09-03 18:55:23,500 | INFO | ris.main |   Model size (INT8 for FL comm): 606.75 KB
2026-09-03 18:55:23,500 | INFO | ris.main |   Expected comm per round: 19416.03 KB (= 621313 B x 2 x 16 tiles)
2026-09-03 18:55:23,500 | INFO | ris.main |   Expected total comm (20 rounds): 388320.62 KB = 379.22 MB
2026-09-03 18:55:24,002 | INFO | ris.main | [OK] Created {len(clients)} RIS tile clients
2026-09-03 18:55:24,002 | INFO | ris.main | 
Starting Federated Learning for 20 rounds...
2026-09-03 18:55:24,002 | INFO | ris.main | Local epochs per round: 5
2026-09-03 18:56:17,555 | INFO | ris.main | [Evaluation] Testing global model...
2026-09-03 18:56:18,175 | INFO | ris.main |   Test Loss: 3.246221
2026-09-03 18:56:18,175 | INFO | ris.main |   Phase Error: 1.5584 rad (89.29°)
2026-09-03 18:56:18,175 | INFO | ris.main |   SNR (Optimized): -11.86 dB
2026-09-03 18:56:18,175 | INFO | ris.main |   SNR Gain: -0.01 dB
2026-09-03 18:56:50,073 | INFO | ris.main | ============================================================
2026-09-03 18:56:50,073 | INFO | ris.main | BASELINE EVALUATION
2026-09-03 18:56:50,073 | INFO | ris.main | ============================================================
2026-09-03 18:56:50,073 | INFO | ris.main | Evaluating: No RIS (direct link)
2026-09-03 18:56:50,073 | INFO | ris.main |   SNR: -13.38 dB
2026-09-03 18:56:50,074 | INFO | ris.main |   Rate: 0.06 bps/Hz
2026-09-03 18:56:50,074 | INFO | ris.main | 
Evaluating: Random RIS
2026-09-03 18:56:50,076 | INFO | ris.main |   SNR: -13.34 dB
2026-09-03 18:56:50,076 | INFO | ris.main |   Rate: 0.07 bps/Hz
2026-09-03 18:56:50,076 | INFO | ris.main | 
Evaluating: Optimal (Genie-aided)
2026-09-03 18:56:50,078 | INFO | ris.main |   SNR: -12.74 dB
2026-09-03 18:56:50,079 | INFO | ris.main |   Rate: 0.07 bps/Hz
2026-09-03 18:56:50,079 | INFO | ris.main | ============================================================
2026-09-03 18:56:50,079 | INFO | ris.main | FEDERATED LEARNING TRAINING
2026-09-03 18:56:50,079 | INFO | ris.main | ============================================================
2026-09-03 18:56:50,079 | INFO | ris.main | ============================================================
2026-09-03 18:56:50,079 | INFO | ris.main | MODEL INITIALIZATION
2026-09-03 18:56:50,079 | INFO | ris.main | ============================================================
2026-09-03 18:56:50,088 | INFO | ris.main | [OK] Global model ({config.MODEL_TYPE}) created
2026-09-03 18:56:50,088 | INFO | ris.main |   Total parameters: 621,313
2026-09-03 18:56:50,088 | INFO | ris.main |   Model size (FP32): 2427.00 KB
2026-09-03 18:56:50,088 | INFO | ris.main |   Model size (INT8 for FL comm): 606.75 KB
2026-09-03 18:56:50,088 | INFO | ris.main |   Expected comm per round: 19416.03 KB (= 621313 B x 2 x 16 tiles)
2026-09-03 18:56:50,089 | INFO | ris.main |   Expected total comm (5 rounds): 97080.16 KB = 94.80 MB
2026-09-03 18:56:50,445 | INFO | ris.main | [OK] Created {len(clients)} RIS tile clients
2026-09-03 18:56:50,445 | INFO | ris.main | 
Starting Federated Learning for 5 rounds...
2026-09-03 18:56:50,445 | INFO | ris.main | Local epochs per round: 20
2026-09-03 18:57:37,937 | INFO | ris.main | [Evaluation] Testing global model...
2026-09-03 18:57:39,077 | INFO | ris.main |   Test Loss: 3.251006
2026-09-03 18:57:39,077 | INFO | ris.main |   Phase Error: 1.5773 rad (90.37°)
2026-09-03 18:57:39,077 | INFO | ris.main |   SNR (Optimized): -13.36 dB
2026-09-03 18:57:39,077 | INFO | ris.main |   SNR Gain: 0.02 dB
2026-09-03 19:00:49,028 | INFO | ris.main | [Evaluation] Testing global model...
2026-09-03 19:00:50,152 | INFO | ris.main |   Test Loss: 3.371982
2026-09-03 19:00:50,152 | INFO | ris.main |   Phase Error: 1.5899 rad (91.09°)
2026-09-03 19:00:50,153 | INFO | ris.main |   SNR (Optimized): -13.41 dB
2026-09-03 19:00:50,153 | INFO | ris.main |   SNR Gain: -0.03 dB
2026-09-03 19:00:50,153 | INFO | ris.main | ============================================================
2026-09-03 19:00:50,153 | INFO | ris.main | TRAINING COMPLETE
2026-09-03 19:00:50,153 | INFO | ris.main | ============================================================
2026-09-03 19:00:50,153 | INFO | ris.main | 
  Communication check:
2026-09-03 19:00:50,153 | INFO | ris.main |     Model parameters: 621,313
2026-09-03 19:00:50,153 | INFO | ris.main |     Expected total: 94.80 MB
2026-09-03 19:00:50,154 | INFO | ris.main |     Actual total:   94.80 MB
2026-09-03 19:00:52,387 | INFO | ris.AdvancedExperiments |   Simulating mobility: 1.5 m/s...
2026-09-03 19:01:01,804 | INFO | ris.AdvancedExperiments |   Tracking Error: 0.915 m
2026-09-03 19:01:01,804 | INFO | ris.AdvancedExperiments |   Adaptation Time: 8.00 rounds
2026-09-03 19:01:01,804 | INFO | ris.AdvancedExperiments | 
>>> Testing with Vehicle mobility (3.0 m/s)...
2026-09-03 19:01:11,072 | INFO | ris.main | [Evaluation] Testing global model...
2026-09-03 19:01:11,680 | INFO | ris.main |   Test Loss: 3.267177
2026-09-03 19:01:11,680 | INFO | ris.main |   Phase Error: 1.5598 rad (89.37°)
2026-09-03 19:01:11,681 | INFO | ris.main |   SNR (Optimized): -11.82 dB
2026-09-03 19:01:11,681 | INFO | ris.main |   SNR Gain: 0.04 dB
2026-09-03 19:03:05,219 | INFO | ris.main | ============================================================
2026-09-03 19:03:05,220 | INFO | ris.main | BASELINE EVALUATION
2026-09-03 19:03:05,220 | INFO | ris.main | ============================================================
2026-09-03 19:03:05,220 | INFO | ris.main | Evaluating: No RIS (direct link)
2026-09-03 19:03:05,220 | INFO | ris.main |   SNR: -13.64 dB
2026-09-03 19:03:05,220 | INFO | ris.main |   Rate: 0.06 bps/Hz
2026-09-03 19:03:05,220 | INFO | ris.main | 
Evaluating: Random RIS
2026-09-03 19:03:05,222 | INFO | ris.main |   SNR: -13.63 dB
2026-09-03 19:03:05,223 | INFO | ris.main |   Rate: 0.06 bps/Hz
2026-09-03 19:03:05,223 | INFO | ris.main | 
Evaluating: Optimal (Genie-aided)
2026-09-03 19:03:05,225 | INFO | ris.main |   SNR: -12.90 dB
2026-09-03 19:03:05,225 | INFO | ris.main |   Rate: 0.07 bps/Hz
2026-09-03 19:03:05,225 | INFO | ris.main | ============================================================
2026-09-03 19:03:05,225 | INFO | ris.main | FEDERATED LEARNING TRAINING
2026-09-03 19:03:05,225 | INFO | ris.main | ============================================================
2026-09-03 19:03:05,225 | INFO | ris.main | ============================================================
2026-09-03 19:03:05,226 | INFO | ris.main | MODEL INITIALIZATION
2026-09-03 19:03:05,226 | INFO | ris.main | ============================================================
2026-09-03 19:03:05,234 | INFO | ris.main | [OK] Global model ({config.MODEL_TYPE}) created
2026-09-03 19:03:05,234 | INFO | ris.main |   Total parameters: 621,313
2026-09-03 19:03:05,234 | INFO | ris.main |   Model size (FP32): 2427.00 KB
2026-09-03 19:03:05,234 | INFO | ris.main |   Model size (INT8 for FL comm): 606.75 KB
2026-09-03 19:03:05,234 | INFO | ris.main |   Expected comm per round: 19416.03 KB (= 621313 B x 2 x 16 tiles)
2026-09-03 19:03:05,234 | INFO | ris.main |   Expected total comm (5 rounds): 97080.16 KB = 94.80 MB
2026-09-03 19:03:05,725 | INFO | ris.main | [OK] Created {len(clients)} RIS tile clients
2026-09-03 19:03:05,726 | INFO | ris.main | 
Starting Federated Learning for 5 rounds...
2026-09-03 19:03:05,726 | INFO | ris.main | Local epochs per round: 20
2026-09-03 19:03:53,411 | INFO | ris.main | [Evaluation] Testing global model...
2026-09-03 19:03:54,526 | INFO | ris.main |   Test Loss: 3.311533
2026-09-03 19:03:54,526 | INFO | ris.main |   Phase Error: 1.6136 rad (92.45°)
2026-09-03 19:03:54,526 | INFO | ris.main |   SNR (Optimized): -13.62 dB
2026-09-03 19:03:54,527 | INFO | ris.main |   SNR Gain: 0.02 dB
2026-09-03 19:05:33,705 | INFO | ris.main | [Evaluation] Testing global model...
2026-09-03 19:05:34,521 | INFO | ris.main |   Test Loss: 3.263337
2026-09-03 19:05:34,521 | INFO | ris.main |   Phase Error: 1.5600 rad (89.38°)
2026-09-03 19:05:34,521 | INFO | ris.main |   SNR (Optimized): -11.78 dB
2026-09-03 19:05:34,522 | INFO | ris.main |   SNR Gain: 0.07 dB
2026-09-03 19:07:04,442 | INFO | ris.main | [Evaluation] Testing global model...
2026-09-03 19:07:05,599 | INFO | ris.main |   Test Loss: 3.293363
2026-09-03 19:07:05,599 | INFO | ris.main |   Phase Error: 1.6030 rad (91.84°)
2026-09-03 19:07:05,599 | INFO | ris.main |   SNR (Optimized): -13.60 dB
2026-09-03 19:07:05,599 | INFO | ris.main |   SNR Gain: 0.04 dB
2026-09-03 19:07:05,599 | INFO | ris.main | ============================================================
2026-09-03 19:07:05,599 | INFO | ris.main | TRAINING COMPLETE
2026-09-03 19:07:05,599 | INFO | ris.main | ============================================================
2026-09-03 19:07:05,600 | INFO | ris.main | 
  Communication check:
2026-09-03 19:07:05,600 | INFO | ris.main |     Model parameters: 621,313
2026-09-03 19:07:05,600 | INFO | ris.main |     Expected total: 94.80 MB
2026-09-03 19:07:05,600 | INFO | ris.main |     Actual total:   94.80 MB
2026-09-03 19:07:07,795 | INFO | ris.AdvancedExperiments |   Simulating mobility: 3.0 m/s...
2026-09-03 19:07:17,285 | INFO | ris.AdvancedExperiments |   Tracking Error: 0.940 m
2026-09-03 19:07:17,285 | INFO | ris.AdvancedExperiments |   Adaptation Time: 11.00 rounds
2026-09-03 19:07:17,577 | INFO | ris.AdvancedExperiments | 
[OK] Results saved to results/advanced_experiments\user_mobility_results.json
2026-09-03 19:07:18,754 | INFO | ris.AdvancedExperiments | 
============================================================
2026-09-03 19:07:18,755 | INFO | ris.AdvancedExperiments | EXPERIMENT 5: Non-IID Heterogeneity
2026-09-03 19:07:18,755 | INFO | ris.AdvancedExperiments | ============================================================
2026-09-03 19:09:22,151 | INFO | ris.main | ============================================================
2026-09-03 19:09:22,151 | INFO | ris.main | BASELINE EVALUATION
2026-09-03 19:09:22,151 | INFO | ris.main | ============================================================
2026-09-03 19:09:22,151 | INFO | ris.main | Evaluating: No RIS (direct link)
2026-09-03 19:09:22,152 | INFO | ris.main |   SNR: -12.33 dB
2026-09-03 19:09:22,152 | INFO | ris.main |   Rate: 0.08 bps/Hz
2026-09-03 19:09:22,152 | INFO | ris.main | 
Evaluating: Random RIS
2026-09-03 19:09:22,154 | INFO | ris.main |   SNR: -12.31 dB
2026-09-03 19:09:22,154 | INFO | ris.main |   Rate: 0.08 bps/Hz
2026-09-03 19:09:22,154 | INFO | ris.main | 
Evaluating: Optimal (Genie-aided)
2026-09-03 19:09:22,156 | INFO | ris.main |   SNR: -11.77 dB
2026-09-03 19:09:22,156 | INFO | ris.main |   Rate: 0.09 bps/Hz
2026-09-03 19:09:22,156 | INFO | ris.main | ============================================================
2026-09-03 19:09:22,157 | INFO | ris.main | FEDERATED LEARNING TRAINING
2026-09-03 19:09:22,157 | INFO | ris.main | ============================================================
2026-09-03 19:09:22,157 | INFO | ris.main | ============================================================
2026-09-03 19:09:22,157 | INFO | ris.main | MODEL INITIALIZATION
2026-09-03 19:09:22,157 | INFO | ris.main | ============================================================
2026-09-03 19:09:22,166 | INFO | ris.main | [OK] Global model ({config.MODEL_TYPE}) created
2026-09-03 19:09:22,166 | INFO | ris.main |   Total parameters: 621,313
2026-09-03 19:09:22,166 | INFO | ris.main |   Model size (FP32): 2427.00 KB
2026-09-03 19:09:22,166 | INFO | ris.main |   Model size (INT8 for FL comm): 606.75 KB
2026-09-03 19:09:22,166 | INFO | ris.main |   Expected comm per round: 19416.03 KB (= 621313 B x 2 x 16 tiles)
2026-09-03 19:09:22,166 | INFO | ris.main |   Expected total comm (5 rounds): 97080.16 KB = 94.80 MB
2026-09-03 19:09:22,527 | INFO | ris.main | [OK] Created {len(clients)} RIS tile clients
2026-09-03 19:09:22,527 | INFO | ris.main | 
Starting Federated Learning for 5 rounds...
2026-09-03 19:09:22,527 | INFO | ris.main | Local epochs per round: 20
2026-09-03 19:09:48,341 | INFO | ris.main | [Evaluation] Testing global model...
2026-09-03 19:09:49,141 | INFO | ris.main |   Test Loss: 3.256826
2026-09-03 19:09:49,141 | INFO | ris.main |   Phase Error: 1.5592 rad (89.33°)
2026-09-03 19:09:49,142 | INFO | ris.main |   SNR (Optimized): -11.78 dB
2026-09-03 19:09:49,142 | INFO | ris.main |   SNR Gain: 0.08 dB
2026-09-03 19:10:09,952 | INFO | ris.main | [Evaluation] Testing global model...
2026-09-03 19:10:11,076 | INFO | ris.main |   Test Loss: 3.294202
2026-09-03 19:10:11,076 | INFO | ris.main |   Phase Error: 1.5714 rad (90.03°)
2026-09-03 19:10:11,077 | INFO | ris.main |   SNR (Optimized): -12.34 dB
2026-09-03 19:10:11,077 | INFO | ris.main |   SNR Gain: -0.01 dB
2026-09-03 19:13:20,197 | INFO | ris.main | [Evaluation] Testing global model...
2026-09-03 19:13:21,342 | INFO | ris.main |   Test Loss: 3.240664
2026-09-03 19:13:21,343 | INFO | ris.main |   Phase Error: 1.5440 rad (88.47°)
2026-09-03 19:13:21,343 | INFO | ris.main |   SNR (Optimized): -12.33 dB
2026-09-03 19:13:21,343 | INFO | ris.main |   SNR Gain: -0.00 dB
2026-09-03 19:13:21,343 | INFO | ris.main | ============================================================
2026-09-03 19:13:21,343 | INFO | ris.main | TRAINING COMPLETE
2026-09-03 19:13:21,343 | INFO | ris.main | ============================================================
2026-09-03 19:13:21,343 | INFO | ris.main | 
  Communication check:
2026-09-03 19:13:21,343 | INFO | ris.main |     Model parameters: 621,313
2026-09-03 19:13:21,343 | INFO | ris.main |     Expected total: 94.80 MB
2026-09-03 19:13:21,344 | INFO | ris.main |     Actual total:   94.80 MB
2026-09-03 19:13:23,572 | INFO | ris.AdvancedExperiments |   Fairness Index: 0.540
2026-09-03 19:13:23,572 | INFO | ris.AdvancedExperiments |   Convergence: 5 rounds
2026-09-03 19:13:49,672 | INFO | ris.main | [Evaluation] Testing global model...
2026-09-03 19:13:50,300 | INFO | ris.main |   Test Loss: 3.258783
2026-09-03 19:13:50,300 | INFO | ris.main |   Phase Error: 1.5604 rad (89.40°)
2026-09-03 19:13:50,301 | INFO | ris.main |   SNR (Optimized): -11.78 dB
2026-09-03 19:13:50,301 | INFO | ris.main |   SNR Gain: 0.07 dB
2026-09-03 19:13:50,301 | INFO | ris.main | ============================================================
2026-09-03 19:13:50,301 | INFO | ris.main | TRAINING COMPLETE
2026-09-03 19:13:50,301 | INFO | ris.main | ============================================================
2026-09-03 19:13:50,301 | INFO | ris.main | 
  Communication check:
2026-09-03 19:13:50,302 | INFO | ris.main |     Model parameters: 621,313
2026-09-03 19:13:50,302 | INFO | ris.main |     Expected total: 379.22 MB
2026-09-03 19:13:50,302 | INFO | ris.main |     Actual total:   379.22 MB
2026-09-03 19:13:51,379 | INFO | ris.AdvancedExperiments |   Converged in: 20 rounds
2026-09-03 19:13:51,379 | INFO | ris.AdvancedExperiments |   Final SNR: -12.07 dB
2026-09-03 19:13:51,379 | INFO | ris.AdvancedExperiments |   Total Communication: 388320.62 KB
2026-09-03 19:13:51,380 | INFO | ris.AdvancedExperiments | 
>>> Testing with E = 10 local epochs...
2026-09-03 19:15:32,114 | INFO | ris.main | ============================================================
2026-09-03 19:15:32,115 | INFO | ris.main | BASELINE EVALUATION
2026-09-03 19:15:32,115 | INFO | ris.main | ============================================================
2026-09-03 19:15:32,115 | INFO | ris.main | Evaluating: No RIS (direct link)
2026-09-03 19:15:32,115 | INFO | ris.main |   SNR: -13.66 dB
2026-09-03 19:15:32,115 | INFO | ris.main |   Rate: 0.06 bps/Hz
2026-09-03 19:15:32,116 | INFO | ris.main | 
Evaluating: Random RIS
2026-09-03 19:15:32,118 | INFO | ris.main |   SNR: -13.65 dB
2026-09-03 19:15:32,118 | INFO | ris.main |   Rate: 0.06 bps/Hz
2026-09-03 19:15:32,118 | INFO | ris.main | 
Evaluating: Optimal (Genie-aided)
2026-09-03 19:15:32,120 | INFO | ris.main |   SNR: -12.91 dB
2026-09-03 19:15:32,120 | INFO | ris.main |   Rate: 0.07 bps/Hz
2026-09-03 19:15:32,120 | INFO | ris.main | ============================================================
2026-09-03 19:15:32,121 | INFO | ris.main | FEDERATED LEARNING TRAINING
2026-09-03 19:15:32,121 | INFO | ris.main | ============================================================
2026-09-03 19:15:32,121 | INFO | ris.main | ============================================================
2026-09-03 19:15:32,121 | INFO | ris.main | MODEL INITIALIZATION
2026-09-03 19:15:32,121 | INFO | ris.main | ============================================================
2026-09-03 19:15:32,131 | INFO | ris.main | [OK] Global model ({config.MODEL_TYPE}) created
2026-09-03 19:15:32,131 | INFO | ris.main |   Total parameters: 621,313
2026-09-03 19:15:32,131 | INFO | ris.main |   Model size (FP32): 2427.00 KB
2026-09-03 19:15:32,131 | INFO | ris.main |   Model size (INT8 for FL comm): 606.75 KB
2026-09-03 19:15:32,131 | INFO | ris.main |   Expected comm per round: 19416.03 KB (= 621313 B x 2 x 16 tiles)
2026-09-03 19:15:32,131 | INFO | ris.main |   Expected total comm (5 rounds): 97080.16 KB = 94.80 MB
2026-09-03 19:15:32,721 | INFO | ris.main | [OK] Created {len(clients)} RIS tile clients
2026-09-03 19:15:32,721 | INFO | ris.main | 
Starting Federated Learning for 5 rounds...
2026-09-03 19:15:32,721 | INFO | ris.main | Local epochs per round: 20
2026-09-03 19:16:13,469 | INFO | ris.main | [Evaluation] Testing global model...
2026-09-03 19:16:14,596 | INFO | ris.main |   Test Loss: 3.354572
2026-09-03 19:16:14,597 | INFO | ris.main |   Phase Error: 1.6079 rad (92.13°)
2026-09-03 19:16:14,597 | INFO | ris.main |   SNR (Optimized): -13.62 dB
2026-09-03 19:16:14,597 | INFO | ris.main |   SNR Gain: 0.05 dB
2026-09-03 19:18:55,105 | INFO | ris.main | [Evaluation] Testing global model...
2026-09-03 19:18:56,214 | INFO | ris.main |   Test Loss: 3.276574
2026-09-03 19:18:56,214 | INFO | ris.main |   Phase Error: 1.6064 rad (92.04°)
2026-09-03 19:18:56,214 | INFO | ris.main |   SNR (Optimized): -13.65 dB
2026-09-03 19:18:56,214 | INFO | ris.main |   SNR Gain: 0.01 dB
2026-09-03 19:18:56,214 | INFO | ris.main | ============================================================
2026-09-03 19:18:56,214 | INFO | ris.main | TRAINING COMPLETE
2026-09-03 19:18:56,214 | INFO | ris.main | ============================================================
2026-09-03 19:18:56,215 | INFO | ris.main | 
  Communication check:
2026-09-03 19:18:56,215 | INFO | ris.main |     Model parameters: 621,313
2026-09-03 19:18:56,215 | INFO | ris.main |     Expected total: 94.80 MB
2026-09-03 19:18:56,215 | INFO | ris.main |     Actual total:   94.80 MB
2026-09-03 19:18:58,322 | INFO | ris.AdvancedExperiments |   Fairness Index: 0.620
2026-09-03 19:18:58,322 | INFO | ris.AdvancedExperiments |   Convergence: 5 rounds
2026-09-03 19:21:07,166 | INFO | ris.main | ============================================================
2026-09-03 19:21:07,166 | INFO | ris.main | BASELINE EVALUATION
2026-09-03 19:21:07,167 | INFO | ris.main | ============================================================
2026-09-03 19:21:07,167 | INFO | ris.main | Evaluating: No RIS (direct link)
2026-09-03 19:21:07,167 | INFO | ris.main |   SNR: -12.18 dB
2026-09-03 19:21:07,167 | INFO | ris.main |   Rate: 0.08 bps/Hz
2026-09-03 19:21:07,167 | INFO | ris.main | 
Evaluating: Random RIS
2026-09-03 19:21:07,168 | INFO | ris.main |   SNR: -12.20 dB
2026-09-03 19:21:07,168 | INFO | ris.main |   Rate: 0.08 bps/Hz
2026-09-03 19:21:07,168 | INFO | ris.main | 
Evaluating: Optimal (Genie-aided)
2026-09-03 19:21:07,169 | INFO | ris.main |   SNR: -11.52 dB
2026-09-03 19:21:07,169 | INFO | ris.main |   Rate: 0.10 bps/Hz
2026-09-03 19:21:07,169 | INFO | ris.main | ============================================================
2026-09-03 19:21:07,169 | INFO | ris.main | FEDERATED LEARNING TRAINING
2026-09-03 19:21:07,169 | INFO | ris.main | ============================================================
2026-09-03 19:21:07,169 | INFO | ris.main | ============================================================
2026-09-03 19:21:07,169 | INFO | ris.main | MODEL INITIALIZATION
2026-09-03 19:21:07,169 | INFO | ris.main | ============================================================
2026-09-03 19:21:07,174 | INFO | ris.main | [OK] Global model ({config.MODEL_TYPE}) created
2026-09-03 19:21:07,174 | INFO | ris.main |   Total parameters: 621,313
2026-09-03 19:21:07,174 | INFO | ris.main |   Model size (FP32): 2427.00 KB
2026-09-03 19:21:07,174 | INFO | ris.main |   Model size (INT8 for FL comm): 606.75 KB
2026-09-03 19:21:07,174 | INFO | ris.main |   Expected comm per round: 19416.03 KB (= 621313 B x 2 x 16 tiles)
2026-09-03 19:21:07,174 | INFO | ris.main |   Expected total comm (5 rounds): 97080.16 KB = 94.80 MB
2026-09-03 19:21:07,601 | INFO | ris.main | [OK] Created {len(clients)} RIS tile clients
2026-09-03 19:21:07,601 | INFO | ris.main | 
Starting Federated Learning for 5 rounds...
2026-09-03 19:21:07,601 | INFO | ris.main | Local epochs per round: 20
2026-09-03 19:21:47,436 | INFO | ris.main | [Evaluation] Testing global model...
2026-09-03 19:21:48,584 | INFO | ris.main |   Test Loss: 3.168776
2026-09-03 19:21:48,584 | INFO | ris.main |   Phase Error: 1.5742 rad (90.20°)
2026-09-03 19:21:48,584 | INFO | ris.main |   SNR (Optimized): -12.14 dB
2026-09-03 19:21:48,584 | INFO | ris.main |   SNR Gain: 0.04 dB
2026-09-03 19:23:59,995 | INFO | ris.main | ============================================================
2026-09-03 19:23:59,995 | INFO | ris.main | BASELINE EVALUATION
2026-09-03 19:23:59,996 | INFO | ris.main | ============================================================
2026-09-03 19:23:59,996 | INFO | ris.main | Evaluating: No RIS (direct link)
2026-09-03 19:23:59,996 | INFO | ris.main |   SNR: -12.35 dB
2026-09-03 19:23:59,996 | INFO | ris.main |   Rate: 0.08 bps/Hz
2026-09-03 19:23:59,996 | INFO | ris.main | 
Evaluating: Random RIS
2026-09-03 19:23:59,997 | INFO | ris.main |   SNR: -12.36 dB
2026-09-03 19:23:59,997 | INFO | ris.main |   Rate: 0.08 bps/Hz
2026-09-03 19:23:59,997 | INFO | ris.main | 
Evaluating: Optimal (Genie-aided)
2026-09-03 19:23:59,999 | INFO | ris.main |   SNR: -11.83 dB
2026-09-03 19:23:59,999 | INFO | ris.main |   Rate: 0.09 bps/Hz
2026-09-03 19:23:59,999 | INFO | ris.main | ============================================================
2026-09-03 19:24:00,000 | INFO | ris.main | FEDERATED LEARNING TRAINING
2026-09-03 19:24:00,000 | INFO | ris.main | ============================================================
2026-09-03 19:24:00,000 | INFO | ris.main | ============================================================
2026-09-03 19:24:00,000 | INFO | ris.main | MODEL INITIALIZATION
2026-09-03 19:24:00,000 | INFO | ris.main | ============================================================
2026-09-03 19:24:00,006 | INFO | ris.main | [OK] Global model ({config.MODEL_TYPE}) created
2026-09-03 19:24:00,006 | INFO | ris.main |   Total parameters: 621,313
2026-09-03 19:24:00,006 | INFO | ris.main |   Model size (FP32): 2427.00 KB
2026-09-03 19:24:00,006 | INFO | ris.main |   Model size (INT8 for FL comm): 606.75 KB
2026-09-03 19:24:00,006 | INFO | ris.main |   Expected comm per round: 19416.03 KB (= 621313 B x 2 x 16 tiles)
2026-09-03 19:24:00,006 | INFO | ris.main |   Expected total comm (20 rounds): 388320.62 KB = 379.22 MB
2026-09-03 19:24:00,288 | INFO | ris.main | [OK] Created {len(clients)} RIS tile clients
2026-09-03 19:24:00,288 | INFO | ris.main | 
Starting Federated Learning for 20 rounds...
2026-09-03 19:24:00,288 | INFO | ris.main | Local epochs per round: 10
2026-09-03 19:24:34,208 | INFO | ris.main | [Evaluation] Testing global model...
2026-09-03 19:24:35,362 | INFO | ris.main |   Test Loss: 3.198184
2026-09-03 19:24:35,362 | INFO | ris.main |   Phase Error: 1.5689 rad (89.89°)
2026-09-03 19:24:35,362 | INFO | ris.main |   SNR (Optimized): -12.18 dB
2026-09-03 19:24:35,362 | INFO | ris.main |   SNR Gain: -0.00 dB
2026-09-03 19:24:35,362 | INFO | ris.main | ============================================================
2026-09-03 19:24:35,363 | INFO | ris.main | TRAINING COMPLETE
2026-09-03 19:24:35,363 | INFO | ris.main | ============================================================
2026-09-03 19:24:35,363 | INFO | ris.main | 
  Communication check:
2026-09-03 19:24:35,364 | INFO | ris.main |     Model parameters: 621,313
2026-09-03 19:24:35,364 | INFO | ris.main |     Expected total: 94.80 MB
2026-09-03 19:24:35,364 | INFO | ris.main |     Actual total:   94.80 MB
2026-09-03 19:24:37,571 | INFO | ris.AdvancedExperiments |   Fairness Index: 0.700
2026-09-03 19:24:37,571 | INFO | ris.AdvancedExperiments |   Convergence: 5 rounds
2026-09-03 19:25:39,183 | INFO | ris.main | [Evaluation] Testing global model...
2026-09-03 19:25:39,804 | INFO | ris.main |   Test Loss: 3.324939
2026-09-03 19:25:39,804 | INFO | ris.main |   Phase Error: 1.5837 rad (90.74°)
2026-09-03 19:25:39,804 | INFO | ris.main |   SNR (Optimized): -12.32 dB
2026-09-03 19:25:39,805 | INFO | ris.main |   SNR Gain: 0.03 dB
2026-09-03 19:26:40,876 | INFO | ris.main | ============================================================
2026-09-03 19:26:40,876 | INFO | ris.main | BASELINE EVALUATION
2026-09-03 19:26:40,876 | INFO | ris.main | ============================================================
2026-09-03 19:26:40,876 | INFO | ris.main | Evaluating: No RIS (direct link)
2026-09-03 19:26:40,876 | INFO | ris.main |   SNR: -12.29 dB
2026-09-03 19:26:40,876 | INFO | ris.main |   Rate: 0.08 bps/Hz
2026-09-03 19:26:40,877 | INFO | ris.main | 
Evaluating: Random RIS
2026-09-03 19:26:40,879 | INFO | ris.main |   SNR: -12.33 dB
2026-09-03 19:26:40,879 | INFO | ris.main |   Rate: 0.08 bps/Hz
2026-09-03 19:26:40,879 | INFO | ris.main | 
Evaluating: Optimal (Genie-aided)
2026-09-03 19:26:40,881 | INFO | ris.main |   SNR: -11.64 dB
2026-09-03 19:26:40,881 | INFO | ris.main |   Rate: 0.10 bps/Hz
2026-09-03 19:26:40,881 | INFO | ris.main | ============================================================
2026-09-03 19:26:40,881 | INFO | ris.main | FEDERATED LEARNING TRAINING
2026-09-03 19:26:40,881 | INFO | ris.main | ============================================================
2026-09-03 19:26:40,882 | INFO | ris.main | ============================================================
2026-09-03 19:26:40,882 | INFO | ris.main | MODEL INITIALIZATION
2026-09-03 19:26:40,882 | INFO | ris.main | ============================================================
2026-09-03 19:26:40,891 | INFO | ris.main | [OK] Global model ({config.MODEL_TYPE}) created
2026-09-03 19:26:40,891 | INFO | ris.main |   Total parameters: 621,313
2026-09-03 19:26:40,891 | INFO | ris.main |   Model size (FP32): 2427.00 KB
2026-09-03 19:26:40,891 | INFO | ris.main |   Model size (INT8 for FL comm): 606.75 KB
2026-09-03 19:26:40,891 | INFO | ris.main |   Expected comm per round: 19416.03 KB (= 621313 B x 2 x 16 tiles)
2026-09-03 19:26:40,891 | INFO | ris.main |   Expected total comm (5 rounds): 97080.16 KB = 94.80 MB
2026-09-03 19:26:41,248 | INFO | ris.main | [OK] Created {len(clients)} RIS tile clients
2026-09-03 19:26:41,248 | INFO | ris.main | 
Starting Federated Learning for 5 rounds...
2026-09-03 19:26:41,248 | INFO | ris.main | Local epochs per round: 20
2026-09-03 19:27:26,671 | INFO | ris.main | [Evaluation] Testing global model...
2026-09-03 19:27:27,801 | INFO | ris.main |   Test Loss: 3.192484
2026-09-03 19:27:27,802 | INFO | ris.main |   Phase Error: 1.4880 rad (85.25°)
2026-09-03 19:27:27,802 | INFO | ris.main |   SNR (Optimized): -12.28 dB
2026-09-03 19:27:27,802 | INFO | ris.main |   SNR Gain: 0.01 dB
2026-09-03 19:30:37,251 | INFO | ris.main | [Evaluation] Testing global model...
2026-09-03 19:30:38,387 | INFO | ris.main |   Test Loss: 3.241237
2026-09-03 19:30:38,388 | INFO | ris.main |   Phase Error: 1.5345 rad (87.92°)
2026-09-03 19:30:38,388 | INFO | ris.main |   SNR (Optimized): -12.31 dB
2026-09-03 19:30:38,388 | INFO | ris.main |   SNR Gain: -0.01 dB
2026-09-03 19:30:38,388 | INFO | ris.main | ============================================================
2026-09-03 19:30:38,388 | INFO | ris.main | TRAINING COMPLETE
2026-09-03 19:30:38,388 | INFO | ris.main | ============================================================
2026-09-03 19:30:38,388 | INFO | ris.main | 
  Communication check:
2026-09-03 19:30:38,389 | INFO | ris.main |     Model parameters: 621,313
2026-09-03 19:30:38,389 | INFO | ris.main |     Expected total: 94.80 MB
2026-09-03 19:30:38,389 | INFO | ris.main |     Actual total:   94.80 MB
2026-09-03 19:30:40,610 | INFO | ris.AdvancedExperiments |   Fairness Index: 0.780
2026-09-03 19:30:40,610 | INFO | ris.AdvancedExperiments |   Convergence: 5 rounds
2026-09-03 19:32:44,626 | INFO | ris.main | ============================================================
2026-09-03 19:32:44,627 | INFO | ris.main | BASELINE EVALUATION
2026-09-03 19:32:44,627 | INFO | ris.main | ============================================================
2026-09-03 19:32:44,627 | INFO | ris.main | Evaluating: No RIS (direct link)
2026-09-03 19:32:44,627 | INFO | ris.main |   SNR: -14.34 dB
2026-09-03 19:32:44,627 | INFO | ris.main |   Rate: 0.05 bps/Hz
2026-09-03 19:32:44,627 | INFO | ris.main | 
Evaluating: Random RIS
2026-09-03 19:32:44,629 | INFO | ris.main |   SNR: -14.36 dB
2026-09-03 19:32:44,629 | INFO | ris.main |   Rate: 0.05 bps/Hz
2026-09-03 19:32:44,630 | INFO | ris.main | 
Evaluating: Optimal (Genie-aided)
2026-09-03 19:32:44,632 | INFO | ris.main |   SNR: -13.64 dB
2026-09-03 19:32:44,632 | INFO | ris.main |   Rate: 0.06 bps/Hz
2026-09-03 19:32:44,632 | INFO | ris.main | ============================================================
2026-09-03 19:32:44,632 | INFO | ris.main | FEDERATED LEARNING TRAINING
2026-09-03 19:32:44,632 | INFO | ris.main | ============================================================
2026-09-03 19:32:44,632 | INFO | ris.main | ============================================================
2026-09-03 19:32:44,633 | INFO | ris.main | MODEL INITIALIZATION
2026-09-03 19:32:44,633 | INFO | ris.main | ============================================================
2026-09-03 19:32:44,641 | INFO | ris.main | [OK] Global model ({config.MODEL_TYPE}) created
2026-09-03 19:32:44,642 | INFO | ris.main |   Total parameters: 621,313
2026-09-03 19:32:44,642 | INFO | ris.main |   Model size (FP32): 2427.00 KB
2026-09-03 19:32:44,642 | INFO | ris.main |   Model size (INT8 for FL comm): 606.75 KB
2026-09-03 19:32:44,642 | INFO | ris.main |   Expected comm per round: 19416.03 KB (= 621313 B x 2 x 16 tiles)
2026-09-03 19:32:44,642 | INFO | ris.main |   Expected total comm (5 rounds): 97080.16 KB = 94.80 MB
2026-09-03 19:32:45,000 | INFO | ris.main | [OK] Created {len(clients)} RIS tile clients
2026-09-03 19:32:45,001 | INFO | ris.main | 
Starting Federated Learning for 5 rounds...
2026-09-03 19:32:45,001 | INFO | ris.main | Local epochs per round: 20
2026-09-03 19:33:29,497 | INFO | ris.main | [Evaluation] Testing global model...
2026-09-03 19:33:30,595 | INFO | ris.main |   Test Loss: 3.138693
2026-09-03 19:33:30,595 | INFO | ris.main |   Phase Error: 1.5338 rad (87.88°)
2026-09-03 19:33:30,595 | INFO | ris.main |   SNR (Optimized): -14.32 dB
2026-09-03 19:33:30,595 | INFO | ris.main |   SNR Gain: 0.03 dB
2026-09-03 19:35:05,685 | INFO | ris.main | [Evaluation] Testing global model...
2026-09-03 19:35:06,493 | INFO | ris.main |   Test Loss: 3.266727
2026-09-03 19:35:06,494 | INFO | ris.main |   Phase Error: 1.5642 rad (89.62°)
2026-09-03 19:35:06,494 | INFO | ris.main |   SNR (Optimized): -12.32 dB
2026-09-03 19:35:06,494 | INFO | ris.main |   SNR Gain: 0.03 dB
2026-09-03 19:36:39,033 | INFO | ris.main | [Evaluation] Testing global model...
2026-09-03 19:36:40,152 | INFO | ris.main |   Test Loss: 3.225989
2026-09-03 19:36:40,152 | INFO | ris.main |   Phase Error: 1.5429 rad (88.40°)
2026-09-03 19:36:40,152 | INFO | ris.main |   SNR (Optimized): -14.32 dB
2026-09-03 19:36:40,153 | INFO | ris.main |   SNR Gain: 0.03 dB
2026-09-03 19:36:40,153 | INFO | ris.main | ============================================================
2026-09-03 19:36:40,153 | INFO | ris.main | TRAINING COMPLETE
2026-09-03 19:36:40,153 | INFO | ris.main | ============================================================
2026-09-03 19:36:40,153 | INFO | ris.main | 
  Communication check:
2026-09-03 19:36:40,153 | INFO | ris.main |     Model parameters: 621,313
2026-09-03 19:36:40,153 | INFO | ris.main |     Expected total: 94.80 MB
2026-09-03 19:36:40,153 | INFO | ris.main |     Actual total:   94.80 MB
2026-09-03 19:36:42,356 | INFO | ris.AdvancedExperiments |   Fairness Index: 0.900
2026-09-03 19:36:42,356 | INFO | ris.AdvancedExperiments |   Convergence: 5 rounds
2026-09-03 19:36:42,691 | INFO | ris.AdvancedExperiments | 
[OK] Results saved to results/advanced_experiments\non_iid_heterogeneity_results.json
2026-09-03 19:36:43,424 | INFO | ris.AdvancedExperiments | 
============================================================
2026-09-03 19:36:43,425 | INFO | ris.AdvancedExperiments | EXPERIMENT 6: Pilot Overhead
2026-09-03 19:36:43,425 | INFO | ris.AdvancedExperiments | ============================================================
2026-09-03 19:36:43,425 | INFO | ris.AdvancedExperiments | 
>>> Testing FL method (1 pilots/round)...
2026-09-03 19:38:47,096 | INFO | ris.main | ============================================================
2026-09-03 19:38:47,096 | INFO | ris.main | BASELINE EVALUATION
2026-09-03 19:38:47,096 | INFO | ris.main | ============================================================
2026-09-03 19:38:47,097 | INFO | ris.main | Evaluating: No RIS (direct link)
2026-09-03 19:38:47,097 | INFO | ris.main |   SNR: -14.26 dB
2026-09-03 19:38:47,097 | INFO | ris.main |   Rate: 0.05 bps/Hz
2026-09-03 19:38:47,097 | INFO | ris.main | 
Evaluating: Random RIS
2026-09-03 19:38:47,099 | INFO | ris.main |   SNR: -14.26 dB
2026-09-03 19:38:47,099 | INFO | ris.main |   Rate: 0.05 bps/Hz
2026-09-03 19:38:47,099 | INFO | ris.main | 
Evaluating: Optimal (Genie-aided)
2026-09-03 19:38:47,102 | INFO | ris.main |   SNR: -13.56 dB
2026-09-03 19:38:47,102 | INFO | ris.main |   Rate: 0.06 bps/Hz
2026-09-03 19:38:47,102 | INFO | ris.main | ============================================================
2026-09-03 19:38:47,102 | INFO | ris.main | FEDERATED LEARNING TRAINING
2026-09-03 19:38:47,102 | INFO | ris.main | ============================================================
2026-09-03 19:38:47,102 | INFO | ris.main | ============================================================
2026-09-03 19:38:47,102 | INFO | ris.main | MODEL INITIALIZATION
2026-09-03 19:38:47,102 | INFO | ris.main | ============================================================
2026-09-03 19:38:47,111 | INFO | ris.main | [OK] Global model ({config.MODEL_TYPE}) created
2026-09-03 19:38:47,111 | INFO | ris.main |   Total parameters: 621,313
2026-09-03 19:38:47,111 | INFO | ris.main |   Model size (FP32): 2427.00 KB
2026-09-03 19:38:47,112 | INFO | ris.main |   Model size (INT8 for FL comm): 606.75 KB
2026-09-03 19:38:47,112 | INFO | ris.main |   Expected comm per round: 19416.03 KB (= 621313 B x 2 x 16 tiles)
2026-09-03 19:38:47,112 | INFO | ris.main |   Expected total comm (5 rounds): 97080.16 KB = 94.80 MB
2026-09-03 19:38:47,463 | INFO | ris.main | [OK] Created {len(clients)} RIS tile clients
2026-09-03 19:38:47,463 | INFO | ris.main | 
Starting Federated Learning for 5 rounds...
2026-09-03 19:38:47,463 | INFO | ris.main | Local epochs per round: 20
2026-09-03 19:39:34,989 | INFO | ris.main | [Evaluation] Testing global model...
2026-09-03 19:39:36,110 | INFO | ris.main |   Test Loss: 3.400758
2026-09-03 19:39:36,110 | INFO | ris.main |   Phase Error: 1.5754 rad (90.27°)
2026-09-03 19:39:36,110 | INFO | ris.main |   SNR (Optimized): -14.25 dB
2026-09-03 19:39:36,110 | INFO | ris.main |   SNR Gain: 0.02 dB
2026-09-03 19:42:46,382 | INFO | ris.main | [Evaluation] Testing global model...
2026-09-03 19:42:47,530 | INFO | ris.main |   Test Loss: 3.394038
2026-09-03 19:42:47,530 | INFO | ris.main |   Phase Error: 1.5664 rad (89.75°)
2026-09-03 19:42:47,530 | INFO | ris.main |   SNR (Optimized): -14.24 dB
2026-09-03 19:42:47,530 | INFO | ris.main |   SNR Gain: 0.02 dB
2026-09-03 19:42:47,530 | INFO | ris.main | ============================================================
2026-09-03 19:42:47,531 | INFO | ris.main | TRAINING COMPLETE
2026-09-03 19:42:47,531 | INFO | ris.main | ============================================================
2026-09-03 19:42:47,531 | INFO | ris.main | 
  Communication check:
2026-09-03 19:42:47,531 | INFO | ris.main |     Model parameters: 621,313
2026-09-03 19:42:47,531 | INFO | ris.main |     Expected total: 94.80 MB
2026-09-03 19:42:47,531 | INFO | ris.main |     Actual total:   94.80 MB
2026-09-03 19:42:49,721 | INFO | ris.AdvancedExperiments |   Total Pilots: 5
2026-09-03 19:42:49,721 | INFO | ris.AdvancedExperiments |   Overhead: 80 bits
2026-09-03 19:42:49,722 | INFO | ris.AdvancedExperiments | 
>>> Testing Traditional method (64 pilots/round)...
2026-09-03 19:44:06,961 | INFO | ris.main | [Evaluation] Testing global model...
2026-09-03 19:44:07,573 | INFO | ris.main |   Test Loss: 3.268201
2026-09-03 19:44:07,573 | INFO | ris.main |   Phase Error: 1.5592 rad (89.34°)
2026-09-03 19:44:07,573 | INFO | ris.main |   SNR (Optimized): -12.30 dB
2026-09-03 19:44:07,573 | INFO | ris.main |   SNR Gain: 0.05 dB
2026-09-03 19:44:53,564 | INFO | ris.main | ============================================================
2026-09-03 19:44:53,565 | INFO | ris.main | BASELINE EVALUATION
2026-09-03 19:44:53,565 | INFO | ris.main | ============================================================
2026-09-03 19:44:53,565 | INFO | ris.main | Evaluating: No RIS (direct link)
2026-09-03 19:44:53,565 | INFO | ris.main |   SNR: -12.27 dB
2026-09-03 19:44:53,565 | INFO | ris.main |   Rate: 0.08 bps/Hz
2026-09-03 19:44:53,565 | INFO | ris.main | 
Evaluating: Random RIS
2026-09-03 19:44:53,567 | INFO | ris.main |   SNR: -12.28 dB
2026-09-03 19:44:53,568 | INFO | ris.main |   Rate: 0.08 bps/Hz
2026-09-03 19:44:53,568 | INFO | ris.main | 
Evaluating: Optimal (Genie-aided)
2026-09-03 19:44:53,570 | INFO | ris.main |   SNR: -11.69 dB
2026-09-03 19:44:53,570 | INFO | ris.main |   Rate: 0.09 bps/Hz
2026-09-03 19:44:53,570 | INFO | ris.main | ============================================================
2026-09-03 19:44:53,570 | INFO | ris.main | FEDERATED LEARNING TRAINING
2026-09-03 19:44:53,570 | INFO | ris.main | ============================================================
2026-09-03 19:44:53,570 | INFO | ris.main | ============================================================
2026-09-03 19:44:53,570 | INFO | ris.main | MODEL INITIALIZATION
2026-09-03 19:44:53,571 | INFO | ris.main | ============================================================
2026-09-03 19:44:53,580 | INFO | ris.main | [OK] Global model ({config.MODEL_TYPE}) created
2026-09-03 19:44:53,580 | INFO | ris.main |   Total parameters: 621,313
2026-09-03 19:44:53,580 | INFO | ris.main |   Model size (FP32): 2427.00 KB
2026-09-03 19:44:53,580 | INFO | ris.main |   Model size (INT8 for FL comm): 606.75 KB
2026-09-03 19:44:53,580 | INFO | ris.main |   Expected comm per round: 19416.03 KB (= 621313 B x 2 x 16 tiles)
2026-09-03 19:44:53,580 | INFO | ris.main |   Expected total comm (5 rounds): 97080.16 KB = 94.80 MB
2026-09-03 19:44:54,103 | INFO | ris.main | [OK] Created {len(clients)} RIS tile clients
2026-09-03 19:44:54,103 | INFO | ris.main | 
Starting Federated Learning for 5 rounds...
2026-09-03 19:44:54,103 | INFO | ris.main | Local epochs per round: 20
2026-09-03 19:45:39,929 | INFO | ris.main | [Evaluation] Testing global model...
2026-09-03 19:45:41,081 | INFO | ris.main |   Test Loss: 3.435345
2026-09-03 19:45:41,082 | INFO | ris.main |   Phase Error: 1.6208 rad (92.86°)
2026-09-03 19:45:41,082 | INFO | ris.main |   SNR (Optimized): -12.27 dB
2026-09-03 19:45:41,082 | INFO | ris.main |   SNR Gain: -0.00 dB
2026-09-03 19:48:51,124 | INFO | ris.main | [Evaluation] Testing global model...
2026-09-03 19:48:52,233 | INFO | ris.main |   Test Loss: 3.424236
2026-09-03 19:48:52,234 | INFO | ris.main |   Phase Error: 1.6384 rad (93.87°)
2026-09-03 19:48:52,234 | INFO | ris.main |   SNR (Optimized): -12.26 dB
2026-09-03 19:48:52,234 | INFO | ris.main |   SNR Gain: 0.01 dB
2026-09-03 19:48:52,234 | INFO | ris.main | ============================================================
2026-09-03 19:48:52,234 | INFO | ris.main | TRAINING COMPLETE
2026-09-03 19:48:52,234 | INFO | ris.main | ============================================================
2026-09-03 19:48:52,234 | INFO | ris.main | 
  Communication check:
2026-09-03 19:48:52,235 | INFO | ris.main |     Model parameters: 621,313
2026-09-03 19:48:52,235 | INFO | ris.main |     Expected total: 94.80 MB
2026-09-03 19:48:52,235 | INFO | ris.main |     Actual total:   94.80 MB
2026-09-03 19:48:54,488 | INFO | ris.AdvancedExperiments |   Total Pilots: 320
2026-09-03 19:48:54,488 | INFO | ris.AdvancedExperiments |   Overhead: 5120 bits
2026-09-03 19:48:54,488 | INFO | ris.AdvancedExperiments | 
>>> Testing Compressed method (8 pilots/round)...
2026-09-03 19:50:57,772 | INFO | ris.main | ============================================================
2026-09-03 19:50:57,772 | INFO | ris.main | BASELINE EVALUATION
2026-09-03 19:50:57,772 | INFO | ris.main | ============================================================
2026-09-03 19:50:57,772 | INFO | ris.main | Evaluating: No RIS (direct link)
2026-09-03 19:50:57,773 | INFO | ris.main |   SNR: -12.26 dB
2026-09-03 19:50:57,773 | INFO | ris.main |   Rate: 0.08 bps/Hz
2026-09-03 19:50:57,773 | INFO | ris.main | 
Evaluating: Random RIS
2026-09-03 19:50:57,779 | INFO | ris.main |   SNR: -12.27 dB
2026-09-03 19:50:57,779 | INFO | ris.main |   Rate: 0.08 bps/Hz
2026-09-03 19:50:57,779 | INFO | ris.main | 
Evaluating: Optimal (Genie-aided)
2026-09-03 19:50:57,782 | INFO | ris.main |   SNR: -11.53 dB
2026-09-03 19:50:57,782 | INFO | ris.main |   Rate: 0.10 bps/Hz
2026-09-03 19:50:57,782 | INFO | ris.main | ============================================================
2026-09-03 19:50:57,782 | INFO | ris.main | FEDERATED LEARNING TRAINING
2026-09-03 19:50:57,782 | INFO | ris.main | ============================================================
2026-09-03 19:50:57,782 | INFO | ris.main | ============================================================
2026-09-03 19:50:57,782 | INFO | ris.main | MODEL INITIALIZATION
2026-09-03 19:50:57,782 | INFO | ris.main | ============================================================
2026-09-03 19:50:57,792 | INFO | ris.main | [OK] Global model ({config.MODEL_TYPE}) created
2026-09-03 19:50:57,793 | INFO | ris.main |   Total parameters: 621,313
2026-09-03 19:50:57,793 | INFO | ris.main |   Model size (FP32): 2427.00 KB
2026-09-03 19:50:57,793 | INFO | ris.main |   Model size (INT8 for FL comm): 606.75 KB
2026-09-03 19:50:57,793 | INFO | ris.main |   Expected comm per round: 19416.03 KB (= 621313 B x 2 x 16 tiles)
2026-09-03 19:50:57,793 | INFO | ris.main |   Expected total comm (5 rounds): 97080.16 KB = 94.80 MB
2026-09-03 19:50:58,147 | INFO | ris.main | [OK] Created {len(clients)} RIS tile clients
2026-09-03 19:50:58,148 | INFO | ris.main | 
Starting Federated Learning for 5 rounds...
2026-09-03 19:50:58,148 | INFO | ris.main | Local epochs per round: 20
2026-09-03 19:51:43,082 | INFO | ris.main | [Evaluation] Testing global model...
2026-09-03 19:51:44,184 | INFO | ris.main |   Test Loss: 3.427360
2026-09-03 19:51:44,184 | INFO | ris.main |   Phase Error: 1.5799 rad (90.52°)
2026-09-03 19:51:44,185 | INFO | ris.main |   SNR (Optimized): -12.31 dB
2026-09-03 19:51:44,185 | INFO | ris.main |   SNR Gain: -0.06 dB
2026-09-03 19:53:33,352 | INFO | ris.main | [Evaluation] Testing global model...
2026-09-03 19:53:34,176 | INFO | ris.main |   Test Loss: 3.265613
2026-09-03 19:53:34,177 | INFO | ris.main |   Phase Error: 1.5608 rad (89.42°)
2026-09-03 19:53:34,177 | INFO | ris.main |   SNR (Optimized): -12.29 dB
2026-09-03 19:53:34,177 | INFO | ris.main |   SNR Gain: 0.06 dB
2026-09-03 19:54:53,737 | INFO | ris.main | [Evaluation] Testing global model...
2026-09-03 19:54:54,884 | INFO | ris.main |   Test Loss: 3.590240
2026-09-03 19:54:54,885 | INFO | ris.main |   Phase Error: 1.5818 rad (90.63°)
2026-09-03 19:54:54,885 | INFO | ris.main |   SNR (Optimized): -12.28 dB
2026-09-03 19:54:54,885 | INFO | ris.main |   SNR Gain: -0.02 dB
2026-09-03 19:54:54,885 | INFO | ris.main | ============================================================
2026-09-03 19:54:54,885 | INFO | ris.main | TRAINING COMPLETE
2026-09-03 19:54:54,885 | INFO | ris.main | ============================================================
2026-09-03 19:54:54,885 | INFO | ris.main | 
  Communication check:
2026-09-03 19:54:54,886 | INFO | ris.main |     Model parameters: 621,313
2026-09-03 19:54:54,886 | INFO | ris.main |     Expected total: 94.80 MB
2026-09-03 19:54:54,886 | INFO | ris.main |     Actual total:   94.80 MB
2026-09-03 19:54:57,091 | INFO | ris.AdvancedExperiments |   Total Pilots: 40
2026-09-03 19:54:57,092 | INFO | ris.AdvancedExperiments |   Overhead: 640 bits
2026-09-03 19:54:57,308 | INFO | ris.AdvancedExperiments | 
[OK] Results saved to results/advanced_experiments\pilot_overhead_results.json
2026-09-03 19:54:57,997 | INFO | ris.AdvancedExperiments | 
============================================================
2026-09-03 19:54:57,997 | INFO | ris.AdvancedExperiments | EXPERIMENT 7: NoC Traffic vs Power
2026-09-03 19:54:57,997 | INFO | ris.AdvancedExperiments | ============================================================
2026-09-03 19:54:57,997 | INFO | ris.AdvancedExperiments | 
>>> Testing with 2 tiles...
2026-09-03 19:55:19,964 | INFO | ris.main | ============================================================
2026-09-03 19:55:19,965 | INFO | ris.main | BASELINE EVALUATION
2026-09-03 19:55:19,965 | INFO | ris.main | ============================================================
2026-09-03 19:55:19,965 | INFO | ris.main | Evaluating: No RIS (direct link)
2026-09-03 19:55:19,965 | INFO | ris.main |   SNR: -14.36 dB
2026-09-03 19:55:19,965 | INFO | ris.main |   Rate: 0.05 bps/Hz
2026-09-03 19:55:19,965 | INFO | ris.main | 
Evaluating: Random RIS
2026-09-03 19:55:19,967 | INFO | ris.main |   SNR: -14.35 dB
2026-09-03 19:55:19,967 | INFO | ris.main |   Rate: 0.05 bps/Hz
2026-09-03 19:55:19,968 | INFO | ris.main | 
Evaluating: Optimal (Genie-aided)
2026-09-03 19:55:19,970 | INFO | ris.main |   SNR: -13.73 dB
2026-09-03 19:55:19,970 | INFO | ris.main |   Rate: 0.06 bps/Hz
2026-09-03 19:55:19,970 | INFO | ris.main | ============================================================
2026-09-03 19:55:19,970 | INFO | ris.main | FEDERATED LEARNING TRAINING
2026-09-03 19:55:19,970 | INFO | ris.main | ============================================================
2026-09-03 19:55:19,970 | INFO | ris.main | ============================================================
2026-09-03 19:55:19,970 | INFO | ris.main | MODEL INITIALIZATION
2026-09-03 19:55:19,970 | INFO | ris.main | ============================================================
2026-09-03 19:55:19,979 | INFO | ris.main | [OK] Global model ({config.MODEL_TYPE}) created
2026-09-03 19:55:19,980 | INFO | ris.main |   Total parameters: 621,313
2026-09-03 19:55:19,980 | INFO | ris.main |   Model size (FP32): 2427.00 KB
2026-09-03 19:55:19,980 | INFO | ris.main |   Model size (INT8 for FL comm): 606.75 KB
2026-09-03 19:55:19,980 | INFO | ris.main |   Expected comm per round: 2427.00 KB (= 621313 B x 2 x 2 tiles)
2026-09-03 19:55:19,980 | INFO | ris.main |   Expected total comm (5 rounds): 12135.02 KB = 11.85 MB
2026-09-03 19:55:20,041 | INFO | ris.main | [OK] Created {len(clients)} RIS tile clients
2026-09-03 19:55:20,041 | INFO | ris.main | 
Starting Federated Learning for 5 rounds...
2026-09-03 19:55:20,041 | INFO | ris.main | Local epochs per round: 20
2026-09-03 19:55:26,033 | INFO | ris.main | [Evaluation] Testing global model...
2026-09-03 19:55:27,112 | INFO | ris.main |   Test Loss: 3.346738
2026-09-03 19:55:27,112 | INFO | ris.main |   Phase Error: 1.5704 rad (89.98°)
2026-09-03 19:55:27,112 | INFO | ris.main |   SNR (Optimized): -14.35 dB
2026-09-03 19:55:27,113 | INFO | ris.main |   SNR Gain: 0.01 dB
2026-09-03 19:55:50,974 | INFO | ris.main | [Evaluation] Testing global model...
2026-09-03 19:55:52,102 | INFO | ris.main |   Test Loss: 3.299805
2026-09-03 19:55:52,102 | INFO | ris.main |   Phase Error: 1.6063 rad (92.04°)
2026-09-03 19:55:52,102 | INFO | ris.main |   SNR (Optimized): -14.37 dB
2026-09-03 19:55:52,102 | INFO | ris.main |   SNR Gain: -0.01 dB
2026-09-03 19:55:52,102 | INFO | ris.main | ============================================================
2026-09-03 19:55:52,103 | INFO | ris.main | TRAINING COMPLETE
2026-09-03 19:55:52,103 | INFO | ris.main | ============================================================
2026-09-03 19:55:52,103 | INFO | ris.main | 
  Communication check:
2026-09-03 19:55:52,103 | INFO | ris.main |     Model parameters: 621,313
2026-09-03 19:55:52,103 | INFO | ris.main |     Expected total: 11.85 MB
2026-09-03 19:55:52,103 | INFO | ris.main |     Actual total:   11.85 MB
2026-09-03 19:55:54,301 | INFO | ris.AdvancedExperiments |   Power: 806.75 mW
2026-09-03 19:55:54,302 | INFO | ris.AdvancedExperiments |   Latency: 5.08 us
2026-09-03 19:55:54,302 | INFO | ris.AdvancedExperiments | 
>>> Testing with 4 tiles...
2026-09-03 19:56:30,621 | INFO | ris.main | ============================================================
2026-09-03 19:56:30,621 | INFO | ris.main | BASELINE EVALUATION
2026-09-03 19:56:30,621 | INFO | ris.main | ============================================================
2026-09-03 19:56:30,621 | INFO | ris.main | Evaluating: No RIS (direct link)
2026-09-03 19:56:30,622 | INFO | ris.main |   SNR: -12.05 dB
2026-09-03 19:56:30,622 | INFO | ris.main |   Rate: 0.09 bps/Hz
2026-09-03 19:56:30,622 | INFO | ris.main | 
Evaluating: Random RIS
2026-09-03 19:56:30,624 | INFO | ris.main |   SNR: -12.07 dB
2026-09-03 19:56:30,624 | INFO | ris.main |   Rate: 0.09 bps/Hz
2026-09-03 19:56:30,624 | INFO | ris.main | 
Evaluating: Optimal (Genie-aided)
2026-09-03 19:56:30,626 | INFO | ris.main |   SNR: -11.48 dB
2026-09-03 19:56:30,626 | INFO | ris.main |   Rate: 0.10 bps/Hz
2026-09-03 19:56:30,627 | INFO | ris.main | ============================================================
2026-09-03 19:56:30,627 | INFO | ris.main | FEDERATED LEARNING TRAINING
2026-09-03 19:56:30,627 | INFO | ris.main | ============================================================
2026-09-03 19:56:30,627 | INFO | ris.main | ============================================================
2026-09-03 19:56:30,627 | INFO | ris.main | MODEL INITIALIZATION
2026-09-03 19:56:30,627 | INFO | ris.main | ============================================================
2026-09-03 19:56:30,636 | INFO | ris.main | [OK] Global model ({config.MODEL_TYPE}) created
2026-09-03 19:56:30,636 | INFO | ris.main |   Total parameters: 621,313
2026-09-03 19:56:30,636 | INFO | ris.main |   Model size (FP32): 2427.00 KB
2026-09-03 19:56:30,636 | INFO | ris.main |   Model size (INT8 for FL comm): 606.75 KB
2026-09-03 19:56:30,636 | INFO | ris.main |   Expected comm per round: 4854.01 KB (= 621313 B x 2 x 4 tiles)
2026-09-03 19:56:30,636 | INFO | ris.main |   Expected total comm (5 rounds): 24270.04 KB = 23.70 MB
2026-09-03 19:56:30,869 | INFO | ris.main | [OK] Created {len(clients)} RIS tile clients
2026-09-03 19:56:30,869 | INFO | ris.main | 
Starting Federated Learning for 5 rounds...
2026-09-03 19:56:30,869 | INFO | ris.main | Local epochs per round: 20
2026-09-03 19:56:42,860 | INFO | ris.main | [Evaluation] Testing global model...
2026-09-03 19:56:43,982 | INFO | ris.main |   Test Loss: 3.330444
2026-09-03 19:56:43,982 | INFO | ris.main |   Phase Error: 1.5849 rad (90.81°)
2026-09-03 19:56:43,983 | INFO | ris.main |   SNR (Optimized): -12.06 dB
2026-09-03 19:56:43,983 | INFO | ris.main |   SNR Gain: -0.01 dB
2026-09-03 19:57:30,118 | INFO | ris.main | [Evaluation] Testing global model...
2026-09-03 19:57:31,241 | INFO | ris.main |   Test Loss: 3.360335
2026-09-03 19:57:31,241 | INFO | ris.main |   Phase Error: 1.6033 rad (91.86°)
2026-09-03 19:57:31,241 | INFO | ris.main |   SNR (Optimized): -12.05 dB
2026-09-03 19:57:31,241 | INFO | ris.main |   SNR Gain: 0.00 dB
2026-09-03 19:57:31,242 | INFO | ris.main | ============================================================
2026-09-03 19:57:31,242 | INFO | ris.main | TRAINING COMPLETE
2026-09-03 19:57:31,242 | INFO | ris.main | ============================================================
2026-09-03 19:57:31,242 | INFO | ris.main | 
  Communication check:
2026-09-03 19:57:31,242 | INFO | ris.main |     Model parameters: 621,313
2026-09-03 19:57:31,242 | INFO | ris.main |     Expected total: 23.70 MB
2026-09-03 19:57:31,242 | INFO | ris.main |     Actual total:   23.70 MB
2026-09-03 19:57:33,436 | INFO | ris.AdvancedExperiments |   Power: 1613.50 mW
2026-09-03 19:57:33,436 | INFO | ris.AdvancedExperiments |   Latency: 5.31 us
2026-09-03 19:57:33,436 | INFO | ris.AdvancedExperiments | 
>>> Testing with 8 tiles...
2026-09-03 19:58:38,826 | INFO | ris.main | ============================================================
2026-09-03 19:58:38,826 | INFO | ris.main | BASELINE EVALUATION
2026-09-03 19:58:38,826 | INFO | ris.main | ============================================================
2026-09-03 19:58:38,826 | INFO | ris.main | Evaluating: No RIS (direct link)
2026-09-03 19:58:38,827 | INFO | ris.main |   SNR: -11.80 dB
2026-09-03 19:58:38,827 | INFO | ris.main |   Rate: 0.09 bps/Hz
2026-09-03 19:58:38,827 | INFO | ris.main | 
Evaluating: Random RIS
2026-09-03 19:58:38,829 | INFO | ris.main |   SNR: -11.77 dB
2026-09-03 19:58:38,829 | INFO | ris.main |   Rate: 0.09 bps/Hz
2026-09-03 19:58:38,829 | INFO | ris.main | 
Evaluating: Optimal (Genie-aided)
2026-09-03 19:58:38,832 | INFO | ris.main |   SNR: -11.25 dB
2026-09-03 19:58:38,832 | INFO | ris.main |   Rate: 0.10 bps/Hz
2026-09-03 19:58:38,832 | INFO | ris.main | ============================================================
2026-09-03 19:58:38,832 | INFO | ris.main | FEDERATED LEARNING TRAINING
2026-09-03 19:58:38,832 | INFO | ris.main | ============================================================
2026-09-03 19:58:38,832 | INFO | ris.main | ============================================================
2026-09-03 19:58:38,832 | INFO | ris.main | MODEL INITIALIZATION
2026-09-03 19:58:38,832 | INFO | ris.main | ============================================================
2026-09-03 19:58:38,841 | INFO | ris.main | [OK] Global model ({config.MODEL_TYPE}) created
2026-09-03 19:58:38,841 | INFO | ris.main |   Total parameters: 621,313
2026-09-03 19:58:38,841 | INFO | ris.main |   Model size (FP32): 2427.00 KB
2026-09-03 19:58:38,842 | INFO | ris.main |   Model size (INT8 for FL comm): 606.75 KB
2026-09-03 19:58:38,842 | INFO | ris.main |   Expected comm per round: 9708.02 KB (= 621313 B x 2 x 8 tiles)
2026-09-03 19:58:38,842 | INFO | ris.main |   Expected total comm (5 rounds): 48540.08 KB = 47.40 MB
2026-09-03 19:58:39,021 | INFO | ris.main | [OK] Created {len(clients)} RIS tile clients
2026-09-03 19:58:39,022 | INFO | ris.main | 
Starting Federated Learning for 5 rounds...
2026-09-03 19:58:39,022 | INFO | ris.main | Local epochs per round: 20
2026-09-03 19:59:02,862 | INFO | ris.main | [Evaluation] Testing global model...
2026-09-03 19:59:03,992 | INFO | ris.main |   Test Loss: 3.430647
2026-09-03 19:59:03,993 | INFO | ris.main |   Phase Error: 1.5482 rad (88.71°)
2026-09-03 19:59:03,993 | INFO | ris.main |   SNR (Optimized): -11.79 dB
2026-09-03 19:59:03,993 | INFO | ris.main |   SNR Gain: 0.01 dB
2026-09-03 20:00:38,348 | INFO | ris.main | [Evaluation] Testing global model...
2026-09-03 20:00:39,478 | INFO | ris.main |   Test Loss: 3.356038
2026-09-03 20:00:39,478 | INFO | ris.main |   Phase Error: 1.5931 rad (91.28°)
2026-09-03 20:00:39,478 | INFO | ris.main |   SNR (Optimized): -11.78 dB
2026-09-03 20:00:39,478 | INFO | ris.main |   SNR Gain: 0.02 dB
2026-09-03 20:00:39,478 | INFO | ris.main | ============================================================
2026-09-03 20:00:39,479 | INFO | ris.main | TRAINING COMPLETE
2026-09-03 20:00:39,479 | INFO | ris.main | ============================================================
2026-09-03 20:00:39,479 | INFO | ris.main | 
  Communication check:
2026-09-03 20:00:39,479 | INFO | ris.main |     Model parameters: 621,313
2026-09-03 20:00:39,479 | INFO | ris.main |     Expected total: 47.40 MB
2026-09-03 20:00:39,479 | INFO | ris.main |     Actual total:   47.40 MB
2026-09-03 20:00:41,660 | INFO | ris.AdvancedExperiments |   Power: 3227.00 mW
2026-09-03 20:00:41,660 | INFO | ris.AdvancedExperiments |   Latency: 6.25 us
2026-09-03 20:00:41,661 | INFO | ris.AdvancedExperiments | 
>>> Testing with 12 tiles...
2026-09-03 20:00:58,241 | INFO | ris.main | [Evaluation] Testing global model...
2026-09-03 20:00:58,856 | INFO | ris.main |   Test Loss: 3.266440
2026-09-03 20:00:58,856 | INFO | ris.main |   Phase Error: 1.5609 rad (89.43°)
2026-09-03 20:00:58,856 | INFO | ris.main |   SNR (Optimized): -12.29 dB
2026-09-03 20:00:58,856 | INFO | ris.main |   SNR Gain: 0.06 dB
2026-09-03 20:00:58,856 | INFO | ris.main | ============================================================
2026-09-03 20:00:58,857 | INFO | ris.main | TRAINING COMPLETE
2026-09-03 20:00:58,857 | INFO | ris.main | ============================================================
2026-09-03 20:00:58,857 | INFO | ris.main | 
  Communication check:
2026-09-03 20:00:58,857 | INFO | ris.main |     Model parameters: 621,313
2026-09-03 20:00:58,857 | INFO | ris.main |     Expected total: 379.22 MB
2026-09-03 20:00:58,857 | INFO | ris.main |     Actual total:   379.22 MB
2026-09-03 20:00:59,898 | INFO | ris.AdvancedExperiments |   Converged in: 20 rounds
2026-09-03 20:00:59,899 | INFO | ris.AdvancedExperiments |   Final SNR: -12.41 dB
2026-09-03 20:00:59,899 | INFO | ris.AdvancedExperiments |   Total Communication: 388320.62 KB
2026-09-03 20:00:59,899 | INFO | ris.AdvancedExperiments | 
>>> Testing with E = 20 local epochs...
2026-09-03 20:02:19,767 | INFO | ris.main | ============================================================
2026-09-03 20:02:19,767 | INFO | ris.main | BASELINE EVALUATION
2026-09-03 20:02:19,767 | INFO | ris.main | ============================================================
2026-09-03 20:02:19,767 | INFO | ris.main | Evaluating: No RIS (direct link)
2026-09-03 20:02:19,768 | INFO | ris.main |   SNR: -12.64 dB
2026-09-03 20:02:19,768 | INFO | ris.main |   Rate: 0.08 bps/Hz
2026-09-03 20:02:19,768 | INFO | ris.main | 
Evaluating: Random RIS
2026-09-03 20:02:19,770 | INFO | ris.main |   SNR: -12.63 dB
2026-09-03 20:02:19,770 | INFO | ris.main |   Rate: 0.08 bps/Hz
2026-09-03 20:02:19,770 | INFO | ris.main | 
Evaluating: Optimal (Genie-aided)
2026-09-03 20:02:19,772 | INFO | ris.main |   SNR: -12.09 dB
2026-09-03 20:02:19,772 | INFO | ris.main |   Rate: 0.09 bps/Hz
2026-09-03 20:02:19,772 | INFO | ris.main | ============================================================
2026-09-03 20:02:19,773 | INFO | ris.main | FEDERATED LEARNING TRAINING
2026-09-03 20:02:19,773 | INFO | ris.main | ============================================================
2026-09-03 20:02:19,773 | INFO | ris.main | ============================================================
2026-09-03 20:02:19,773 | INFO | ris.main | MODEL INITIALIZATION
2026-09-03 20:02:19,773 | INFO | ris.main | ============================================================
2026-09-03 20:02:19,782 | INFO | ris.main | [OK] Global model ({config.MODEL_TYPE}) created
2026-09-03 20:02:19,782 | INFO | ris.main |   Total parameters: 621,313
2026-09-03 20:02:19,782 | INFO | ris.main |   Model size (FP32): 2427.00 KB
2026-09-03 20:02:19,782 | INFO | ris.main |   Model size (INT8 for FL comm): 606.75 KB
2026-09-03 20:02:19,783 | INFO | ris.main |   Expected comm per round: 14562.02 KB (= 621313 B x 2 x 12 tiles)
2026-09-03 20:02:19,783 | INFO | ris.main |   Expected total comm (5 rounds): 72810.12 KB = 71.10 MB
2026-09-03 20:02:20,131 | INFO | ris.main | [OK] Created {len(clients)} RIS tile clients
2026-09-03 20:02:20,131 | INFO | ris.main | 
Starting Federated Learning for 5 rounds...
2026-09-03 20:02:20,131 | INFO | ris.main | Local epochs per round: 20
2026-09-03 20:02:50,180 | INFO | ris.main | [Evaluation] Testing global model...
2026-09-03 20:02:51,299 | INFO | ris.main |   Test Loss: 3.126799
2026-09-03 20:02:51,299 | INFO | ris.main |   Phase Error: 1.5518 rad (88.91°)
2026-09-03 20:02:51,299 | INFO | ris.main |   SNR (Optimized): -12.69 dB
2026-09-03 20:02:51,299 | INFO | ris.main |   SNR Gain: -0.05 dB
2026-09-03 20:04:52,315 | INFO | ris.main | [Evaluation] Testing global model...
2026-09-03 20:04:53,419 | INFO | ris.main |   Test Loss: 3.114028
2026-09-03 20:04:53,419 | INFO | ris.main |   Phase Error: 1.5283 rad (87.57°)
2026-09-03 20:04:53,419 | INFO | ris.main |   SNR (Optimized): -12.70 dB
2026-09-03 20:04:53,419 | INFO | ris.main |   SNR Gain: -0.07 dB
2026-09-03 20:04:53,419 | INFO | ris.main | ============================================================
2026-09-03 20:04:53,420 | INFO | ris.main | TRAINING COMPLETE
2026-09-03 20:04:53,420 | INFO | ris.main | ============================================================
2026-09-03 20:04:53,420 | INFO | ris.main | 
  Communication check:
2026-09-03 20:04:53,420 | INFO | ris.main |     Model parameters: 621,313
2026-09-03 20:04:53,420 | INFO | ris.main |     Expected total: 71.10 MB
2026-09-03 20:04:53,420 | INFO | ris.main |     Actual total:   71.10 MB
2026-09-03 20:04:55,539 | INFO | ris.AdvancedExperiments |   Power: 4840.51 mW
2026-09-03 20:04:55,540 | INFO | ris.AdvancedExperiments |   Latency: 7.81 us
2026-09-03 20:04:55,540 | INFO | ris.AdvancedExperiments | 
>>> Testing with 16 tiles...
2026-09-03 20:07:05,018 | INFO | ris.main | ============================================================
2026-09-03 20:07:05,018 | INFO | ris.main | BASELINE EVALUATION
2026-09-03 20:07:05,018 | INFO | ris.main | ============================================================
2026-09-03 20:07:05,018 | INFO | ris.main | Evaluating: No RIS (direct link)
2026-09-03 20:07:05,019 | INFO | ris.main |   SNR: -13.62 dB
2026-09-03 20:07:05,019 | INFO | ris.main |   Rate: 0.06 bps/Hz
2026-09-03 20:07:05,019 | INFO | ris.main | 
Evaluating: Random RIS
2026-09-03 20:07:05,021 | INFO | ris.main |   SNR: -13.66 dB
2026-09-03 20:07:05,021 | INFO | ris.main |   Rate: 0.06 bps/Hz
2026-09-03 20:07:05,021 | INFO | ris.main | 
Evaluating: Optimal (Genie-aided)
2026-09-03 20:07:05,024 | INFO | ris.main |   SNR: -12.89 dB
2026-09-03 20:07:05,024 | INFO | ris.main |   Rate: 0.07 bps/Hz
2026-09-03 20:07:05,024 | INFO | ris.main | ============================================================
2026-09-03 20:07:05,024 | INFO | ris.main | FEDERATED LEARNING TRAINING
2026-09-03 20:07:05,024 | INFO | ris.main | ============================================================
2026-09-03 20:07:05,024 | INFO | ris.main | ============================================================
2026-09-03 20:07:05,024 | INFO | ris.main | MODEL INITIALIZATION
2026-09-03 20:07:05,024 | INFO | ris.main | ============================================================
2026-09-03 20:07:05,033 | INFO | ris.main | [OK] Global model ({config.MODEL_TYPE}) created
2026-09-03 20:07:05,034 | INFO | ris.main |   Total parameters: 621,313
2026-09-03 20:07:05,034 | INFO | ris.main |   Model size (FP32): 2427.00 KB
2026-09-03 20:07:05,034 | INFO | ris.main |   Model size (INT8 for FL comm): 606.75 KB
2026-09-03 20:07:05,034 | INFO | ris.main |   Expected comm per round: 19416.03 KB (= 621313 B x 2 x 16 tiles)
2026-09-03 20:07:05,034 | INFO | ris.main |   Expected total comm (5 rounds): 97080.16 KB = 94.80 MB
2026-09-03 20:07:05,478 | INFO | ris.main | [OK] Created {len(clients)} RIS tile clients
2026-09-03 20:07:05,479 | INFO | ris.main | 
Starting Federated Learning for 5 rounds...
2026-09-03 20:07:05,479 | INFO | ris.main | Local epochs per round: 20
2026-09-03 20:07:44,940 | INFO | ris.main | [Evaluation] Testing global model...
2026-09-03 20:07:46,072 | INFO | ris.main |   Test Loss: 3.338099
2026-09-03 20:07:46,072 | INFO | ris.main |   Phase Error: 1.5968 rad (91.49°)
2026-09-03 20:07:46,072 | INFO | ris.main |   SNR (Optimized): -13.68 dB
2026-09-03 20:07:46,073 | INFO | ris.main |   SNR Gain: -0.05 dB
2026-09-03 20:10:25,107 | INFO | ris.main | [Evaluation] Testing global model...
2026-09-03 20:10:26,238 | INFO | ris.main |   Test Loss: 3.557848
2026-09-03 20:10:26,239 | INFO | ris.main |   Phase Error: 1.6490 rad (94.48°)
2026-09-03 20:10:26,239 | INFO | ris.main |   SNR (Optimized): -13.64 dB
2026-09-03 20:10:26,239 | INFO | ris.main |   SNR Gain: -0.02 dB
2026-09-03 20:10:26,239 | INFO | ris.main | ============================================================
2026-09-03 20:10:26,239 | INFO | ris.main | TRAINING COMPLETE
2026-09-03 20:10:26,239 | INFO | ris.main | ============================================================
2026-09-03 20:10:26,240 | INFO | ris.main | 
  Communication check:
2026-09-03 20:10:26,240 | INFO | ris.main |     Model parameters: 621,313
2026-09-03 20:10:26,240 | INFO | ris.main |     Expected total: 94.80 MB
2026-09-03 20:10:26,240 | INFO | ris.main |     Actual total:   94.80 MB
2026-09-03 20:10:28,401 | INFO | ris.AdvancedExperiments |   Power: 6454.01 mW
2026-09-03 20:10:28,401 | INFO | ris.AdvancedExperiments |   Latency: 10.00 us
2026-09-03 20:10:28,756 | INFO | ris.AdvancedExperiments | 
[OK] Results saved to results/advanced_experiments\noc_traffic_power_results.json
2026-09-03 20:10:30,156 | INFO | ris.AdvancedExperiments | 
============================================================
2026-09-03 20:10:30,156 | INFO | ris.AdvancedExperiments | EXPERIMENT 8: FL vs Centralized vs Local
2026-09-03 20:10:30,156 | INFO | ris.AdvancedExperiments | ============================================================
2026-09-03 20:10:30,156 | INFO | ris.AdvancedExperiments | 
>>> Testing federated approach...
2026-09-03 20:11:18,782 | INFO | ris.main | ============================================================
2026-09-03 20:11:18,782 | INFO | ris.main | BASELINE EVALUATION
2026-09-03 20:11:18,782 | INFO | ris.main | ============================================================
2026-09-03 20:11:18,782 | INFO | ris.main | Evaluating: No RIS (direct link)
2026-09-03 20:11:18,782 | INFO | ris.main |   SNR: -13.80 dB
2026-09-03 20:11:18,782 | INFO | ris.main |   Rate: 0.06 bps/Hz
2026-09-03 20:11:18,783 | INFO | ris.main | 
Evaluating: Random RIS
2026-09-03 20:11:18,783 | INFO | ris.main |   SNR: -13.79 dB
2026-09-03 20:11:18,784 | INFO | ris.main |   Rate: 0.06 bps/Hz
2026-09-03 20:11:18,784 | INFO | ris.main | 
Evaluating: Optimal (Genie-aided)
2026-09-03 20:11:18,785 | INFO | ris.main |   SNR: -13.14 dB
2026-09-03 20:11:18,785 | INFO | ris.main |   Rate: 0.07 bps/Hz
2026-09-03 20:11:18,785 | INFO | ris.main | ============================================================
2026-09-03 20:11:18,785 | INFO | ris.main | FEDERATED LEARNING TRAINING
2026-09-03 20:11:18,785 | INFO | ris.main | ============================================================
2026-09-03 20:11:18,785 | INFO | ris.main | ============================================================
2026-09-03 20:11:18,785 | INFO | ris.main | MODEL INITIALIZATION
2026-09-03 20:11:18,785 | INFO | ris.main | ============================================================
2026-09-03 20:11:18,789 | INFO | ris.main | [OK] Global model ({config.MODEL_TYPE}) created
2026-09-03 20:11:18,789 | INFO | ris.main |   Total parameters: 621,313
2026-09-03 20:11:18,789 | INFO | ris.main |   Model size (FP32): 2427.00 KB
2026-09-03 20:11:18,789 | INFO | ris.main |   Model size (INT8 for FL comm): 606.75 KB
2026-09-03 20:11:18,789 | INFO | ris.main |   Expected comm per round: 19416.03 KB (= 621313 B x 2 x 16 tiles)
2026-09-03 20:11:18,790 | INFO | ris.main |   Expected total comm (20 rounds): 388320.62 KB = 379.22 MB
2026-09-03 20:11:19,116 | INFO | ris.main | [OK] Created {len(clients)} RIS tile clients
2026-09-03 20:11:19,116 | INFO | ris.main | 
Starting Federated Learning for 20 rounds...
2026-09-03 20:11:19,116 | INFO | ris.main | Local epochs per round: 20
2026-09-03 20:12:35,728 | INFO | ris.main | ============================================================
2026-09-03 20:12:35,728 | INFO | ris.main | BASELINE EVALUATION
2026-09-03 20:12:35,728 | INFO | ris.main | ============================================================
2026-09-03 20:12:35,729 | INFO | ris.main | Evaluating: No RIS (direct link)
2026-09-03 20:12:35,729 | INFO | ris.main |   SNR: -13.34 dB
2026-09-03 20:12:35,729 | INFO | ris.main |   Rate: 0.07 bps/Hz
2026-09-03 20:12:35,729 | INFO | ris.main | 
Evaluating: Random RIS
2026-09-03 20:12:35,731 | INFO | ris.main |   SNR: -13.36 dB
2026-09-03 20:12:35,731 | INFO | ris.main |   Rate: 0.07 bps/Hz
2026-09-03 20:12:35,731 | INFO | ris.main | 
Evaluating: Optimal (Genie-aided)
2026-09-03 20:12:35,734 | INFO | ris.main |   SNR: -12.67 dB
2026-09-03 20:12:35,734 | INFO | ris.main |   Rate: 0.08 bps/Hz
2026-09-03 20:12:35,734 | INFO | ris.main | ============================================================
2026-09-03 20:12:35,734 | INFO | ris.main | FEDERATED LEARNING TRAINING
2026-09-03 20:12:35,734 | INFO | ris.main | ============================================================
2026-09-03 20:12:35,734 | INFO | ris.main | ============================================================
2026-09-03 20:12:35,734 | INFO | ris.main | MODEL INITIALIZATION
2026-09-03 20:12:35,734 | INFO | ris.main | ============================================================
2026-09-03 20:12:35,743 | INFO | ris.main | [OK] Global model ({config.MODEL_TYPE}) created
2026-09-03 20:12:35,743 | INFO | ris.main |   Total parameters: 621,313
2026-09-03 20:12:35,743 | INFO | ris.main |   Model size (FP32): 2427.00 KB
2026-09-03 20:12:35,743 | INFO | ris.main |   Model size (INT8 for FL comm): 606.75 KB
2026-09-03 20:12:35,744 | INFO | ris.main |   Expected comm per round: 19416.03 KB (= 621313 B x 2 x 16 tiles)
2026-09-03 20:12:35,744 | INFO | ris.main |   Expected total comm (5 rounds): 97080.16 KB = 94.80 MB
2026-09-03 20:12:36,095 | INFO | ris.main | [OK] Created {len(clients)} RIS tile clients
2026-09-03 20:12:36,096 | INFO | ris.main | 
Starting Federated Learning for 5 rounds...
2026-09-03 20:12:36,096 | INFO | ris.main | Local epochs per round: 20
2026-09-03 20:13:24,045 | INFO | ris.main | [Evaluation] Testing global model...
2026-09-03 20:13:25,195 | INFO | ris.main |   Test Loss: 3.094107
2026-09-03 20:13:25,195 | INFO | ris.main |   Phase Error: 1.5355 rad (87.98°)
2026-09-03 20:13:25,195 | INFO | ris.main |   SNR (Optimized): -13.29 dB
2026-09-03 20:13:25,195 | INFO | ris.main |   SNR Gain: 0.05 dB
2026-09-03 20:15:05,473 | INFO | ris.main | [Evaluation] Testing global model...
2026-09-03 20:15:06,334 | INFO | ris.main |   Test Loss: 3.208984
2026-09-03 20:15:06,334 | INFO | ris.main |   Phase Error: 1.5468 rad (88.63°)
2026-09-03 20:15:06,334 | INFO | ris.main |   SNR (Optimized): -13.74 dB
2026-09-03 20:15:06,334 | INFO | ris.main |   SNR Gain: 0.06 dB
2026-09-03 20:16:28,867 | INFO | ris.main | [Evaluation] Testing global model...
2026-09-03 20:16:30,003 | INFO | ris.main |   Test Loss: 3.219163
2026-09-03 20:16:30,003 | INFO | ris.main |   Phase Error: 1.5620 rad (89.50°)
2026-09-03 20:16:30,003 | INFO | ris.main |   SNR (Optimized): -13.31 dB
2026-09-03 20:16:30,003 | INFO | ris.main |   SNR Gain: 0.04 dB
2026-09-03 20:16:30,003 | INFO | ris.main | ============================================================
2026-09-03 20:16:30,004 | INFO | ris.main | TRAINING COMPLETE
2026-09-03 20:16:30,004 | INFO | ris.main | ============================================================
2026-09-03 20:16:30,004 | INFO | ris.main | 
  Communication check:
2026-09-03 20:16:30,004 | INFO | ris.main |     Model parameters: 621,313
2026-09-03 20:16:30,004 | INFO | ris.main |     Expected total: 94.80 MB
2026-09-03 20:16:30,004 | INFO | ris.main |     Actual total:   94.80 MB
2026-09-03 20:16:32,235 | INFO | ris.AdvancedExperiments |   Communication: 97080.16 KB
2026-09-03 20:16:32,236 | INFO | ris.AdvancedExperiments |   Final Accuracy: 0.1677
2026-09-03 20:16:32,236 | INFO | ris.AdvancedExperiments | 
>>> Testing centralized approach...
2026-09-03 20:21:30,824 | INFO | ris.AdvancedExperiments |   Communication: 17425.00 KB
2026-09-03 20:21:30,824 | INFO | ris.AdvancedExperiments |   Final Accuracy: 0.0000
2026-09-03 20:21:30,824 | INFO | ris.AdvancedExperiments | 
>>> Testing local_only approach...
2026-09-03 20:27:38,420 | INFO | ris.AdvancedExperiments |   Communication: 0.00 KB
2026-09-03 20:27:38,420 | INFO | ris.AdvancedExperiments |   Final Accuracy: 0.1613
2026-09-03 20:27:38,491 | INFO | ris.AdvancedExperiments | 
[OK] Results saved to results/advanced_experiments\fl_vs_centralized_results.json
2026-09-03 20:27:39,946 | INFO | ris.AdvancedExperiments | 
============================================================
2026-09-03 20:27:39,946 | INFO | ris.AdvancedExperiments | EXPERIMENT 9: Comprehensive Baseline Comparison
2026-09-03 20:27:39,946 | INFO | ris.AdvancedExperiments | ============================================================
2026-09-03 20:29:43,781 | INFO | ris.AdvancedExperiments | 
>>> Evaluating: No RIS (direct link only)...
2026-09-03 20:29:43,782 | INFO | ris.AdvancedExperiments |   SNR: -12.51 dB
2026-09-03 20:29:43,782 | INFO | ris.AdvancedExperiments | 
>>> Evaluating: Random RIS phases...
2026-09-03 20:29:43,784 | INFO | ris.AdvancedExperiments |   SNR: -12.55 dB
2026-09-03 20:29:43,784 | INFO | ris.AdvancedExperiments | 
>>> Evaluating: Random Search (1000 trials)...
2026-09-03 20:29:45,395 | INFO | ris.AdvancedExperiments |   SNR: -12.28 dB
2026-09-03 20:29:45,395 | INFO | ris.AdvancedExperiments | 
>>> Evaluating: Deep Reinforcement Learning (TD3)...
2026-09-03 20:29:45,414 | INFO | ris.AdvancedExperiments |   Training DRL agent...
2026-09-03 20:29:53,121 | INFO | ris.AdvancedExperiments |   SNR: -12.54 dB
2026-09-03 20:29:53,121 | INFO | ris.AdvancedExperiments | 
>>> Evaluating: Alternating Optimization...
2026-09-03 20:29:54,127 | INFO | ris.AdvancedExperiments |   SNR: -12.53 dB
2026-09-03 20:29:54,127 | INFO | ris.AdvancedExperiments |   Avg iterations: 2.0
2026-09-03 20:29:54,127 | INFO | ris.AdvancedExperiments | 
>>> Evaluating: Centralized Deep Learning...
2026-09-03 20:32:50,507 | INFO | ris.AdvancedExperiments |   SNR: -12.46 dB
2026-09-03 20:32:50,507 | INFO | ris.AdvancedExperiments |   Final Loss: 2.892458
2026-09-03 20:32:50,508 | INFO | ris.AdvancedExperiments | 
>>> Evaluating: Federated Learning (Ours)...
2026-09-03 20:33:46,411 | INFO | ris.main | [Evaluation] Testing global model...
2026-09-03 20:33:47,037 | INFO | ris.main |   Test Loss: 3.241192
2026-09-03 20:33:47,037 | INFO | ris.main |   Phase Error: 1.5543 rad (89.06°)
2026-09-03 20:33:47,037 | INFO | ris.main |   SNR (Optimized): -13.81 dB
2026-09-03 20:33:47,037 | INFO | ris.main |   SNR Gain: -0.00 dB
2026-09-03 20:34:54,387 | INFO | ris.main | ============================================================
2026-09-03 20:34:54,387 | INFO | ris.main | BASELINE EVALUATION
2026-09-03 20:34:54,387 | INFO | ris.main | ============================================================
2026-09-03 20:34:54,387 | INFO | ris.main | Evaluating: No RIS (direct link)
2026-09-03 20:34:54,388 | INFO | ris.main |   SNR: -12.97 dB
2026-09-03 20:34:54,388 | INFO | ris.main |   Rate: 0.07 bps/Hz
2026-09-03 20:34:54,388 | INFO | ris.main | 
Evaluating: Random RIS
2026-09-03 20:34:54,390 | INFO | ris.main |   SNR: -12.98 dB
2026-09-03 20:34:54,390 | INFO | ris.main |   Rate: 0.07 bps/Hz
2026-09-03 20:34:54,390 | INFO | ris.main | 
Evaluating: Optimal (Genie-aided)
2026-09-03 20:34:54,393 | INFO | ris.main |   SNR: -12.41 dB
2026-09-03 20:34:54,393 | INFO | ris.main |   Rate: 0.08 bps/Hz
2026-09-03 20:34:54,393 | INFO | ris.main | ============================================================
2026-09-03 20:34:54,393 | INFO | ris.main | FEDERATED LEARNING TRAINING
2026-09-03 20:34:54,393 | INFO | ris.main | ============================================================
2026-09-03 20:34:54,393 | INFO | ris.main | ============================================================
2026-09-03 20:34:54,393 | INFO | ris.main | MODEL INITIALIZATION
2026-09-03 20:34:54,393 | INFO | ris.main | ============================================================
2026-09-03 20:34:54,402 | INFO | ris.main | [OK] Global model ({config.MODEL_TYPE}) created
2026-09-03 20:34:54,403 | INFO | ris.main |   Total parameters: 621,313
2026-09-03 20:34:54,403 | INFO | ris.main |   Model size (FP32): 2427.00 KB
2026-09-03 20:34:54,403 | INFO | ris.main |   Model size (INT8 for FL comm): 606.75 KB
2026-09-03 20:34:54,403 | INFO | ris.main |   Expected comm per round: 19416.03 KB (= 621313 B x 2 x 16 tiles)
2026-09-03 20:34:54,403 | INFO | ris.main |   Expected total comm (5 rounds): 97080.16 KB = 94.80 MB
2026-09-03 20:34:54,748 | INFO | ris.main | [OK] Created {len(clients)} RIS tile clients
2026-09-03 20:34:54,748 | INFO | ris.main | 
Starting Federated Learning for 5 rounds...
2026-09-03 20:34:54,748 | INFO | ris.main | Local epochs per round: 20
2026-09-03 20:35:42,224 | INFO | ris.main | [Evaluation] Testing global model...
2026-09-03 20:35:43,382 | INFO | ris.main |   Test Loss: 3.169856
2026-09-03 20:35:43,382 | INFO | ris.main |   Phase Error: 1.5423 rad (88.37°)
2026-09-03 20:35:43,383 | INFO | ris.main |   SNR (Optimized): -12.98 dB
2026-09-03 20:35:43,383 | INFO | ris.main |   SNR Gain: -0.01 dB
2026-09-03 20:38:50,686 | INFO | ris.main | [Evaluation] Testing global model...
2026-09-03 20:38:51,801 | INFO | ris.main |   Test Loss: 3.097731
2026-09-03 20:38:51,801 | INFO | ris.main |   Phase Error: 1.5003 rad (85.96°)
2026-09-03 20:38:51,801 | INFO | ris.main |   SNR (Optimized): -12.95 dB
2026-09-03 20:38:51,801 | INFO | ris.main |   SNR Gain: 0.02 dB
2026-09-03 20:38:51,801 | INFO | ris.main | ============================================================
2026-09-03 20:38:51,801 | INFO | ris.main | TRAINING COMPLETE
2026-09-03 20:38:51,802 | INFO | ris.main | ============================================================
2026-09-03 20:38:51,802 | INFO | ris.main | 
  Communication check:
2026-09-03 20:38:51,802 | INFO | ris.main |     Model parameters: 621,313
2026-09-03 20:38:51,802 | INFO | ris.main |     Expected total: 94.80 MB
2026-09-03 20:38:51,802 | INFO | ris.main |     Actual total:   94.80 MB
2026-09-03 20:38:53,999 | INFO | ris.AdvancedExperiments |   SNR: -12.61 dB
2026-09-03 20:38:53,999 | INFO | ris.AdvancedExperiments |   Privacy: YES
2026-09-03 20:38:53,999 | INFO | ris.AdvancedExperiments | 
>>> Evaluating: Genie-Aided Optimal...
2026-09-03 20:38:54,003 | INFO | ris.AdvancedExperiments |   SNR: -11.94 dB
2026-09-03 20:38:54,003 | INFO | ris.AdvancedExperiments | 
================================================================================
2026-09-03 20:38:54,004 | INFO | ris.AdvancedExperiments | COMPREHENSIVE BASELINE COMPARISON SUMMARY
2026-09-03 20:38:54,004 | INFO | ris.AdvancedExperiments | ================================================================================
2026-09-03 20:38:54,004 | INFO | ris.AdvancedExperiments | Method                   SNR (dB)     Rate  Comm (KB)  Privacy    Iters
2026-09-03 20:38:54,004 | INFO | ris.AdvancedExperiments | --------------------------------------------------------------------------------
2026-09-03 20:38:54,004 | INFO | ris.AdvancedExperiments | no_ris                     -12.51     0.08        0.0      Yes        0
2026-09-03 20:38:54,004 | INFO | ris.AdvancedExperiments | random_ris                 -12.55     0.08        0.0      Yes        1
2026-09-03 20:38:54,004 | INFO | ris.AdvancedExperiments | random_search              -12.28     0.08        0.0       No     1000
2026-09-03 20:38:54,004 | INFO | ris.AdvancedExperiments | drl_td3                    -12.54     0.08        0.0      Yes      200
2026-09-03 20:38:54,004 | INFO | ris.AdvancedExperiments | alternating_opt            -12.53     0.08       50.0       No      2.0
2026-09-03 20:38:54,005 | INFO | ris.AdvancedExperiments | centralized_dl             -12.46     0.08    17425.0       No      100
2026-09-03 20:38:54,005 | INFO | ris.AdvancedExperiments | federated_ours             -12.61     0.08    97080.2      Yes        5
2026-09-03 20:38:54,005 | INFO | ris.AdvancedExperiments | optimal                    -11.94     0.09        0.0      Yes        0
2026-09-03 20:38:54,005 | INFO | ris.AdvancedExperiments | ================================================================================
2026-09-03 20:38:54,006 | INFO | ris.AdvancedExperiments | 
[OK] Results saved to results/advanced_experiments\baseline_comparison_results.json
2026-09-03 20:38:55,371 | INFO | ris.AdvancedExperiments | 
============================================================
2026-09-03 20:38:55,372 | INFO | ris.AdvancedExperiments | EXPERIMENT 10: Multi-User MIMO Comparison
2026-09-03 20:38:55,372 | INFO | ris.AdvancedExperiments | ============================================================
2026-09-03 20:38:55,372 | INFO | ris.AdvancedExperiments | 
>>> Testing with 1 simultaneous users...
2026-09-03 20:38:56,704 | INFO | ris.AdvancedExperiments |   Running FL training for 1 users...
2026-09-03 20:39:19,522 | INFO | ris.main | ============================================================
2026-09-03 20:39:19,522 | INFO | ris.main | BASELINE EVALUATION
2026-09-03 20:39:19,522 | INFO | ris.main | ============================================================
2026-09-03 20:39:19,522 | INFO | ris.main | Evaluating: No RIS (direct link)
2026-09-03 20:39:19,523 | INFO | ris.main |   SNR: -13.40 dB
2026-09-03 20:39:19,523 | INFO | ris.main |   Rate: 0.06 bps/Hz
2026-09-03 20:39:19,523 | INFO | ris.main | 
Evaluating: Random RIS
2026-09-03 20:39:19,525 | INFO | ris.main |   SNR: -13.40 dB
2026-09-03 20:39:19,525 | INFO | ris.main |   Rate: 0.06 bps/Hz
2026-09-03 20:39:19,525 | INFO | ris.main | 
Evaluating: Optimal (Genie-aided)
2026-09-03 20:39:19,527 | INFO | ris.main |   SNR: -12.71 dB
2026-09-03 20:39:19,528 | INFO | ris.main |   Rate: 0.08 bps/Hz
2026-09-03 20:39:19,528 | INFO | ris.main | ============================================================
2026-09-03 20:39:19,528 | INFO | ris.main | FEDERATED LEARNING TRAINING
2026-09-03 20:39:19,528 | INFO | ris.main | ============================================================
2026-09-03 20:39:19,528 | INFO | ris.main | ============================================================
2026-09-03 20:39:19,528 | INFO | ris.main | MODEL INITIALIZATION
2026-09-03 20:39:19,528 | INFO | ris.main | ============================================================
2026-09-03 20:39:19,536 | INFO | ris.main | [OK] Global model ({config.MODEL_TYPE}) created
2026-09-03 20:39:19,536 | INFO | ris.main |   Total parameters: 314,881
2026-09-03 20:39:19,536 | INFO | ris.main |   Model size (FP32): 1230.00 KB
2026-09-03 20:39:19,536 | INFO | ris.main |   Model size (INT8 for FL comm): 307.50 KB
2026-09-03 20:39:19,536 | INFO | ris.main |   Expected comm per round: 9840.03 KB (= 314881 B x 2 x 16 tiles)
2026-09-03 20:39:19,536 | INFO | ris.main |   Expected total comm (5 rounds): 49200.16 KB = 48.05 MB
2026-09-03 20:39:19,850 | INFO | ris.main | [OK] Created {len(clients)} RIS tile clients
2026-09-03 20:39:19,850 | INFO | ris.main | 
Starting Federated Learning for 5 rounds...
2026-09-03 20:39:19,850 | INFO | ris.main | Local epochs per round: 20
2026-09-03 20:40:06,475 | INFO | ris.main | [Evaluation] Testing global model...
2026-09-03 20:40:07,606 | INFO | ris.main |   Test Loss: 3.297135
2026-09-03 20:40:07,607 | INFO | ris.main |   Phase Error: 1.5891 rad (91.05°)
2026-09-03 20:40:07,607 | INFO | ris.main |   SNR (Optimized): -13.37 dB
2026-09-03 20:40:07,607 | INFO | ris.main |   SNR Gain: 0.03 dB
2026-09-03 20:43:15,836 | INFO | ris.main | [Evaluation] Testing global model...
2026-09-03 20:43:16,970 | INFO | ris.main |   Test Loss: 3.429377
2026-09-03 20:43:16,971 | INFO | ris.main |   Phase Error: 1.5672 rad (89.79°)
2026-09-03 20:43:16,971 | INFO | ris.main |   SNR (Optimized): -13.36 dB
2026-09-03 20:43:16,971 | INFO | ris.main |   SNR Gain: 0.04 dB
2026-09-03 20:43:16,971 | INFO | ris.main | ============================================================
2026-09-03 20:43:16,971 | INFO | ris.main | TRAINING COMPLETE
2026-09-03 20:43:16,971 | INFO | ris.main | ============================================================
2026-09-03 20:43:16,971 | INFO | ris.main | 
  Communication check:
2026-09-03 20:43:16,971 | INFO | ris.main |     Model parameters: 314,881
2026-09-03 20:43:16,971 | INFO | ris.main |     Expected total: 48.05 MB
2026-09-03 20:43:16,972 | INFO | ris.main |     Actual total:   48.05 MB
2026-09-03 20:43:21,035 | INFO | ris.AdvancedExperiments |   Sum Rate: 17.14 bps/Hz
2026-09-03 20:43:21,036 | INFO | ris.AdvancedExperiments |   Avg Per-User SNR: 51.58 dB
2026-09-03 20:43:21,036 | INFO | ris.AdvancedExperiments |   Fairness Index: 1.0000
2026-09-03 20:43:21,036 | INFO | ris.AdvancedExperiments | 
>>> Testing with 2 simultaneous users...
2026-09-03 20:43:23,045 | INFO | ris.AdvancedExperiments |   Running FL training for 2 users...
2026-09-03 20:43:57,111 | INFO | ris.main | ============================================================
2026-09-03 20:43:57,112 | INFO | ris.main | BASELINE EVALUATION
2026-09-03 20:43:57,112 | INFO | ris.main | ============================================================
2026-09-03 20:43:57,112 | INFO | ris.main | Evaluating: No RIS (direct link)
2026-09-03 20:43:57,112 | INFO | ris.main |   SNR: -14.05 dB
2026-09-03 20:43:57,113 | INFO | ris.main |   Rate: 0.06 bps/Hz
2026-09-03 20:43:57,113 | INFO | ris.main | 
Evaluating: Random RIS
2026-09-03 20:43:57,115 | INFO | ris.main |   SNR: -14.04 dB
2026-09-03 20:43:57,115 | INFO | ris.main |   Rate: 0.06 bps/Hz
2026-09-03 20:43:57,115 | INFO | ris.main | 
Evaluating: Optimal (Genie-aided)
2026-09-03 20:43:57,117 | INFO | ris.main |   SNR: -13.38 dB
2026-09-03 20:43:57,117 | INFO | ris.main |   Rate: 0.06 bps/Hz
2026-09-03 20:43:57,117 | INFO | ris.main | ============================================================
2026-09-03 20:43:57,117 | INFO | ris.main | FEDERATED LEARNING TRAINING
2026-09-03 20:43:57,118 | INFO | ris.main | ============================================================
2026-09-03 20:43:57,118 | INFO | ris.main | ============================================================
2026-09-03 20:43:57,118 | INFO | ris.main | MODEL INITIALIZATION
2026-09-03 20:43:57,118 | INFO | ris.main | ============================================================
2026-09-03 20:43:57,127 | INFO | ris.main | [OK] Global model ({config.MODEL_TYPE}) created
2026-09-03 20:43:57,127 | INFO | ris.main |   Total parameters: 348,929
2026-09-03 20:43:57,127 | INFO | ris.main |   Model size (FP32): 1363.00 KB
2026-09-03 20:43:57,128 | INFO | ris.main |   Model size (INT8 for FL comm): 340.75 KB
2026-09-03 20:43:57,128 | INFO | ris.main |   Expected comm per round: 10904.03 KB (= 348929 B x 2 x 16 tiles)
2026-09-03 20:43:57,128 | INFO | ris.main |   Expected total comm (5 rounds): 54520.16 KB = 53.24 MB
2026-09-03 20:43:57,460 | INFO | ris.main | [OK] Created {len(clients)} RIS tile clients
2026-09-03 20:43:57,460 | INFO | ris.main | 
Starting Federated Learning for 5 rounds...
2026-09-03 20:43:57,460 | INFO | ris.main | Local epochs per round: 20
2026-09-03 20:44:42,884 | INFO | ris.main | [Evaluation] Testing global model...
2026-09-03 20:44:44,016 | INFO | ris.main |   Test Loss: 3.356200
2026-09-03 20:44:44,017 | INFO | ris.main |   Phase Error: 1.5661 rad (89.73°)
2026-09-03 20:44:44,017 | INFO | ris.main |   SNR (Optimized): -14.06 dB
2026-09-03 20:44:44,017 | INFO | ris.main |   SNR Gain: -0.01 dB
2026-09-03 20:47:51,019 | INFO | ris.main | [Evaluation] Testing global model...
2026-09-03 20:47:52,151 | INFO | ris.main |   Test Loss: 3.143893
2026-09-03 20:47:52,151 | INFO | ris.main |   Phase Error: 1.5338 rad (87.88°)
2026-09-03 20:47:52,152 | INFO | ris.main |   SNR (Optimized): -14.07 dB
2026-09-03 20:47:52,152 | INFO | ris.main |   SNR Gain: -0.02 dB
2026-09-03 20:47:52,152 | INFO | ris.main | ============================================================
2026-09-03 20:47:52,152 | INFO | ris.main | TRAINING COMPLETE
2026-09-03 20:47:52,152 | INFO | ris.main | ============================================================
2026-09-03 20:47:52,152 | INFO | ris.main | 
  Communication check:
2026-09-03 20:47:52,152 | INFO | ris.main |     Model parameters: 348,929
2026-09-03 20:47:52,152 | INFO | ris.main |     Expected total: 53.24 MB
2026-09-03 20:47:52,152 | INFO | ris.main |     Actual total:   53.24 MB
2026-09-03 20:47:58,134 | INFO | ris.AdvancedExperiments |   Sum Rate: 7.37 bps/Hz
2026-09-03 20:47:58,134 | INFO | ris.AdvancedExperiments |   Avg Per-User SNR: 10.00 dB
2026-09-03 20:47:58,135 | INFO | ris.AdvancedExperiments |   Fairness Index: 0.8153
2026-09-03 20:47:58,135 | INFO | ris.AdvancedExperiments | 
>>> Testing with 4 simultaneous users...
2026-09-03 20:48:01,446 | INFO | ris.AdvancedExperiments |   Running FL training for 4 users...
2026-09-03 20:48:58,168 | INFO | ris.main | ============================================================
2026-09-03 20:48:58,168 | INFO | ris.main | BASELINE EVALUATION
2026-09-03 20:48:58,168 | INFO | ris.main | ============================================================
2026-09-03 20:48:58,168 | INFO | ris.main | Evaluating: No RIS (direct link)
2026-09-03 20:48:58,169 | INFO | ris.main |   SNR: -13.71 dB
2026-09-03 20:48:58,169 | INFO | ris.main |   Rate: 0.06 bps/Hz
2026-09-03 20:48:58,169 | INFO | ris.main | 
Evaluating: Random RIS
2026-09-03 20:48:58,171 | INFO | ris.main |   SNR: -13.69 dB
2026-09-03 20:48:58,171 | INFO | ris.main |   Rate: 0.06 bps/Hz
2026-09-03 20:48:58,171 | INFO | ris.main | 
Evaluating: Optimal (Genie-aided)
2026-09-03 20:48:58,175 | INFO | ris.main |   SNR: -13.09 dB
2026-09-03 20:48:58,175 | INFO | ris.main |   Rate: 0.07 bps/Hz
2026-09-03 20:48:58,175 | INFO | ris.main | ============================================================
2026-09-03 20:48:58,175 | INFO | ris.main | FEDERATED LEARNING TRAINING
2026-09-03 20:48:58,176 | INFO | ris.main | ============================================================
2026-09-03 20:48:58,176 | INFO | ris.main | ============================================================
2026-09-03 20:48:58,176 | INFO | ris.main | MODEL INITIALIZATION
2026-09-03 20:48:58,176 | INFO | ris.main | ============================================================
2026-09-03 20:48:58,185 | INFO | ris.main | [OK] Global model ({config.MODEL_TYPE}) created
2026-09-03 20:48:58,185 | INFO | ris.main |   Total parameters: 417,025
2026-09-03 20:48:58,186 | INFO | ris.main |   Model size (FP32): 1629.00 KB
2026-09-03 20:48:58,186 | INFO | ris.main |   Model size (INT8 for FL comm): 407.25 KB
2026-09-03 20:48:58,186 | INFO | ris.main |   Expected comm per round: 13032.03 KB (= 417025 B x 2 x 16 tiles)
2026-09-03 20:48:58,186 | INFO | ris.main |   Expected total comm (5 rounds): 65160.16 KB = 63.63 MB
2026-09-03 20:48:58,535 | INFO | ris.main | [OK] Created {len(clients)} RIS tile clients
2026-09-03 20:48:58,535 | INFO | ris.main | 
Starting Federated Learning for 5 rounds...
2026-09-03 20:48:58,535 | INFO | ris.main | Local epochs per round: 20
2026-09-03 20:49:45,960 | INFO | ris.main | [Evaluation] Testing global model...
2026-09-03 20:49:47,109 | INFO | ris.main |   Test Loss: 3.320265
2026-09-03 20:49:47,109 | INFO | ris.main |   Phase Error: 1.5406 rad (88.27°)
2026-09-03 20:49:47,109 | INFO | ris.main |   SNR (Optimized): -13.72 dB
2026-09-03 20:49:47,109 | INFO | ris.main |   SNR Gain: -0.01 dB
2026-09-03 20:52:53,055 | INFO | ris.main | [Evaluation] Testing global model...
2026-09-03 20:52:54,182 | INFO | ris.main |   Test Loss: 3.383153
2026-09-03 20:52:54,183 | INFO | ris.main |   Phase Error: 1.5700 rad (89.95°)
2026-09-03 20:52:54,183 | INFO | ris.main |   SNR (Optimized): -13.74 dB
2026-09-03 20:52:54,183 | INFO | ris.main |   SNR Gain: -0.04 dB
2026-09-03 20:52:54,183 | INFO | ris.main | ============================================================
2026-09-03 20:52:54,183 | INFO | ris.main | TRAINING COMPLETE
2026-09-03 20:52:54,183 | INFO | ris.main | ============================================================
2026-09-03 20:52:54,183 | INFO | ris.main | 
  Communication check:
2026-09-03 20:52:54,183 | INFO | ris.main |     Model parameters: 417,025
2026-09-03 20:52:54,183 | INFO | ris.main |     Expected total: 63.63 MB
2026-09-03 20:52:54,184 | INFO | ris.main |     Actual total:   63.63 MB
2026-09-03 20:53:03,975 | INFO | ris.AdvancedExperiments |   Sum Rate: 7.85 bps/Hz
2026-09-03 20:53:03,976 | INFO | ris.AdvancedExperiments |   Avg Per-User SNR: 3.08 dB
2026-09-03 20:53:03,976 | INFO | ris.AdvancedExperiments |   Fairness Index: 0.6468
2026-09-03 20:53:03,976 | INFO | ris.AdvancedExperiments | 
>>> Testing with 8 simultaneous users...
2026-09-03 20:53:09,947 | INFO | ris.AdvancedExperiments |   Running FL training for 8 users...
2026-09-03 20:53:38,499 | INFO | ris.main | [Evaluation] Testing global model...
2026-09-03 20:53:39,124 | INFO | ris.main |   Test Loss: 3.259937
2026-09-03 20:53:39,125 | INFO | ris.main |   Phase Error: 1.5598 rad (89.37°)
2026-09-03 20:53:39,125 | INFO | ris.main |   SNR (Optimized): -13.79 dB
2026-09-03 20:53:39,125 | INFO | ris.main |   SNR Gain: 0.02 dB
2026-09-03 20:54:51,337 | INFO | ris.main | ============================================================
2026-09-03 20:54:51,337 | INFO | ris.main | BASELINE EVALUATION
2026-09-03 20:54:51,338 | INFO | ris.main | ============================================================
2026-09-03 20:54:51,338 | INFO | ris.main | Evaluating: No RIS (direct link)
2026-09-03 20:54:51,338 | INFO | ris.main |   SNR: -15.08 dB
2026-09-03 20:54:51,338 | INFO | ris.main |   Rate: 0.04 bps/Hz
2026-09-03 20:54:51,338 | INFO | ris.main | 
Evaluating: Random RIS
2026-09-03 20:54:51,340 | INFO | ris.main |   SNR: -15.09 dB
2026-09-03 20:54:51,340 | INFO | ris.main |   Rate: 0.04 bps/Hz
2026-09-03 20:54:51,340 | INFO | ris.main | 
Evaluating: Optimal (Genie-aided)
2026-09-03 20:54:51,343 | INFO | ris.main |   SNR: -14.31 dB
2026-09-03 20:54:51,343 | INFO | ris.main |   Rate: 0.05 bps/Hz
2026-09-03 20:54:51,343 | INFO | ris.main | ============================================================
2026-09-03 20:54:51,343 | INFO | ris.main | FEDERATED LEARNING TRAINING
2026-09-03 20:54:51,343 | INFO | ris.main | ============================================================
2026-09-03 20:54:51,343 | INFO | ris.main | ============================================================
2026-09-03 20:54:51,343 | INFO | ris.main | MODEL INITIALIZATION
2026-09-03 20:54:51,343 | INFO | ris.main | ============================================================
2026-09-03 20:54:51,352 | INFO | ris.main | [OK] Global model ({config.MODEL_TYPE}) created
2026-09-03 20:54:51,352 | INFO | ris.main |   Total parameters: 553,217
2026-09-03 20:54:51,353 | INFO | ris.main |   Model size (FP32): 2161.00 KB
2026-09-03 20:54:51,353 | INFO | ris.main |   Model size (INT8 for FL comm): 540.25 KB
2026-09-03 20:54:51,353 | INFO | ris.main |   Expected comm per round: 17288.03 KB (= 553217 B x 2 x 16 tiles)
2026-09-03 20:54:51,353 | INFO | ris.main |   Expected total comm (5 rounds): 86440.16 KB = 84.41 MB
2026-09-03 20:54:51,840 | INFO | ris.main | [OK] Created {len(clients)} RIS tile clients
2026-09-03 20:54:51,840 | INFO | ris.main | 
Starting Federated Learning for 5 rounds...
2026-09-03 20:54:51,840 | INFO | ris.main | Local epochs per round: 20
2026-09-03 20:55:39,696 | INFO | ris.main | [Evaluation] Testing global model...
2026-09-03 20:55:40,841 | INFO | ris.main |   Test Loss: 3.172301
2026-09-03 20:55:40,841 | INFO | ris.main |   Phase Error: 1.5325 rad (87.80°)
2026-09-03 20:55:40,841 | INFO | ris.main |   SNR (Optimized): -15.13 dB
2026-09-03 20:55:40,841 | INFO | ris.main |   SNR Gain: -0.05 dB
2026-09-03 20:58:47,881 | INFO | ris.main | [Evaluation] Testing global model...
2026-09-03 20:58:49,045 | INFO | ris.main |   Test Loss: 3.143207
2026-09-03 20:58:49,046 | INFO | ris.main |   Phase Error: 1.5542 rad (89.05°)
2026-09-03 20:58:49,046 | INFO | ris.main |   SNR (Optimized): -15.11 dB
2026-09-03 20:58:49,046 | INFO | ris.main |   SNR Gain: -0.04 dB
2026-09-03 20:58:49,046 | INFO | ris.main | ============================================================
2026-09-03 20:58:49,046 | INFO | ris.main | TRAINING COMPLETE
2026-09-03 20:58:49,046 | INFO | ris.main | ============================================================
2026-09-03 20:58:49,046 | INFO | ris.main | 
  Communication check:
2026-09-03 20:58:49,047 | INFO | ris.main |     Model parameters: 553,217
2026-09-03 20:58:49,047 | INFO | ris.main |     Expected total: 84.41 MB
2026-09-03 20:58:49,047 | INFO | ris.main |     Actual total:   84.41 MB
2026-09-03 20:59:06,611 | INFO | ris.AdvancedExperiments |   Sum Rate: 8.76 bps/Hz
2026-09-03 20:59:06,612 | INFO | ris.AdvancedExperiments |   Avg Per-User SNR: -1.80 dB
2026-09-03 20:59:06,612 | INFO | ris.AdvancedExperiments |   Fairness Index: 0.5309
2026-09-03 20:59:06,613 | INFO | ris.AdvancedExperiments | 
[OK] Results saved to results/advanced_experiments\multiuser_comparison_results.json
2026-09-03 20:59:07,740 | INFO | ris.AdvancedExperiments | 
============================================================
2026-09-03 20:59:07,741 | INFO | ris.AdvancedExperiments | EXPERIMENT 11: FL Algorithms Comparison
2026-09-03 20:59:07,741 | INFO | ris.AdvancedExperiments | ============================================================
2026-09-03 20:59:07,741 | INFO | ris.AdvancedExperiments | 
>>> Testing FedAvg...
2026-09-03 21:01:12,816 | INFO | ris.main | ============================================================
2026-09-03 21:01:12,816 | INFO | ris.main | BASELINE EVALUATION
2026-09-03 21:01:12,816 | INFO | ris.main | ============================================================
2026-09-03 21:01:12,816 | INFO | ris.main | Evaluating: No RIS (direct link)
2026-09-03 21:01:12,817 | INFO | ris.main |   SNR: -12.48 dB
2026-09-03 21:01:12,817 | INFO | ris.main |   Rate: 0.08 bps/Hz
2026-09-03 21:01:12,817 | INFO | ris.main | 
Evaluating: Random RIS
2026-09-03 21:01:12,819 | INFO | ris.main |   SNR: -12.49 dB
2026-09-03 21:01:12,819 | INFO | ris.main |   Rate: 0.08 bps/Hz
2026-09-03 21:01:12,819 | INFO | ris.main | 
Evaluating: Optimal (Genie-aided)
2026-09-03 21:01:12,822 | INFO | ris.main |   SNR: -11.86 dB
2026-09-03 21:01:12,822 | INFO | ris.main |   Rate: 0.09 bps/Hz
2026-09-03 21:01:12,822 | INFO | ris.main | ============================================================
2026-09-03 21:01:12,822 | INFO | ris.main | FEDERATED LEARNING TRAINING
2026-09-03 21:01:12,822 | INFO | ris.main | ============================================================
2026-09-03 21:01:12,822 | INFO | ris.main | ============================================================
2026-09-03 21:01:12,822 | INFO | ris.main | MODEL INITIALIZATION
2026-09-03 21:01:12,822 | INFO | ris.main | ============================================================
2026-09-03 21:01:12,831 | INFO | ris.main | [OK] Global model ({config.MODEL_TYPE}) created
2026-09-03 21:01:12,831 | INFO | ris.main |   Total parameters: 621,313
2026-09-03 21:01:12,831 | INFO | ris.main |   Model size (FP32): 2427.00 KB
2026-09-03 21:01:12,832 | INFO | ris.main |   Model size (INT8 for FL comm): 606.75 KB
2026-09-03 21:01:12,832 | INFO | ris.main |   Expected comm per round: 19416.03 KB (= 621313 B x 2 x 16 tiles)
2026-09-03 21:01:12,832 | INFO | ris.main |   Expected total comm (5 rounds): 97080.16 KB = 94.80 MB
2026-09-03 21:01:13,188 | INFO | ris.main | [OK] Created {len(clients)} RIS tile clients
2026-09-03 21:01:13,188 | INFO | ris.main | 
Starting Federated Learning for 5 rounds...
2026-09-03 21:01:13,189 | INFO | ris.main | Local epochs per round: 20
2026-09-03 21:02:00,515 | INFO | ris.main | [Evaluation] Testing global model...
2026-09-03 21:02:01,616 | INFO | ris.main |   Test Loss: 3.419881
2026-09-03 21:02:01,616 | INFO | ris.main |   Phase Error: 1.5804 rad (90.55°)
2026-09-03 21:02:01,616 | INFO | ris.main |   SNR (Optimized): -12.47 dB
2026-09-03 21:02:01,617 | INFO | ris.main |   SNR Gain: 0.01 dB
2026-09-03 21:05:07,850 | INFO | ris.main | [Evaluation] Testing global model...
2026-09-03 21:05:09,038 | INFO | ris.main |   Test Loss: 3.534919
2026-09-03 21:05:09,038 | INFO | ris.main |   Phase Error: 1.5804 rad (90.55°)
2026-09-03 21:05:09,038 | INFO | ris.main |   SNR (Optimized): -12.58 dB
2026-09-03 21:05:09,039 | INFO | ris.main |   SNR Gain: -0.10 dB
2026-09-03 21:05:09,039 | INFO | ris.main | ============================================================
2026-09-03 21:05:09,039 | INFO | ris.main | TRAINING COMPLETE
2026-09-03 21:05:09,039 | INFO | ris.main | ============================================================
2026-09-03 21:05:09,039 | INFO | ris.main | 
  Communication check:
2026-09-03 21:05:09,039 | INFO | ris.main |     Model parameters: 621,313
2026-09-03 21:05:09,039 | INFO | ris.main |     Expected total: 94.80 MB
2026-09-03 21:05:09,039 | INFO | ris.main |     Actual total:   94.80 MB
2026-09-03 21:05:11,266 | INFO | ris.AdvancedExperiments |   Converged: 5 rounds
2026-09-03 21:05:11,266 | INFO | ris.AdvancedExperiments |   Final SNR: -13.10 dB
2026-09-03 21:05:11,266 | INFO | ris.AdvancedExperiments | 
>>> Testing FedProx...
2026-09-03 21:07:15,253 | INFO | ris.main | ============================================================
2026-09-03 21:07:15,253 | INFO | ris.main | BASELINE EVALUATION
2026-09-03 21:07:15,253 | INFO | ris.main | ============================================================
2026-09-03 21:07:15,253 | INFO | ris.main | Evaluating: No RIS (direct link)
2026-09-03 21:07:15,253 | INFO | ris.main |   SNR: -14.08 dB
2026-09-03 21:07:15,253 | INFO | ris.main |   Rate: 0.06 bps/Hz
2026-09-03 21:07:15,253 | INFO | ris.main | 
Evaluating: Random RIS
2026-09-03 21:07:15,254 | INFO | ris.main |   SNR: -14.10 dB
2026-09-03 21:07:15,254 | INFO | ris.main |   Rate: 0.06 bps/Hz
2026-09-03 21:07:15,254 | INFO | ris.main | 
Evaluating: Optimal (Genie-aided)
2026-09-03 21:07:15,255 | INFO | ris.main |   SNR: -13.37 dB
2026-09-03 21:07:15,256 | INFO | ris.main |   Rate: 0.06 bps/Hz
2026-09-03 21:07:15,256 | INFO | ris.main | ============================================================
2026-09-03 21:07:15,256 | INFO | ris.main | FEDERATED LEARNING TRAINING
2026-09-03 21:07:15,256 | INFO | ris.main | ============================================================
2026-09-03 21:07:15,256 | INFO | ris.main | ============================================================
2026-09-03 21:07:15,256 | INFO | ris.main | MODEL INITIALIZATION
2026-09-03 21:07:15,256 | INFO | ris.main | ============================================================
2026-09-03 21:07:15,261 | INFO | ris.main | [OK] Global model ({config.MODEL_TYPE}) created
2026-09-03 21:07:15,262 | INFO | ris.main |   Total parameters: 621,313
2026-09-03 21:07:15,263 | INFO | ris.main |   Model size (FP32): 2427.00 KB
2026-09-03 21:07:15,263 | INFO | ris.main |   Model size (INT8 for FL comm): 606.75 KB
2026-09-03 21:07:15,264 | INFO | ris.main |   Expected comm per round: 19416.03 KB (= 621313 B x 2 x 16 tiles)
2026-09-03 21:07:15,264 | INFO | ris.main |   Expected total comm (5 rounds): 97080.16 KB = 94.80 MB
2026-09-03 21:07:15,754 | INFO | ris.main | [OK] Created {len(clients)} RIS tile clients
2026-09-03 21:07:15,755 | INFO | ris.main | 
Starting Federated Learning for 5 rounds...
2026-09-03 21:07:15,755 | INFO | ris.main | Local epochs per round: 20
2026-09-03 21:08:12,493 | INFO | ris.main | [Evaluation] Testing global model...
2026-09-03 21:08:13,652 | INFO | ris.main |   Test Loss: 3.285537
2026-09-03 21:08:13,652 | INFO | ris.main |   Phase Error: 1.5835 rad (90.73°)
2026-09-03 21:08:13,652 | INFO | ris.main |   SNR (Optimized): -14.06 dB
2026-09-03 21:08:13,652 | INFO | ris.main |   SNR Gain: 0.02 dB
2026-09-03 21:11:59,374 | INFO | ris.main | [Evaluation] Testing global model...
2026-09-03 21:12:00,519 | INFO | ris.main |   Test Loss: 3.272720
2026-09-03 21:12:00,519 | INFO | ris.main |   Phase Error: 1.5645 rad (89.64°)
2026-09-03 21:12:00,519 | INFO | ris.main |   SNR (Optimized): -14.10 dB
2026-09-03 21:12:00,519 | INFO | ris.main |   SNR Gain: -0.02 dB
2026-09-03 21:12:00,519 | INFO | ris.main | ============================================================
2026-09-03 21:12:00,519 | INFO | ris.main | TRAINING COMPLETE
2026-09-03 21:12:00,519 | INFO | ris.main | ============================================================
2026-09-03 21:12:00,520 | INFO | ris.main | 
  Communication check:
2026-09-03 21:12:00,520 | INFO | ris.main |     Model parameters: 621,313
2026-09-03 21:12:00,520 | INFO | ris.main |     Expected total: 94.80 MB
2026-09-03 21:12:00,520 | INFO | ris.main |     Actual total:   94.80 MB
2026-09-03 21:12:02,745 | INFO | ris.AdvancedExperiments |   Converged: 5 rounds
2026-09-03 21:12:02,745 | INFO | ris.AdvancedExperiments |   Final SNR: -13.83 dB
2026-09-03 21:12:02,745 | INFO | ris.AdvancedExperiments | 
>>> Testing SCAFFOLD...
2026-09-03 21:12:35,416 | INFO | ris.main | [Evaluation] Testing global model...
2026-09-03 21:12:36,035 | INFO | ris.main |   Test Loss: 3.248138
2026-09-03 21:12:36,035 | INFO | ris.main |   Phase Error: 1.5581 rad (89.27°)
2026-09-03 21:12:36,035 | INFO | ris.main |   SNR (Optimized): -13.79 dB
2026-09-03 21:12:36,035 | INFO | ris.main |   SNR Gain: 0.01 dB
2026-09-03 21:14:06,640 | INFO | ris.main | ============================================================
2026-09-03 21:14:06,640 | INFO | ris.main | BASELINE EVALUATION
2026-09-03 21:14:06,640 | INFO | ris.main | ============================================================
2026-09-03 21:14:06,640 | INFO | ris.main | Evaluating: No RIS (direct link)
2026-09-03 21:14:06,641 | INFO | ris.main |   SNR: -14.28 dB
2026-09-03 21:14:06,641 | INFO | ris.main |   Rate: 0.05 bps/Hz
2026-09-03 21:14:06,641 | INFO | ris.main | 
Evaluating: Random RIS
2026-09-03 21:14:06,643 | INFO | ris.main |   SNR: -14.28 dB
2026-09-03 21:14:06,643 | INFO | ris.main |   Rate: 0.05 bps/Hz
2026-09-03 21:14:06,643 | INFO | ris.main | 
Evaluating: Optimal (Genie-aided)
2026-09-03 21:14:06,645 | INFO | ris.main |   SNR: -13.52 dB
2026-09-03 21:14:06,645 | INFO | ris.main |   Rate: 0.06 bps/Hz
2026-09-03 21:14:06,646 | INFO | ris.main | ============================================================
2026-09-03 21:14:06,646 | INFO | ris.main | FEDERATED LEARNING TRAINING
2026-09-03 21:14:06,646 | INFO | ris.main | ============================================================
2026-09-03 21:14:06,647 | INFO | ris.main | ============================================================
2026-09-03 21:14:06,647 | INFO | ris.main | MODEL INITIALIZATION
2026-09-03 21:14:06,647 | INFO | ris.main | ============================================================
2026-09-03 21:14:06,661 | INFO | ris.main | [OK] Global model ({config.MODEL_TYPE}) created
2026-09-03 21:14:06,662 | INFO | ris.main |   Total parameters: 621,313
2026-09-03 21:14:06,662 | INFO | ris.main |   Model size (FP32): 2427.00 KB
2026-09-03 21:14:06,662 | INFO | ris.main |   Model size (INT8 for FL comm): 606.75 KB
2026-09-03 21:14:06,662 | INFO | ris.main |   Expected comm per round: 19416.03 KB (= 621313 B x 2 x 16 tiles)
2026-09-03 21:14:06,662 | INFO | ris.main |   Expected total comm (5 rounds): 97080.16 KB = 94.80 MB
2026-09-03 21:14:07,035 | INFO | ris.main | [OK] Created {len(clients)} RIS tile clients
2026-09-03 21:14:07,035 | INFO | ris.main | 
Starting Federated Learning for 5 rounds...
2026-09-03 21:14:07,035 | INFO | ris.main | Local epochs per round: 20
2026-09-03 21:14:56,199 | INFO | ris.main | [Evaluation] Testing global model...
2026-09-03 21:14:57,320 | INFO | ris.main |   Test Loss: 3.179368
2026-09-03 21:14:57,320 | INFO | ris.main |   Phase Error: 1.5577 rad (89.25°)
2026-09-03 21:14:57,320 | INFO | ris.main |   SNR (Optimized): -14.28 dB
2026-09-03 21:14:57,321 | INFO | ris.main |   SNR Gain: 0.00 dB
2026-09-03 21:18:16,749 | INFO | ris.main | [Evaluation] Testing global model...
2026-09-03 21:18:17,886 | INFO | ris.main |   Test Loss: 3.179376
2026-09-03 21:18:17,886 | INFO | ris.main |   Phase Error: 1.5560 rad (89.15°)
2026-09-03 21:18:17,886 | INFO | ris.main |   SNR (Optimized): -14.28 dB
2026-09-03 21:18:17,886 | INFO | ris.main |   SNR Gain: 0.00 dB
2026-09-03 21:18:17,886 | INFO | ris.main | ============================================================
2026-09-03 21:18:17,886 | INFO | ris.main | TRAINING COMPLETE
2026-09-03 21:18:17,886 | INFO | ris.main | ============================================================
2026-09-03 21:18:17,887 | INFO | ris.main | 
  Communication check:
2026-09-03 21:18:17,887 | INFO | ris.main |     Model parameters: 621,313
2026-09-03 21:18:17,887 | INFO | ris.main |     Expected total: 94.80 MB
2026-09-03 21:18:17,887 | INFO | ris.main |     Actual total:   94.80 MB
2026-09-03 21:18:20,090 | INFO | ris.AdvancedExperiments |   Converged: 5 rounds
2026-09-03 21:18:20,090 | INFO | ris.AdvancedExperiments |   Final SNR: -13.78 dB
2026-09-03 21:18:20,300 | INFO | ris.AdvancedExperiments | 
[OK] Results saved to results/advanced_experiments\fl_algorithms_results.json
2026-09-03 21:18:21,322 | INFO | ris.AdvancedExperiments | 
============================================================
2026-09-03 21:18:21,322 | INFO | ris.AdvancedExperiments | EXPERIMENT 12: Model Architectures Comparison
2026-09-03 21:18:21,322 | INFO | ris.AdvancedExperiments | ============================================================
2026-09-03 21:18:21,322 | INFO | ris.AdvancedExperiments | 
>>> Testing MLP architecture...
2026-09-03 21:20:25,175 | INFO | ris.main | ============================================================
2026-09-03 21:20:25,175 | INFO | ris.main | BASELINE EVALUATION
2026-09-03 21:20:25,176 | INFO | ris.main | ============================================================
2026-09-03 21:20:25,176 | INFO | ris.main | Evaluating: No RIS (direct link)
2026-09-03 21:20:25,176 | INFO | ris.main |   SNR: -14.35 dB
2026-09-03 21:20:25,176 | INFO | ris.main |   Rate: 0.05 bps/Hz
2026-09-03 21:20:25,176 | INFO | ris.main | 
Evaluating: Random RIS
2026-09-03 21:20:25,178 | INFO | ris.main |   SNR: -14.35 dB
2026-09-03 21:20:25,178 | INFO | ris.main |   Rate: 0.05 bps/Hz
2026-09-03 21:20:25,178 | INFO | ris.main | 
Evaluating: Optimal (Genie-aided)
2026-09-03 21:20:25,181 | INFO | ris.main |   SNR: -13.60 dB
2026-09-03 21:20:25,181 | INFO | ris.main |   Rate: 0.06 bps/Hz
2026-09-03 21:20:25,181 | INFO | ris.main | ============================================================
2026-09-03 21:20:25,181 | INFO | ris.main | FEDERATED LEARNING TRAINING
2026-09-03 21:20:25,181 | INFO | ris.main | ============================================================
2026-09-03 21:20:25,181 | INFO | ris.main | ============================================================
2026-09-03 21:20:25,181 | INFO | ris.main | MODEL INITIALIZATION
2026-09-03 21:20:25,181 | INFO | ris.main | ============================================================
2026-09-03 21:20:25,184 | INFO | ris.main | [OK] Global model ({config.MODEL_TYPE}) created
2026-09-03 21:20:25,184 | INFO | ris.main |   Total parameters: 488,768
2026-09-03 21:20:25,185 | INFO | ris.main |   Model size (FP32): 1909.25 KB
2026-09-03 21:20:25,185 | INFO | ris.main |   Model size (INT8 for FL comm): 477.31 KB
2026-09-03 21:20:25,185 | INFO | ris.main |   Expected comm per round: 15274.00 KB (= 488768 B x 2 x 16 tiles)
2026-09-03 21:20:25,185 | INFO | ris.main |   Expected total comm (5 rounds): 76370.00 KB = 74.58 MB
2026-09-03 21:20:25,262 | INFO | ris.main | [OK] Created {len(clients)} RIS tile clients
2026-09-03 21:20:25,262 | INFO | ris.main | 
Starting Federated Learning for 5 rounds...
2026-09-03 21:20:25,262 | INFO | ris.main | Local epochs per round: 20
2026-09-03 21:20:30,940 | INFO | ris.main | [Evaluation] Testing global model...
2026-09-03 21:20:31,027 | INFO | ris.main |   Test Loss: 3.069057
2026-09-03 21:20:31,027 | INFO | ris.main |   Phase Error: 1.5152 rad (86.81°)
2026-09-03 21:20:31,027 | INFO | ris.main |   SNR (Optimized): -14.32 dB
2026-09-03 21:20:31,028 | INFO | ris.main |   SNR Gain: 0.03 dB
2026-09-03 21:20:53,579 | INFO | ris.main | [Evaluation] Testing global model...
2026-09-03 21:20:53,667 | INFO | ris.main |   Test Loss: 3.149848
2026-09-03 21:20:53,667 | INFO | ris.main |   Phase Error: 1.5270 rad (87.49°)
2026-09-03 21:20:53,667 | INFO | ris.main |   SNR (Optimized): -14.31 dB
2026-09-03 21:20:53,667 | INFO | ris.main |   SNR Gain: 0.03 dB
2026-09-03 21:20:53,667 | INFO | ris.main | ============================================================
2026-09-03 21:20:53,667 | INFO | ris.main | TRAINING COMPLETE
2026-09-03 21:20:53,667 | INFO | ris.main | ============================================================
2026-09-03 21:20:53,667 | INFO | ris.main | 
  Communication check:
2026-09-03 21:20:53,667 | INFO | ris.main |     Model parameters: 488,768
2026-09-03 21:20:53,668 | INFO | ris.main |     Expected total: 74.58 MB
2026-09-03 21:20:53,668 | INFO | ris.main |     Actual total:   74.58 MB
2026-09-03 21:20:53,811 | INFO | ris.AdvancedExperiments |   Final SNR: -14.28 dB
2026-09-03 21:20:53,812 | INFO | ris.AdvancedExperiments | 
>>> Testing GNN architecture...
2026-09-03 21:22:57,896 | INFO | ris.main | ============================================================
2026-09-03 21:22:57,896 | INFO | ris.main | BASELINE EVALUATION
2026-09-03 21:22:57,896 | INFO | ris.main | ============================================================
2026-09-03 21:22:57,896 | INFO | ris.main | Evaluating: No RIS (direct link)
2026-09-03 21:22:57,897 | INFO | ris.main |   SNR: -11.22 dB
2026-09-03 21:22:57,897 | INFO | ris.main |   Rate: 0.10 bps/Hz
2026-09-03 21:22:57,897 | INFO | ris.main | 
Evaluating: Random RIS
2026-09-03 21:22:57,899 | INFO | ris.main |   SNR: -11.22 dB
2026-09-03 21:22:57,899 | INFO | ris.main |   Rate: 0.10 bps/Hz
2026-09-03 21:22:57,899 | INFO | ris.main | 
Evaluating: Optimal (Genie-aided)
2026-09-03 21:22:57,902 | INFO | ris.main |   SNR: -10.68 dB
2026-09-03 21:22:57,902 | INFO | ris.main |   Rate: 0.12 bps/Hz
2026-09-03 21:22:57,902 | INFO | ris.main | ============================================================
2026-09-03 21:22:57,902 | INFO | ris.main | FEDERATED LEARNING TRAINING
2026-09-03 21:22:57,902 | INFO | ris.main | ============================================================
2026-09-03 21:22:57,902 | INFO | ris.main | ============================================================
2026-09-03 21:22:57,902 | INFO | ris.main | MODEL INITIALIZATION
2026-09-03 21:22:57,902 | INFO | ris.main | ============================================================
2026-09-03 21:22:57,911 | INFO | ris.main | [OK] Global model ({config.MODEL_TYPE}) created
2026-09-03 21:22:57,912 | INFO | ris.main |   Total parameters: 621,313
2026-09-03 21:22:57,912 | INFO | ris.main |   Model size (FP32): 2427.00 KB
2026-09-03 21:22:57,912 | INFO | ris.main |   Model size (INT8 for FL comm): 606.75 KB
2026-09-03 21:22:57,912 | INFO | ris.main |   Expected comm per round: 19416.03 KB (= 621313 B x 2 x 16 tiles)
2026-09-03 21:22:57,912 | INFO | ris.main |   Expected total comm (5 rounds): 97080.16 KB = 94.80 MB
2026-09-03 21:22:58,270 | INFO | ris.main | [OK] Created {len(clients)} RIS tile clients
2026-09-03 21:22:58,270 | INFO | ris.main | 
Starting Federated Learning for 5 rounds...
2026-09-03 21:22:58,270 | INFO | ris.main | Local epochs per round: 20
2026-09-03 21:23:45,839 | INFO | ris.main | [Evaluation] Testing global model...
2026-09-03 21:23:46,973 | INFO | ris.main |   Test Loss: 3.043083
2026-09-03 21:23:46,974 | INFO | ris.main |   Phase Error: 1.5251 rad (87.38°)
2026-09-03 21:23:46,974 | INFO | ris.main |   SNR (Optimized): -11.18 dB
2026-09-03 21:23:46,974 | INFO | ris.main |   SNR Gain: 0.05 dB
2026-09-03 21:26:53,524 | INFO | ris.main | [Evaluation] Testing global model...
2026-09-03 21:26:54,652 | INFO | ris.main |   Test Loss: 3.231369
2026-09-03 21:26:54,652 | INFO | ris.main |   Phase Error: 1.5402 rad (88.25°)
2026-09-03 21:26:54,652 | INFO | ris.main |   SNR (Optimized): -11.21 dB
2026-09-03 21:26:54,652 | INFO | ris.main |   SNR Gain: 0.01 dB
2026-09-03 21:26:54,652 | INFO | ris.main | ============================================================
2026-09-03 21:26:54,652 | INFO | ris.main | TRAINING COMPLETE
2026-09-03 21:26:54,652 | INFO | ris.main | ============================================================
2026-09-03 21:26:54,653 | INFO | ris.main | 
  Communication check:
2026-09-03 21:26:54,653 | INFO | ris.main |     Model parameters: 621,313
2026-09-03 21:26:54,653 | INFO | ris.main |     Expected total: 94.80 MB
2026-09-03 21:26:54,653 | INFO | ris.main |     Actual total:   94.80 MB
2026-09-03 21:26:56,854 | INFO | ris.AdvancedExperiments |   Final SNR: -12.04 dB
2026-09-03 21:26:56,854 | INFO | ris.AdvancedExperiments | 
>>> Testing CNN_Attention architecture...
2026-09-03 21:27:08,734 | INFO | ris.main | [Evaluation] Testing global model...
2026-09-03 21:27:09,344 | INFO | ris.main |   Test Loss: 3.263913
2026-09-03 21:27:09,344 | INFO | ris.main |   Phase Error: 1.5623 rad (89.51°)
2026-09-03 21:27:09,344 | INFO | ris.main |   SNR (Optimized): -13.79 dB
2026-09-03 21:27:09,344 | INFO | ris.main |   SNR Gain: 0.01 dB
2026-09-03 21:27:09,344 | INFO | ris.main | ============================================================
2026-09-03 21:27:09,345 | INFO | ris.main | TRAINING COMPLETE
2026-09-03 21:27:09,345 | INFO | ris.main | ============================================================
2026-09-03 21:27:09,345 | INFO | ris.main | 
  Communication check:
2026-09-03 21:27:09,345 | INFO | ris.main |     Model parameters: 621,313
2026-09-03 21:27:09,345 | INFO | ris.main |     Expected total: 379.22 MB
2026-09-03 21:27:09,345 | INFO | ris.main |     Actual total:   379.22 MB
2026-09-03 21:27:10,396 | INFO | ris.AdvancedExperiments |   Converged in: 20 rounds
2026-09-03 21:27:10,397 | INFO | ris.AdvancedExperiments |   Final SNR: -13.23 dB
2026-09-03 21:27:10,397 | INFO | ris.AdvancedExperiments |   Total Communication: 388320.62 KB
2026-09-03 21:27:15,599 | INFO | ris.AdvancedExperiments | 
[OK] Results saved to results/advanced_experiments\local_epochs_variation_results.json
2026-09-03 21:27:16,252 | INFO | ris.AdvancedExperiments | 
============================================================
2026-09-03 21:27:16,252 | INFO | ris.AdvancedExperiments | EXPERIMENT 2: RIS Quantization Levels
2026-09-03 21:27:16,252 | INFO | ris.AdvancedExperiments | ============================================================
2026-09-03 21:27:16,252 | INFO | ris.AdvancedExperiments | 
>>> Testing with 1-bit quantization...
2026-09-03 21:29:05,424 | INFO | ris.main | ============================================================
2026-09-03 21:29:05,424 | INFO | ris.main | BASELINE EVALUATION
2026-09-03 21:29:05,424 | INFO | ris.main | ============================================================
2026-09-03 21:29:05,425 | INFO | ris.main | Evaluating: No RIS (direct link)
2026-09-03 21:29:05,426 | INFO | ris.main |   SNR: -12.13 dB
2026-09-03 21:29:05,426 | INFO | ris.main |   Rate: 0.09 bps/Hz
2026-09-03 21:29:05,426 | INFO | ris.main | 
Evaluating: Random RIS
2026-09-03 21:29:05,428 | INFO | ris.main |   SNR: -12.12 dB
2026-09-03 21:29:05,428 | INFO | ris.main |   Rate: 0.09 bps/Hz
2026-09-03 21:29:05,428 | INFO | ris.main | 
Evaluating: Optimal (Genie-aided)
2026-09-03 21:29:05,430 | INFO | ris.main |   SNR: -11.60 dB
2026-09-03 21:29:05,431 | INFO | ris.main |   Rate: 0.10 bps/Hz
2026-09-03 21:29:05,431 | INFO | ris.main | ============================================================
2026-09-03 21:29:05,431 | INFO | ris.main | FEDERATED LEARNING TRAINING
2026-09-03 21:29:05,431 | INFO | ris.main | ============================================================
2026-09-03 21:29:05,431 | INFO | ris.main | ============================================================
2026-09-03 21:29:05,431 | INFO | ris.main | MODEL INITIALIZATION
2026-09-03 21:29:05,431 | INFO | ris.main | ============================================================
2026-09-03 21:29:05,435 | INFO | ris.main | [OK] Global model ({config.MODEL_TYPE}) created
2026-09-03 21:29:05,435 | INFO | ris.main |   Total parameters: 436,481
2026-09-03 21:29:05,435 | INFO | ris.main |   Model size (FP32): 1705.00 KB
2026-09-03 21:29:05,435 | INFO | ris.main |   Model size (INT8 for FL comm): 426.25 KB
2026-09-03 21:29:05,435 | INFO | ris.main |   Expected comm per round: 13640.03 KB (= 436481 B x 2 x 16 tiles)
2026-09-03 21:29:05,436 | INFO | ris.main |   Expected total comm (5 rounds): 68200.16 KB = 66.60 MB
2026-09-03 21:29:05,692 | INFO | ris.main | [OK] Created {len(clients)} RIS tile clients
2026-09-03 21:29:05,692 | INFO | ris.main | 
Starting Federated Learning for 5 rounds...
2026-09-03 21:29:05,692 | INFO | ris.main | Local epochs per round: 20
2026-09-03 21:29:15,472 | INFO | ris.main | [Evaluation] Testing global model...
2026-09-03 21:29:15,648 | INFO | ris.main |   Test Loss: 3.216846
2026-09-03 21:29:15,648 | INFO | ris.main |   Phase Error: 1.5452 rad (88.53°)
2026-09-03 21:29:15,648 | INFO | ris.main |   SNR (Optimized): -12.11 dB
2026-09-03 21:29:15,649 | INFO | ris.main |   SNR Gain: 0.02 dB
2026-09-03 21:29:53,680 | INFO | ris.main | [Evaluation] Testing global model...
2026-09-03 21:29:53,837 | INFO | ris.main |   Test Loss: 3.298736
2026-09-03 21:29:53,838 | INFO | ris.main |   Phase Error: 1.5686 rad (89.87°)
2026-09-03 21:29:53,838 | INFO | ris.main |   SNR (Optimized): -12.14 dB
2026-09-03 21:29:53,838 | INFO | ris.main |   SNR Gain: -0.01 dB
2026-09-03 21:29:53,838 | INFO | ris.main | ============================================================
2026-09-03 21:29:53,838 | INFO | ris.main | TRAINING COMPLETE
2026-09-03 21:29:53,839 | INFO | ris.main | ============================================================
2026-09-03 21:29:53,839 | INFO | ris.main | 
  Communication check:
2026-09-03 21:29:53,839 | INFO | ris.main |     Model parameters: 436,481
2026-09-03 21:29:53,839 | INFO | ris.main |     Expected total: 66.60 MB
2026-09-03 21:29:53,839 | INFO | ris.main |     Actual total:   66.60 MB
2026-09-03 21:29:54,129 | INFO | ris.AdvancedExperiments |   Final SNR: -12.59 dB
2026-09-03 21:29:54,129 | INFO | ris.AdvancedExperiments | 
>>> Testing Transformer architecture...
2026-09-03 21:32:04,667 | INFO | ris.main | ============================================================
2026-09-03 21:32:04,668 | INFO | ris.main | BASELINE EVALUATION
2026-09-03 21:32:04,668 | INFO | ris.main | ============================================================
2026-09-03 21:32:04,668 | INFO | ris.main | Evaluating: No RIS (direct link)
2026-09-03 21:32:04,668 | INFO | ris.main |   SNR: -13.08 dB
2026-09-03 21:32:04,668 | INFO | ris.main |   Rate: 0.07 bps/Hz
2026-09-03 21:32:04,669 | INFO | ris.main | 
Evaluating: Random RIS
2026-09-03 21:32:04,671 | INFO | ris.main |   SNR: -13.08 dB
2026-09-03 21:32:04,671 | INFO | ris.main |   Rate: 0.07 bps/Hz
2026-09-03 21:32:04,671 | INFO | ris.main | 
Evaluating: Optimal (Genie-aided)
2026-09-03 21:32:04,673 | INFO | ris.main |   SNR: -12.60 dB
2026-09-03 21:32:04,673 | INFO | ris.main |   Rate: 0.08 bps/Hz
2026-09-03 21:32:04,674 | INFO | ris.main | ============================================================
2026-09-03 21:32:04,674 | INFO | ris.main | FEDERATED LEARNING TRAINING
2026-09-03 21:32:04,674 | INFO | ris.main | ============================================================
2026-09-03 21:32:04,674 | INFO | ris.main | ============================================================
2026-09-03 21:32:04,674 | INFO | ris.main | MODEL INITIALIZATION
2026-09-03 21:32:04,674 | INFO | ris.main | ============================================================
2026-09-03 21:32:04,691 | INFO | ris.main | [OK] Global model ({config.MODEL_TYPE}) created
2026-09-03 21:32:04,691 | INFO | ris.main |   Total parameters: 2,531,585
2026-09-03 21:32:04,692 | INFO | ris.main |   Model size (FP32): 9889.00 KB
2026-09-03 21:32:04,692 | INFO | ris.main |   Model size (INT8 for FL comm): 2472.25 KB
2026-09-03 21:32:04,692 | INFO | ris.main |   Expected comm per round: 79112.03 KB (= 2531585 B x 2 x 16 tiles)
2026-09-03 21:32:04,692 | INFO | ris.main |   Expected total comm (5 rounds): 395560.16 KB = 386.29 MB
2026-09-03 21:32:05,634 | INFO | ris.main | [OK] Created {len(clients)} RIS tile clients
2026-09-03 21:32:05,634 | INFO | ris.main | 
Starting Federated Learning for 5 rounds...
2026-09-03 21:32:05,635 | INFO | ris.main | Local epochs per round: 20
2026-09-03 21:32:27,977 | INFO | ris.main | [Evaluation] Testing global model...
2026-09-03 21:32:28,224 | INFO | ris.main |   Test Loss: 3.382004
2026-09-03 21:32:28,224 | INFO | ris.main |   Phase Error: 1.5790 rad (90.47°)
2026-09-03 21:32:28,225 | INFO | ris.main |   SNR (Optimized): -13.06 dB
2026-09-03 21:32:28,225 | INFO | ris.main |   SNR Gain: 0.02 dB
2026-09-03 21:33:56,099 | INFO | ris.main | [Evaluation] Testing global model...
2026-09-03 21:33:56,344 | INFO | ris.main |   Test Loss: 3.380728
2026-09-03 21:33:56,344 | INFO | ris.main |   Phase Error: 1.5878 rad (90.98°)
2026-09-03 21:33:56,344 | INFO | ris.main |   SNR (Optimized): -13.07 dB
2026-09-03 21:33:56,344 | INFO | ris.main |   SNR Gain: 0.01 dB
2026-09-03 21:33:56,344 | INFO | ris.main | ============================================================
2026-09-03 21:33:56,344 | INFO | ris.main | TRAINING COMPLETE
2026-09-03 21:33:56,344 | INFO | ris.main | ============================================================
2026-09-03 21:33:56,345 | INFO | ris.main | 
  Communication check:
2026-09-03 21:33:56,345 | INFO | ris.main |     Model parameters: 2,531,585
2026-09-03 21:33:56,345 | INFO | ris.main |     Expected total: 386.29 MB
2026-09-03 21:33:56,345 | INFO | ris.main |     Actual total:   386.29 MB
2026-09-03 21:33:56,818 | INFO | ris.AdvancedExperiments |   Final SNR: -12.84 dB
2026-09-03 21:33:57,123 | INFO | ris.AdvancedExperiments | 
[OK] Results saved to results/advanced_experiments\model_architectures_results.json
2026-09-03 21:33:58,340 | INFO | ris.AdvancedExperiments | 
============================================================
2026-09-03 21:33:58,341 | INFO | ris.AdvancedExperiments | EXPERIMENT 13: CSI Robustness
2026-09-03 21:33:58,341 | INFO | ris.AdvancedExperiments | ============================================================
2026-09-03 21:33:58,341 | INFO | ris.AdvancedExperiments | 
>>> Testing CSI Variance = 0.0...
2026-09-03 21:36:06,950 | INFO | ris.main | ============================================================
2026-09-03 21:36:06,950 | INFO | ris.main | BASELINE EVALUATION
2026-09-03 21:36:06,951 | INFO | ris.main | ============================================================
2026-09-03 21:36:06,951 | INFO | ris.main | Evaluating: No RIS (direct link)
2026-09-03 21:36:06,952 | INFO | ris.main |   SNR: -13.04 dB
2026-09-03 21:36:06,952 | INFO | ris.main |   Rate: 0.07 bps/Hz
2026-09-03 21:36:06,952 | INFO | ris.main | 
Evaluating: Random RIS
2026-09-03 21:36:06,955 | INFO | ris.main |   SNR: -13.03 dB
2026-09-03 21:36:06,955 | INFO | ris.main |   Rate: 0.07 bps/Hz
2026-09-03 21:36:06,955 | INFO | ris.main | 
Evaluating: Optimal (Genie-aided)
2026-09-03 21:36:06,958 | INFO | ris.main |   SNR: -12.34 dB
2026-09-03 21:36:06,958 | INFO | ris.main |   Rate: 0.08 bps/Hz
2026-09-03 21:36:06,958 | INFO | ris.main | ============================================================
2026-09-03 21:36:06,958 | INFO | ris.main | FEDERATED LEARNING TRAINING
2026-09-03 21:36:06,959 | INFO | ris.main | ============================================================
2026-09-03 21:36:06,959 | INFO | ris.main | ============================================================
2026-09-03 21:36:06,959 | INFO | ris.main | MODEL INITIALIZATION
2026-09-03 21:36:06,959 | INFO | ris.main | ============================================================
2026-09-03 21:36:06,968 | INFO | ris.main | [OK] Global model ({config.MODEL_TYPE}) created
2026-09-03 21:36:06,969 | INFO | ris.main |   Total parameters: 621,313
2026-09-03 21:36:06,969 | INFO | ris.main |   Model size (FP32): 2427.00 KB
2026-09-03 21:36:06,969 | INFO | ris.main |   Model size (INT8 for FL comm): 606.75 KB
2026-09-03 21:36:06,969 | INFO | ris.main |   Expected comm per round: 19416.03 KB (= 621313 B x 2 x 16 tiles)
2026-09-03 21:36:06,969 | INFO | ris.main |   Expected total comm (5 rounds): 97080.16 KB = 94.80 MB
2026-09-03 21:36:07,413 | INFO | ris.main | [OK] Created {len(clients)} RIS tile clients
2026-09-03 21:36:07,413 | INFO | ris.main | 
Starting Federated Learning for 5 rounds...
2026-09-03 21:36:07,413 | INFO | ris.main | Local epochs per round: 20
2026-09-03 21:36:34,898 | INFO | ris.main | ============================================================
2026-09-03 21:36:34,898 | INFO | ris.main | BASELINE EVALUATION
2026-09-03 21:36:34,899 | INFO | ris.main | ============================================================
2026-09-03 21:36:34,899 | INFO | ris.main | Evaluating: No RIS (direct link)
2026-09-03 21:36:34,899 | INFO | ris.main |   SNR: -14.16 dB
2026-09-03 21:36:34,899 | INFO | ris.main |   Rate: 0.05 bps/Hz
2026-09-03 21:36:34,899 | INFO | ris.main | 
Evaluating: Random RIS
2026-09-03 21:36:34,900 | INFO | ris.main |   SNR: -14.14 dB
2026-09-03 21:36:34,900 | INFO | ris.main |   Rate: 0.05 bps/Hz
2026-09-03 21:36:34,900 | INFO | ris.main | 
Evaluating: Optimal (Genie-aided)
2026-09-03 21:36:34,901 | INFO | ris.main |   SNR: -13.38 dB
2026-09-03 21:36:34,901 | INFO | ris.main |   Rate: 0.06 bps/Hz
2026-09-03 21:36:34,901 | INFO | ris.main | ============================================================
2026-09-03 21:36:34,901 | INFO | ris.main | FEDERATED LEARNING TRAINING
2026-09-03 21:36:34,901 | INFO | ris.main | ============================================================
2026-09-03 21:36:34,901 | INFO | ris.main | ============================================================
2026-09-03 21:36:34,901 | INFO | ris.main | MODEL INITIALIZATION
2026-09-03 21:36:34,901 | INFO | ris.main | ============================================================
2026-09-03 21:36:34,905 | INFO | ris.main | [OK] Global model ({config.MODEL_TYPE}) created
2026-09-03 21:36:34,906 | INFO | ris.main |   Total parameters: 621,313
2026-09-03 21:36:34,906 | INFO | ris.main |   Model size (FP32): 2427.00 KB
2026-09-03 21:36:34,906 | INFO | ris.main |   Model size (INT8 for FL comm): 606.75 KB
2026-09-03 21:36:34,906 | INFO | ris.main |   Expected comm per round: 19416.03 KB (= 621313 B x 2 x 16 tiles)
2026-09-03 21:36:34,906 | INFO | ris.main |   Expected total comm (20 rounds): 388320.62 KB = 379.22 MB
2026-09-03 21:36:35,182 | INFO | ris.main | [OK] Created {len(clients)} RIS tile clients
2026-09-03 21:36:35,182 | INFO | ris.main | 
Starting Federated Learning for 20 rounds...
2026-09-03 21:36:35,182 | INFO | ris.main | Local epochs per round: 20
2026-09-03 21:36:49,611 | INFO | ris.main | [Evaluation] Testing global model...
2026-09-03 21:36:50,731 | INFO | ris.main |   Test Loss: 3.295529
2026-09-03 21:36:50,731 | INFO | ris.main |   Phase Error: 1.5734 rad (90.15°)
2026-09-03 21:36:50,731 | INFO | ris.main |   SNR (Optimized): -13.07 dB
2026-09-03 21:36:50,731 | INFO | ris.main |   SNR Gain: -0.03 dB
2026-09-03 21:39:59,718 | INFO | ris.main | [Evaluation] Testing global model...
2026-09-03 21:40:00,851 | INFO | ris.main |   Test Loss: 3.246710
2026-09-03 21:40:00,851 | INFO | ris.main |   Phase Error: 1.6083 rad (92.15°)
2026-09-03 21:40:00,851 | INFO | ris.main |   SNR (Optimized): -13.03 dB
2026-09-03 21:40:00,851 | INFO | ris.main |   SNR Gain: 0.02 dB
2026-09-03 21:40:00,851 | INFO | ris.main | ============================================================
2026-09-03 21:40:00,851 | INFO | ris.main | TRAINING COMPLETE
2026-09-03 21:40:00,851 | INFO | ris.main | ============================================================
2026-09-03 21:40:00,852 | INFO | ris.main | 
  Communication check:
2026-09-03 21:40:00,852 | INFO | ris.main |     Model parameters: 621,313
2026-09-03 21:40:00,852 | INFO | ris.main |     Expected total: 94.80 MB
2026-09-03 21:40:00,852 | INFO | ris.main |     Actual total:   94.80 MB
2026-09-03 21:40:03,064 | INFO | ris.AdvancedExperiments |   Final SNR: -13.36 dB
2026-09-03 21:40:03,065 | INFO | ris.AdvancedExperiments | 
>>> Testing CSI Variance = 0.01...
2026-09-03 21:40:35,631 | INFO | ris.main | [Evaluation] Testing global model...
2026-09-03 21:40:36,264 | INFO | ris.main |   Test Loss: 3.344188
2026-09-03 21:40:36,264 | INFO | ris.main |   Phase Error: 1.5887 rad (91.02°)
2026-09-03 21:40:36,265 | INFO | ris.main |   SNR (Optimized): -14.19 dB
2026-09-03 21:40:36,265 | INFO | ris.main |   SNR Gain: -0.04 dB
2026-09-03 21:42:07,350 | INFO | ris.main | ============================================================
2026-09-03 21:42:07,350 | INFO | ris.main | BASELINE EVALUATION
2026-09-03 21:42:07,350 | INFO | ris.main | ============================================================
2026-09-03 21:42:07,350 | INFO | ris.main | Evaluating: No RIS (direct link)
2026-09-03 21:42:07,351 | INFO | ris.main |   SNR: -14.00 dB
2026-09-03 21:42:07,351 | INFO | ris.main |   Rate: 0.06 bps/Hz
2026-09-03 21:42:07,351 | INFO | ris.main | 
Evaluating: Random RIS
2026-09-03 21:42:07,353 | INFO | ris.main |   SNR: -13.98 dB
2026-09-03 21:42:07,353 | INFO | ris.main |   Rate: 0.06 bps/Hz
2026-09-03 21:42:07,353 | INFO | ris.main | 
Evaluating: Optimal (Genie-aided)
2026-09-03 21:42:07,355 | INFO | ris.main |   SNR: -13.38 dB
2026-09-03 21:42:07,355 | INFO | ris.main |   Rate: 0.06 bps/Hz
2026-09-03 21:42:07,356 | INFO | ris.main | ============================================================
2026-09-03 21:42:07,356 | INFO | ris.main | FEDERATED LEARNING TRAINING
2026-09-03 21:42:07,356 | INFO | ris.main | ============================================================
2026-09-03 21:42:07,356 | INFO | ris.main | ============================================================
2026-09-03 21:42:07,356 | INFO | ris.main | MODEL INITIALIZATION
2026-09-03 21:42:07,356 | INFO | ris.main | ============================================================
2026-09-03 21:42:07,365 | INFO | ris.main | [OK] Global model ({config.MODEL_TYPE}) created
2026-09-03 21:42:07,365 | INFO | ris.main |   Total parameters: 621,313
2026-09-03 21:42:07,365 | INFO | ris.main |   Model size (FP32): 2427.00 KB
2026-09-03 21:42:07,365 | INFO | ris.main |   Model size (INT8 for FL comm): 606.75 KB
2026-09-03 21:42:07,365 | INFO | ris.main |   Expected comm per round: 19416.03 KB (= 621313 B x 2 x 16 tiles)
2026-09-03 21:42:07,365 | INFO | ris.main |   Expected total comm (5 rounds): 97080.16 KB = 94.80 MB
2026-09-03 21:42:07,724 | INFO | ris.main | [OK] Created {len(clients)} RIS tile clients
2026-09-03 21:42:07,724 | INFO | ris.main | 
Starting Federated Learning for 5 rounds...
2026-09-03 21:42:07,724 | INFO | ris.main | Local epochs per round: 20
2026-09-03 21:42:55,356 | INFO | ris.main | [Evaluation] Testing global model...
2026-09-03 21:42:56,472 | INFO | ris.main |   Test Loss: 3.222216
2026-09-03 21:42:56,472 | INFO | ris.main |   Phase Error: 1.5637 rad (89.59°)
2026-09-03 21:42:56,472 | INFO | ris.main |   SNR (Optimized): -14.01 dB
2026-09-03 21:42:56,472 | INFO | ris.main |   SNR Gain: -0.01 dB
2026-09-03 21:46:05,072 | INFO | ris.main | [Evaluation] Testing global model...
2026-09-03 21:46:06,205 | INFO | ris.main |   Test Loss: 3.270305
2026-09-03 21:46:06,205 | INFO | ris.main |   Phase Error: 1.5582 rad (89.28°)
2026-09-03 21:46:06,205 | INFO | ris.main |   SNR (Optimized): -14.02 dB
2026-09-03 21:46:06,205 | INFO | ris.main |   SNR Gain: -0.01 dB
2026-09-03 21:46:06,205 | INFO | ris.main | ============================================================
2026-09-03 21:46:06,205 | INFO | ris.main | TRAINING COMPLETE
2026-09-03 21:46:06,205 | INFO | ris.main | ============================================================
2026-09-03 21:46:06,206 | INFO | ris.main | 
  Communication check:
2026-09-03 21:46:06,206 | INFO | ris.main |     Model parameters: 621,313
2026-09-03 21:46:06,206 | INFO | ris.main |     Expected total: 94.80 MB
2026-09-03 21:46:06,206 | INFO | ris.main |     Actual total:   94.80 MB
2026-09-03 21:46:08,425 | INFO | ris.AdvancedExperiments |   Final SNR: -13.27 dB
2026-09-03 21:46:08,425 | INFO | ris.AdvancedExperiments | 
>>> Testing CSI Variance = 0.05...
2026-09-03 21:48:12,226 | INFO | ris.main | ============================================================
2026-09-03 21:48:12,227 | INFO | ris.main | BASELINE EVALUATION
2026-09-03 21:48:12,227 | INFO | ris.main | ============================================================
2026-09-03 21:48:12,227 | INFO | ris.main | Evaluating: No RIS (direct link)
2026-09-03 21:48:12,227 | INFO | ris.main |   SNR: -13.48 dB
2026-09-03 21:48:12,227 | INFO | ris.main |   Rate: 0.06 bps/Hz
2026-09-03 21:48:12,228 | INFO | ris.main | 
Evaluating: Random RIS
2026-09-03 21:48:12,229 | INFO | ris.main |   SNR: -13.49 dB
2026-09-03 21:48:12,230 | INFO | ris.main |   Rate: 0.06 bps/Hz
2026-09-03 21:48:12,230 | INFO | ris.main | 
Evaluating: Optimal (Genie-aided)
2026-09-03 21:48:12,232 | INFO | ris.main |   SNR: -12.77 dB
2026-09-03 21:48:12,232 | INFO | ris.main |   Rate: 0.07 bps/Hz
2026-09-03 21:48:12,232 | INFO | ris.main | ============================================================
2026-09-03 21:48:12,232 | INFO | ris.main | FEDERATED LEARNING TRAINING
2026-09-03 21:48:12,232 | INFO | ris.main | ============================================================
2026-09-03 21:48:12,233 | INFO | ris.main | ============================================================
2026-09-03 21:48:12,233 | INFO | ris.main | MODEL INITIALIZATION
2026-09-03 21:48:12,233 | INFO | ris.main | ============================================================
2026-09-03 21:48:12,237 | INFO | ris.main | [OK] Global model ({config.MODEL_TYPE}) created
2026-09-03 21:48:12,238 | INFO | ris.main |   Total parameters: 621,313
2026-09-03 21:48:12,238 | INFO | ris.main |   Model size (FP32): 2427.00 KB
2026-09-03 21:48:12,238 | INFO | ris.main |   Model size (INT8 for FL comm): 606.75 KB
2026-09-03 21:48:12,238 | INFO | ris.main |   Expected comm per round: 19416.03 KB (= 621313 B x 2 x 16 tiles)
2026-09-03 21:48:12,238 | INFO | ris.main |   Expected total comm (5 rounds): 97080.16 KB = 94.80 MB
2026-09-03 21:48:12,588 | INFO | ris.main | [OK] Created {len(clients)} RIS tile clients
2026-09-03 21:48:12,588 | INFO | ris.main | 
Starting Federated Learning for 5 rounds...
2026-09-03 21:48:12,588 | INFO | ris.main | Local epochs per round: 20
2026-09-03 21:49:00,279 | INFO | ris.main | [Evaluation] Testing global model...
2026-09-03 21:49:01,410 | INFO | ris.main |   Test Loss: 3.292688
2026-09-03 21:49:01,410 | INFO | ris.main |   Phase Error: 1.5655 rad (89.69°)
2026-09-03 21:49:01,410 | INFO | ris.main |   SNR (Optimized): -13.48 dB
2026-09-03 21:49:01,410 | INFO | ris.main |   SNR Gain: 0.00 dB
2026-09-03 21:52:07,645 | INFO | ris.main | [Evaluation] Testing global model...
2026-09-03 21:52:08,763 | INFO | ris.main |   Test Loss: 3.281381
2026-09-03 21:52:08,763 | INFO | ris.main |   Phase Error: 1.5664 rad (89.75°)
2026-09-03 21:52:08,763 | INFO | ris.main |   SNR (Optimized): -13.50 dB
2026-09-03 21:52:08,763 | INFO | ris.main |   SNR Gain: -0.02 dB
2026-09-03 21:52:08,763 | INFO | ris.main | ============================================================
2026-09-03 21:52:08,763 | INFO | ris.main | TRAINING COMPLETE
2026-09-03 21:52:08,764 | INFO | ris.main | ============================================================
2026-09-03 21:52:08,764 | INFO | ris.main | 
  Communication check:
2026-09-03 21:52:08,764 | INFO | ris.main |     Model parameters: 621,313
2026-09-03 21:52:08,764 | INFO | ris.main |     Expected total: 94.80 MB
2026-09-03 21:52:08,764 | INFO | ris.main |     Actual total:   94.80 MB
2026-09-03 21:52:11,018 | INFO | ris.AdvancedExperiments |   Final SNR: -12.75 dB
2026-09-03 21:52:11,018 | INFO | ris.AdvancedExperiments | 
>>> Testing CSI Variance = 0.1...
2026-09-03 21:54:15,059 | INFO | ris.main | ============================================================
2026-09-03 21:54:15,059 | INFO | ris.main | BASELINE EVALUATION
2026-09-03 21:54:15,059 | INFO | ris.main | ============================================================
2026-09-03 21:54:15,059 | INFO | ris.main | Evaluating: No RIS (direct link)
2026-09-03 21:54:15,060 | INFO | ris.main |   SNR: -13.40 dB
2026-09-03 21:54:15,060 | INFO | ris.main |   Rate: 0.06 bps/Hz
2026-09-03 21:54:15,060 | INFO | ris.main | 
Evaluating: Random RIS
2026-09-03 21:54:15,062 | INFO | ris.main |   SNR: -13.53 dB
2026-09-03 21:54:15,062 | INFO | ris.main |   Rate: 0.06 bps/Hz
2026-09-03 21:54:15,062 | INFO | ris.main | 
Evaluating: Optimal (Genie-aided)
2026-09-03 21:54:15,064 | INFO | ris.main |   SNR: -12.58 dB
2026-09-03 21:54:15,064 | INFO | ris.main |   Rate: 0.08 bps/Hz
2026-09-03 21:54:15,064 | INFO | ris.main | ============================================================
2026-09-03 21:54:15,065 | INFO | ris.main | FEDERATED LEARNING TRAINING
2026-09-03 21:54:15,065 | INFO | ris.main | ============================================================
2026-09-03 21:54:15,065 | INFO | ris.main | ============================================================
2026-09-03 21:54:15,065 | INFO | ris.main | MODEL INITIALIZATION
2026-09-03 21:54:15,065 | INFO | ris.main | ============================================================
2026-09-03 21:54:15,074 | INFO | ris.main | [OK] Global model ({config.MODEL_TYPE}) created
2026-09-03 21:54:15,074 | INFO | ris.main |   Total parameters: 621,313
2026-09-03 21:54:15,074 | INFO | ris.main |   Model size (FP32): 2427.00 KB
2026-09-03 21:54:15,074 | INFO | ris.main |   Model size (INT8 for FL comm): 606.75 KB
2026-09-03 21:54:15,074 | INFO | ris.main |   Expected comm per round: 19416.03 KB (= 621313 B x 2 x 16 tiles)
2026-09-03 21:54:15,075 | INFO | ris.main |   Expected total comm (5 rounds): 97080.16 KB = 94.80 MB
2026-09-03 21:54:15,430 | INFO | ris.main | [OK] Created {len(clients)} RIS tile clients
2026-09-03 21:54:15,430 | INFO | ris.main | 
Starting Federated Learning for 5 rounds...
2026-09-03 21:54:15,430 | INFO | ris.main | Local epochs per round: 20
2026-09-03 21:55:03,291 | INFO | ris.main | [Evaluation] Testing global model...
2026-09-03 21:55:04,445 | INFO | ris.main |   Test Loss: 3.306095
2026-09-03 21:55:04,446 | INFO | ris.main |   Phase Error: 1.5738 rad (90.17°)
2026-09-03 21:55:04,446 | INFO | ris.main |   SNR (Optimized): -13.26 dB
2026-09-03 21:55:04,446 | INFO | ris.main |   SNR Gain: 0.14 dB
2026-09-03 21:58:12,049 | INFO | ris.main | [Evaluation] Testing global model...
2026-09-03 21:58:13,207 | INFO | ris.main |   Test Loss: 3.295808
2026-09-03 21:58:13,208 | INFO | ris.main |   Phase Error: 1.5759 rad (90.29°)
2026-09-03 21:58:13,208 | INFO | ris.main |   SNR (Optimized): -13.26 dB
2026-09-03 21:58:13,208 | INFO | ris.main |   SNR Gain: 0.13 dB
2026-09-03 21:58:13,208 | INFO | ris.main | ============================================================
2026-09-03 21:58:13,208 | INFO | ris.main | TRAINING COMPLETE
2026-09-03 21:58:13,208 | INFO | ris.main | ============================================================
2026-09-03 21:58:13,208 | INFO | ris.main | 
  Communication check:
2026-09-03 21:58:13,208 | INFO | ris.main |     Model parameters: 621,313
2026-09-03 21:58:13,209 | INFO | ris.main |     Expected total: 94.80 MB
2026-09-03 21:58:13,209 | INFO | ris.main |     Actual total:   94.80 MB
2026-09-03 21:58:15,417 | INFO | ris.AdvancedExperiments |   Final SNR: -13.45 dB
2026-09-03 21:58:15,417 | INFO | ris.AdvancedExperiments | 
>>> Testing CSI Variance = 0.2...
2026-09-03 21:59:02,197 | INFO | ris.main | [Evaluation] Testing global model...
2026-09-03 21:59:02,833 | INFO | ris.main |   Test Loss: 3.332767
2026-09-03 21:59:02,833 | INFO | ris.main |   Phase Error: 1.5860 rad (90.87°)
2026-09-03 21:59:02,833 | INFO | ris.main |   SNR (Optimized): -14.15 dB
2026-09-03 21:59:02,833 | INFO | ris.main |   SNR Gain: 0.01 dB
2026-09-03 22:00:19,675 | INFO | ris.main | ============================================================
2026-09-03 22:00:19,675 | INFO | ris.main | BASELINE EVALUATION
2026-09-03 22:00:19,676 | INFO | ris.main | ============================================================
2026-09-03 22:00:19,676 | INFO | ris.main | Evaluating: No RIS (direct link)
2026-09-03 22:00:19,676 | INFO | ris.main |   SNR: -13.23 dB
2026-09-03 22:00:19,676 | INFO | ris.main |   Rate: 0.07 bps/Hz
2026-09-03 22:00:19,676 | INFO | ris.main | 
Evaluating: Random RIS
2026-09-03 22:00:19,678 | INFO | ris.main |   SNR: -13.24 dB
2026-09-03 22:00:19,679 | INFO | ris.main |   Rate: 0.07 bps/Hz
2026-09-03 22:00:19,679 | INFO | ris.main | 
Evaluating: Optimal (Genie-aided)
2026-09-03 22:00:19,681 | INFO | ris.main |   SNR: -12.55 dB
2026-09-03 22:00:19,681 | INFO | ris.main |   Rate: 0.08 bps/Hz
2026-09-03 22:00:19,681 | INFO | ris.main | ============================================================
2026-09-03 22:00:19,682 | INFO | ris.main | FEDERATED LEARNING TRAINING
2026-09-03 22:00:19,682 | INFO | ris.main | ============================================================
2026-09-03 22:00:19,682 | INFO | ris.main | ============================================================
2026-09-03 22:00:19,682 | INFO | ris.main | MODEL INITIALIZATION
2026-09-03 22:00:19,682 | INFO | ris.main | ============================================================
2026-09-03 22:00:19,691 | INFO | ris.main | [OK] Global model ({config.MODEL_TYPE}) created
2026-09-03 22:00:19,691 | INFO | ris.main |   Total parameters: 621,313
2026-09-03 22:00:19,691 | INFO | ris.main |   Model size (FP32): 2427.00 KB
2026-09-03 22:00:19,692 | INFO | ris.main |   Model size (INT8 for FL comm): 606.75 KB
2026-09-03 22:00:19,692 | INFO | ris.main |   Expected comm per round: 19416.03 KB (= 621313 B x 2 x 16 tiles)
2026-09-03 22:00:19,692 | INFO | ris.main |   Expected total comm (5 rounds): 97080.16 KB = 94.80 MB
2026-09-03 22:00:20,200 | INFO | ris.main | [OK] Created {len(clients)} RIS tile clients
2026-09-03 22:00:20,200 | INFO | ris.main | 
Starting Federated Learning for 5 rounds...
2026-09-03 22:00:20,201 | INFO | ris.main | Local epochs per round: 20
2026-09-03 22:01:07,922 | INFO | ris.main | [Evaluation] Testing global model...
2026-09-03 22:01:09,067 | INFO | ris.main |   Test Loss: 3.317985
2026-09-03 22:01:09,067 | INFO | ris.main |   Phase Error: 1.5695 rad (89.92°)
2026-09-03 22:01:09,067 | INFO | ris.main |   SNR (Optimized): -13.22 dB
2026-09-03 22:01:09,067 | INFO | ris.main |   SNR Gain: 0.01 dB
2026-09-03 22:04:17,821 | INFO | ris.main | [Evaluation] Testing global model...
2026-09-03 22:04:18,969 | INFO | ris.main |   Test Loss: 3.310124
2026-09-03 22:04:18,969 | INFO | ris.main |   Phase Error: 1.5721 rad (90.08°)
2026-09-03 22:04:18,969 | INFO | ris.main |   SNR (Optimized): -13.21 dB
2026-09-03 22:04:18,969 | INFO | ris.main |   SNR Gain: 0.03 dB
2026-09-03 22:04:18,969 | INFO | ris.main | ============================================================
2026-09-03 22:04:18,969 | INFO | ris.main | TRAINING COMPLETE
2026-09-03 22:04:18,970 | INFO | ris.main | ============================================================
2026-09-03 22:04:18,970 | INFO | ris.main | 
  Communication check:
2026-09-03 22:04:18,970 | INFO | ris.main |     Model parameters: 621,313
2026-09-03 22:04:18,970 | INFO | ris.main |     Expected total: 94.80 MB
2026-09-03 22:04:18,970 | INFO | ris.main |     Actual total:   94.80 MB
2026-09-03 22:04:21,183 | INFO | ris.AdvancedExperiments |   Final SNR: -13.36 dB
2026-09-03 22:04:21,529 | INFO | ris.AdvancedExperiments | 
[OK] Results saved to results/advanced_experiments\csi_robustness_results.json
2026-09-03 22:04:22,155 | INFO | ris.AdvancedExperiments | 
============================================================
2026-09-03 22:04:22,156 | INFO | ris.AdvancedExperiments | EXPERIMENT 14: NoC Topology Comparison
2026-09-03 22:04:22,156 | INFO | ris.AdvancedExperiments | ============================================================
2026-09-03 22:04:22,370 | INFO | ris.AdvancedExperiments | 
>>> Testing Mesh topology...
2026-09-03 22:04:22,371 | INFO | ris.AdvancedExperiments |   Latency: 4194.48 us
2026-09-03 22:04:22,371 | INFO | ris.AdvancedExperiments |   Energy: 2654.21 nJ
2026-09-03 22:04:22,371 | INFO | ris.AdvancedExperiments |   Diameter: 6
2026-09-03 22:04:22,372 | INFO | ris.AdvancedExperiments | 
>>> Testing Torus topology...
2026-09-03 22:04:22,373 | INFO | ris.AdvancedExperiments |   Latency: 4194.42 us
2026-09-03 22:04:22,373 | INFO | ris.AdvancedExperiments |   Energy: 1769.47 nJ
2026-09-03 22:04:22,373 | INFO | ris.AdvancedExperiments |   Diameter: 4
2026-09-03 22:04:22,374 | INFO | ris.AdvancedExperiments | 
>>> Testing FoldedTorus topology...
2026-09-03 22:04:22,375 | INFO | ris.AdvancedExperiments |   Latency: 4194.42 us
2026-09-03 22:04:22,375 | INFO | ris.AdvancedExperiments |   Energy: 1769.47 nJ
2026-09-03 22:04:22,375 | INFO | ris.AdvancedExperiments |   Diameter: 4
2026-09-03 22:04:22,376 | INFO | ris.AdvancedExperiments | 
>>> Testing Tree topology...
2026-09-03 22:04:22,377 | INFO | ris.AdvancedExperiments |   Latency: 4194.42 us
2026-09-03 22:04:22,377 | INFO | ris.AdvancedExperiments |   Energy: 2101.25 nJ
2026-09-03 22:04:22,378 | INFO | ris.AdvancedExperiments |   Diameter: 8
2026-09-03 22:04:22,378 | INFO | ris.AdvancedExperiments | 
>>> Testing Butterfly topology...
2026-09-03 22:04:22,378 | INFO | ris.AdvancedExperiments |   Latency: 4194.42 us
2026-09-03 22:04:22,378 | INFO | ris.AdvancedExperiments |   Energy: 1769.47 nJ
2026-09-03 22:04:22,378 | INFO | ris.AdvancedExperiments |   Diameter: 4
2026-09-03 22:04:22,378 | INFO | ris.AdvancedExperiments | 
>>> Testing Ring topology...
2026-09-03 22:04:22,378 | INFO | ris.AdvancedExperiments |   Latency: 4194.54 us
2026-09-03 22:04:22,379 | INFO | ris.AdvancedExperiments |   Energy: 3538.94 nJ
2026-09-03 22:04:22,379 | INFO | ris.AdvancedExperiments |   Diameter: 8
2026-09-03 22:04:22,379 | INFO | ris.AdvancedExperiments | 
[OK] Results saved to results/advanced_experiments\topology_comparison_results.json
2026-09-03 22:04:23,917 | INFO | ris.AdvancedExperiments | 
============================================================
2026-09-03 22:04:23,917 | INFO | ris.AdvancedExperiments | EXPERIMENT 15: Communication Protocol Comparison
2026-09-03 22:04:23,917 | INFO | ris.AdvancedExperiments | ============================================================
2026-09-03 22:04:23,917 | INFO | ris.AdvancedExperiments | 
>>> Mesh + ParameterServer...
2026-09-03 22:04:23,917 | INFO | ris.AdvancedExperiments |   Total bytes: 9,830,400
2026-09-03 22:04:23,918 | INFO | ris.AdvancedExperiments |   Latency: 4194.48 us
2026-09-03 22:04:23,918 | INFO | ris.AdvancedExperiments |   Energy: 2654.21 nJ
2026-09-03 22:04:23,918 | INFO | ris.AdvancedExperiments | 
>>> Mesh + AllReduce...
2026-09-03 22:04:23,918 | INFO | ris.AdvancedExperiments |   Total bytes: 20,971,520
2026-09-03 22:04:23,918 | INFO | ris.AdvancedExperiments |   Latency: 2097.39 us
2026-09-03 22:04:23,918 | INFO | ris.AdvancedExperiments |   Energy: 2654.21 nJ
2026-09-03 22:04:23,918 | INFO | ris.AdvancedExperiments | 
>>> Mesh + RingAllReduce...
2026-09-03 22:04:23,918 | INFO | ris.AdvancedExperiments |   Total bytes: 9,830,400
2026-09-03 22:04:23,918 | INFO | ris.AdvancedExperiments |   Latency: 494.22 us
2026-09-03 22:04:23,918 | INFO | ris.AdvancedExperiments |   Energy: 1555.20 nJ
2026-09-03 22:04:23,918 | INFO | ris.AdvancedExperiments | 
>>> Mesh + Gossip...
2026-09-03 22:04:23,919 | INFO | ris.AdvancedExperiments |   Total bytes: 26,214,400
2026-09-03 22:04:23,919 | INFO | ris.AdvancedExperiments |   Latency: 1311.17 us
2026-09-03 22:04:23,919 | INFO | ris.AdvancedExperiments |   Energy: 5861.38 nJ
2026-09-03 22:04:23,919 | INFO | ris.AdvancedExperiments | 
>>> Torus + ParameterServer...
2026-09-03 22:04:23,919 | INFO | ris.AdvancedExperiments |   Total bytes: 9,830,400
2026-09-03 22:04:23,919 | INFO | ris.AdvancedExperiments |   Latency: 4194.42 us
2026-09-03 22:04:23,919 | INFO | ris.AdvancedExperiments |   Energy: 1769.47 nJ
2026-09-03 22:04:23,919 | INFO | ris.AdvancedExperiments | 
>>> Torus + AllReduce...
2026-09-03 22:04:23,919 | INFO | ris.AdvancedExperiments |   Total bytes: 20,971,520
2026-09-03 22:04:23,920 | INFO | ris.AdvancedExperiments |   Latency: 2097.39 us
2026-09-03 22:04:23,920 | INFO | ris.AdvancedExperiments |   Energy: 2654.21 nJ
2026-09-03 22:04:23,920 | INFO | ris.AdvancedExperiments | 
>>> Torus + RingAllReduce...
2026-09-03 22:04:23,920 | INFO | ris.AdvancedExperiments |   Total bytes: 9,830,400
2026-09-03 22:04:23,920 | INFO | ris.AdvancedExperiments |   Latency: 492.42 us
2026-09-03 22:04:23,920 | INFO | ris.AdvancedExperiments |   Energy: 1036.80 nJ
2026-09-03 22:04:23,920 | INFO | ris.AdvancedExperiments | 
>>> Torus + Gossip...
2026-09-03 22:04:23,920 | INFO | ris.AdvancedExperiments |   Total bytes: 26,214,400
2026-09-03 22:04:23,920 | INFO | ris.AdvancedExperiments |   Latency: 1311.02 us
2026-09-03 22:04:23,920 | INFO | ris.AdvancedExperiments |   Energy: 4644.86 nJ
2026-09-03 22:04:23,921 | INFO | ris.AdvancedExperiments | 
[OK] Results saved to results/advanced_experiments\protocol_comparison_results.json
2026-09-03 22:04:25,000 | INFO | ris.AdvancedExperiments | 
============================================================
2026-09-03 22:04:25,000 | INFO | ris.AdvancedExperiments | EXPERIMENT 16: Optimization Technique Comparison
2026-09-03 22:04:25,000 | INFO | ris.AdvancedExperiments | ============================================================
2026-09-03 22:04:25,002 | INFO | ris.AdvancedExperiments |   Generating channel samples...
2026-09-03 22:04:25,337 | INFO | ris.AdvancedExperiments |   Testing Random Search...
2026-09-03 22:04:25,339 | INFO | ris.AdvancedExperiments |     SNR: -13.15 dB
2026-09-03 22:04:25,339 | INFO | ris.AdvancedExperiments |   Testing Alternating Optimization...
2026-09-03 22:04:25,339 | INFO | ris.AdvancedExperiments |     Error: index 1 is out of bounds for axis 0 with size 1
2026-09-03 22:04:25,340 | INFO | ris.AdvancedExperiments |   Testing Successive Convex Approximation...
2026-09-03 22:04:25,343 | INFO | ris.AdvancedExperiments |     SNR: -13.18 dB
2026-09-03 22:04:25,343 | INFO | ris.AdvancedExperiments |   Testing ADMM...
2026-09-03 22:04:25,347 | INFO | ris.AdvancedExperiments |     SNR: -13.13 dB
2026-09-03 22:04:25,348 | INFO | ris.AdvancedExperiments |   Testing SDR...
2026-09-03 22:04:25,348 | INFO | ris.AdvancedExperiments |     Skipped (cvxpy not installed)
2026-09-03 22:04:25,348 | INFO | ris.AdvancedExperiments |   Computing MRC upper bound...
2026-09-03 22:04:25,349 | INFO | ris.AdvancedExperiments |     SNR: -12.61 dB
2026-09-03 22:04:25,350 | INFO | ris.AdvancedExperiments | 
[OK] Results saved to results/advanced_experiments\optimization_techniques_results.json
2026-09-03 22:04:26,974 | INFO | ris.AdvancedExperiments | 
============================================================
2026-09-03 22:04:26,974 | INFO | ris.AdvancedExperiments | EXPERIMENT 17: Tile-Pixel Golden Ratio Sweep
2026-09-03 22:04:26,974 | INFO | ris.AdvancedExperiments | ============================================================
2026-09-03 22:04:41,248 | INFO | ris.AdvancedExperiments | 
--- Golden Ratio Results ---
2026-09-03 22:04:41,248 | INFO | ris.AdvancedExperiments |   Area=25m²: T=4, P=16, SNR=-7.3dB, Score=0.3410
2026-09-03 22:04:41,248 | INFO | ris.AdvancedExperiments |   Area=50m²: T=4, P=16, SNR=-2.0dB, Score=0.4110
2026-09-03 22:04:41,248 | INFO | ris.AdvancedExperiments |   Area=100m²: T=4, P=16, SNR=-13.1dB, Score=0.2635
2026-09-03 22:04:41,248 | INFO | ris.AdvancedExperiments |   Area=200m²: T=4, P=16, SNR=-11.5dB, Score=0.2851
2026-09-03 22:04:41,249 | INFO | ris.AdvancedExperiments |   Area=400m²: T=4, P=16, SNR=-13.2dB, Score=0.2622
2026-09-03 22:04:41,256 | INFO | ris.AdvancedExperiments | 
[OK] Results saved to results/advanced_experiments\tile_pixel_golden_ratio_results.json
2026-09-03 22:04:59,576 | INFO | ris.AdvancedExperiments | 
============================================================
2026-09-03 22:04:59,577 | INFO | ris.AdvancedExperiments | EXPERIMENT 18: Dynamic Duty Cycling
2026-09-03 22:04:59,577 | INFO | ris.AdvancedExperiments | ============================================================
2026-09-03 22:05:00,533 | INFO | ris.AdvancedExperiments | 
>>> Testing No DC...
2026-09-03 22:05:00,538 | INFO | ris.AdvancedExperiments |   SNR: -12.17 dB
2026-09-03 22:05:00,539 | INFO | ris.AdvancedExperiments |   Active ratio: 100.00%
2026-09-03 22:05:00,539 | INFO | ris.AdvancedExperiments |   Energy savings: 0.0%
2026-09-03 22:05:00,539 | INFO | ris.AdvancedExperiments | 
>>> Testing Threshold (-10 dB)...
2026-09-03 22:05:00,545 | INFO | ris.AdvancedExperiments |   SNR: -12.45 dB
2026-09-03 22:05:00,546 | INFO | ris.AdvancedExperiments |   Active ratio: 25.00%
2026-09-03 22:05:00,546 | INFO | ris.AdvancedExperiments |   Energy savings: 70.0%
2026-09-03 22:05:00,546 | INFO | ris.AdvancedExperiments | 
>>> Testing Threshold (-20 dB)...
2026-09-03 22:05:00,552 | INFO | ris.AdvancedExperiments |   SNR: -12.45 dB
2026-09-03 22:05:00,552 | INFO | ris.AdvancedExperiments |   Active ratio: 25.00%
2026-09-03 22:05:00,553 | INFO | ris.AdvancedExperiments |   Energy savings: 70.0%
2026-09-03 22:05:00,553 | INFO | ris.AdvancedExperiments | 
>>> Testing Top-K (50%)...
2026-09-03 22:05:00,558 | INFO | ris.AdvancedExperiments |   SNR: -12.32 dB
2026-09-03 22:05:00,559 | INFO | ris.AdvancedExperiments |   Active ratio: 50.00%
2026-09-03 22:05:00,559 | INFO | ris.AdvancedExperiments |   Energy savings: 46.7%
2026-09-03 22:05:00,559 | INFO | ris.AdvancedExperiments | 
>>> Testing Top-K (25%)...
2026-09-03 22:05:00,565 | INFO | ris.AdvancedExperiments |   SNR: -12.45 dB
2026-09-03 22:05:00,565 | INFO | ris.AdvancedExperiments |   Active ratio: 25.00%
2026-09-03 22:05:00,565 | INFO | ris.AdvancedExperiments |   Energy savings: 70.0%
2026-09-03 22:05:00,565 | INFO | ris.AdvancedExperiments | 
>>> Testing Adaptive...
2026-09-03 22:05:00,573 | INFO | ris.AdvancedExperiments |   SNR: -12.18 dB
2026-09-03 22:05:00,574 | INFO | ris.AdvancedExperiments |   Active ratio: 87.77%
2026-09-03 22:05:00,574 | INFO | ris.AdvancedExperiments |   Energy savings: 11.4%
2026-09-03 22:05:00,574 | INFO | ris.AdvancedExperiments | 
[OK] Results saved to results/advanced_experiments\duty_cycling_results.json
2026-09-03 22:05:02,850 | INFO | ris.AdvancedExperiments | 
============================================================
2026-09-03 22:05:02,850 | INFO | ris.AdvancedExperiments | EXPERIMENT 19: Dataset/Channel Model Comparison
2026-09-03 22:05:02,851 | INFO | ris.AdvancedExperiments | ============================================================
2026-09-03 22:05:02,851 | INFO | ris.AdvancedExperiments | 
>>> Synthetic Rician (LoS)...
2026-09-03 22:05:04,345 | INFO | ris.AdvancedExperiments |   Optimal SNR: -12.96 ± 6.65 dB
2026-09-03 22:05:04,346 | INFO | ris.AdvancedExperiments |   No RIS SNR: -13.64 dB
2026-09-03 22:05:04,346 | INFO | ris.AdvancedExperiments |   RIS Gain: 0.67 dB
2026-09-03 22:05:04,346 | INFO | ris.AdvancedExperiments | 
>>> Synthetic Rician (NLoS)...
2026-09-03 22:05:05,690 | INFO | ris.AdvancedExperiments |   Optimal SNR: -14.77 ± 8.98 dB
2026-09-03 22:05:05,691 | INFO | ris.AdvancedExperiments |   No RIS SNR: -15.12 dB
2026-09-03 22:05:05,691 | INFO | ris.AdvancedExperiments |   RIS Gain: 0.36 dB
2026-09-03 22:05:05,691 | INFO | ris.AdvancedExperiments | 
>>> Synthetic Rician (Mixed)...
2026-09-03 22:05:07,019 | INFO | ris.AdvancedExperiments |   Optimal SNR: -13.25 ± 7.40 dB
2026-09-03 22:05:07,020 | INFO | ris.AdvancedExperiments |   No RIS SNR: -13.91 dB
2026-09-03 22:05:07,020 | INFO | ris.AdvancedExperiments |   RIS Gain: 0.66 dB
2026-09-03 22:05:07,020 | INFO | ris.AdvancedExperiments | 
>>> 3GPP UMi 28 GHz (LoS)...
2026-09-03 22:05:07,825 | INFO | ris.AdvancedExperiments |   Optimal SNR: 42.25 ± 5.43 dB
2026-09-03 22:05:07,825 | INFO | ris.AdvancedExperiments |   No RIS SNR: 42.14 dB
2026-09-03 22:05:07,825 | INFO | ris.AdvancedExperiments |   RIS Gain: 0.11 dB
2026-09-03 22:05:07,825 | INFO | ris.AdvancedExperiments | 
>>> 3GPP UMi 28 GHz (NLoS)...
2026-09-03 22:05:08,623 | INFO | ris.AdvancedExperiments |   Optimal SNR: 35.88 ± 10.56 dB
2026-09-03 22:05:08,623 | INFO | ris.AdvancedExperiments |   No RIS SNR: 35.69 dB
2026-09-03 22:05:08,623 | INFO | ris.AdvancedExperiments |   RIS Gain: 0.19 dB
2026-09-03 22:05:08,624 | INFO | ris.AdvancedExperiments | 
>>> 3GPP UMi 60 GHz (Mixed)...
2026-09-03 22:05:09,439 | INFO | ris.AdvancedExperiments |   Optimal SNR: 36.14 ± 5.66 dB
2026-09-03 22:05:09,439 | INFO | ris.AdvancedExperiments |   No RIS SNR: 36.10 dB
2026-09-03 22:05:09,439 | INFO | ris.AdvancedExperiments |   RIS Gain: 0.04 dB
2026-09-03 22:05:09,440 | INFO | ris.AdvancedExperiments | 
[OK] Results saved to results/advanced_experiments\dataset_comparison_results.json
2026-09-03 22:05:10,757 | INFO | ris.AdvancedExperiments | 
============================================================
2026-09-03 22:05:10,757 | INFO | ris.AdvancedExperiments | EXPERIMENT 20: Phase Quantization Loss Analysis
2026-09-03 22:05:10,757 | INFO | ris.AdvancedExperiments | ============================================================
2026-09-03 22:05:10,757 | INFO | ris.AdvancedExperiments | 
--- Rician LoS ---
2026-09-03 22:05:12,093 | INFO | ris.AdvancedExperiments |   >>> Continuous...
2026-09-03 22:05:12,097 | INFO | ris.AdvancedExperiments |     SNR: -13.18 dB
2026-09-03 22:05:12,097 | INFO | ris.AdvancedExperiments |     Quant Error: 0.00°
2026-09-03 22:05:12,097 | INFO | ris.AdvancedExperiments |   >>> 1-bit (2 states)...
2026-09-03 22:05:12,116 | INFO | ris.AdvancedExperiments |     SNR: -13.41 dB
2026-09-03 22:05:12,116 | INFO | ris.AdvancedExperiments |     Quant Error: 45.48°
2026-09-03 22:05:12,116 | INFO | ris.AdvancedExperiments |   >>> 2-bit (4 states)...
2026-09-03 22:05:12,135 | INFO | ris.AdvancedExperiments |     SNR: -13.24 dB
2026-09-03 22:05:12,135 | INFO | ris.AdvancedExperiments |     Quant Error: 22.52°
2026-09-03 22:05:12,135 | INFO | ris.AdvancedExperiments |   >>> 3-bit (8 states)...
2026-09-03 22:05:12,155 | INFO | ris.AdvancedExperiments |     SNR: -13.20 dB
2026-09-03 22:05:12,155 | INFO | ris.AdvancedExperiments |     Quant Error: 11.33°
2026-09-03 22:05:12,155 | INFO | ris.AdvancedExperiments | 
--- Rician NLoS ---
2026-09-03 22:05:13,470 | INFO | ris.AdvancedExperiments |   >>> Continuous...
2026-09-03 22:05:13,474 | INFO | ris.AdvancedExperiments |     SNR: -14.86 dB
2026-09-03 22:05:13,474 | INFO | ris.AdvancedExperiments |     Quant Error: 0.00°
2026-09-03 22:05:13,474 | INFO | ris.AdvancedExperiments |   >>> 1-bit (2 states)...
2026-09-03 22:05:13,494 | INFO | ris.AdvancedExperiments |     SNR: -14.94 dB
2026-09-03 22:05:13,495 | INFO | ris.AdvancedExperiments |     Quant Error: 44.83°
2026-09-03 22:05:13,495 | INFO | ris.AdvancedExperiments |   >>> 2-bit (4 states)...
2026-09-03 22:05:13,521 | INFO | ris.AdvancedExperiments |     SNR: -14.88 dB
2026-09-03 22:05:13,521 | INFO | ris.AdvancedExperiments |     Quant Error: 22.45°
2026-09-03 22:05:13,521 | INFO | ris.AdvancedExperiments |   >>> 3-bit (8 states)...
2026-09-03 22:05:13,547 | INFO | ris.AdvancedExperiments |     SNR: -14.87 dB
2026-09-03 22:05:13,547 | INFO | ris.AdvancedExperiments |     Quant Error: 11.30°
2026-09-03 22:05:13,547 | INFO | ris.AdvancedExperiments | 
--- 3GPP UMi 28G ---
2026-09-03 22:05:14,351 | INFO | ris.AdvancedExperiments |   >>> Continuous...
2026-09-03 22:05:14,355 | INFO | ris.AdvancedExperiments |     SNR: 42.41 dB
2026-09-03 22:05:14,355 | INFO | ris.AdvancedExperiments |     Quant Error: 0.00°
2026-09-03 22:05:14,355 | INFO | ris.AdvancedExperiments |   >>> 1-bit (2 states)...
2026-09-03 22:05:14,374 | INFO | ris.AdvancedExperiments |     SNR: 42.38 dB
2026-09-03 22:05:14,375 | INFO | ris.AdvancedExperiments |     Quant Error: 45.26°
2026-09-03 22:05:14,375 | INFO | ris.AdvancedExperiments |   >>> 2-bit (4 states)...
2026-09-03 22:05:14,395 | INFO | ris.AdvancedExperiments |     SNR: 42.40 dB
2026-09-03 22:05:14,395 | INFO | ris.AdvancedExperiments |     Quant Error: 22.33°
2026-09-03 22:05:14,395 | INFO | ris.AdvancedExperiments |   >>> 3-bit (8 states)...
2026-09-03 22:05:14,415 | INFO | ris.AdvancedExperiments |     SNR: 42.41 dB
2026-09-03 22:05:14,415 | INFO | ris.AdvancedExperiments |     Quant Error: 11.14°
2026-09-03 22:05:14,416 | INFO | ris.AdvancedExperiments | 
[OK] Results saved to results/advanced_experiments\phase_quantization_results.json
2026-09-03 22:14:49,538 | INFO | ris.main | [Evaluation] Testing global model...
2026-09-03 22:14:50,164 | INFO | ris.main |   Test Loss: 3.307170
2026-09-03 22:14:50,164 | INFO | ris.main |   Phase Error: 1.5760 rad (90.30°)
2026-09-03 22:14:50,164 | INFO | ris.main |   SNR (Optimized): -14.14 dB
2026-09-03 22:14:50,164 | INFO | ris.main |   SNR Gain: 0.02 dB
2026-09-03 22:29:22,101 | INFO | ris.main | [Evaluation] Testing global model...
2026-09-03 22:29:22,736 | INFO | ris.main |   Test Loss: 3.305437
2026-09-03 22:29:22,736 | INFO | ris.main |   Phase Error: 1.5718 rad (90.06°)
2026-09-03 22:29:22,737 | INFO | ris.main |   SNR (Optimized): -14.14 dB
2026-09-03 22:29:22,737 | INFO | ris.main |   SNR Gain: 0.01 dB
2026-09-03 22:41:07,101 | INFO | ris.main | [Evaluation] Testing global model...
2026-09-03 22:41:07,729 | INFO | ris.main |   Test Loss: 3.300851
2026-09-03 22:41:07,730 | INFO | ris.main |   Phase Error: 1.5715 rad (90.04°)
2026-09-03 22:41:07,730 | INFO | ris.main |   SNR (Optimized): -14.15 dB
2026-09-03 22:41:07,730 | INFO | ris.main |   SNR Gain: 0.00 dB
2026-09-03 22:41:07,730 | INFO | ris.main | ============================================================
2026-09-03 22:41:07,730 | INFO | ris.main | TRAINING COMPLETE
2026-09-03 22:41:07,730 | INFO | ris.main | ============================================================
2026-09-03 22:41:07,731 | INFO | ris.main | 
  Communication check:
2026-09-03 22:41:07,731 | INFO | ris.main |     Model parameters: 621,313
2026-09-03 22:41:07,731 | INFO | ris.main |     Expected total: 379.22 MB
2026-09-03 22:41:07,731 | INFO | ris.main |     Actual total:   379.22 MB
2026-09-03 22:41:08,814 | INFO | ris.AdvancedExperiments |   Phase Error: 90.04°
2026-09-03 22:41:08,815 | INFO | ris.AdvancedExperiments |   SNR: -13.25 dB
2026-09-03 22:41:08,815 | INFO | ris.AdvancedExperiments | 
>>> Testing with 2-bit quantization...
2026-09-03 22:49:52,028 | INFO | ris.main | ============================================================
2026-09-03 22:49:52,028 | INFO | ris.main | BASELINE EVALUATION
2026-09-03 22:49:52,028 | INFO | ris.main | ============================================================
2026-09-03 22:49:52,029 | INFO | ris.main | Evaluating: No RIS (direct link)
2026-09-03 22:49:52,029 | INFO | ris.main |   SNR: -13.09 dB
2026-09-03 22:49:52,029 | INFO | ris.main |   Rate: 0.07 bps/Hz
2026-09-03 22:49:52,029 | INFO | ris.main | 
Evaluating: Random RIS
2026-09-03 22:49:52,030 | INFO | ris.main |   SNR: -13.10 dB
2026-09-03 22:49:52,030 | INFO | ris.main |   Rate: 0.07 bps/Hz
2026-09-03 22:49:52,030 | INFO | ris.main | 
Evaluating: Optimal (Genie-aided)
2026-09-03 22:49:52,031 | INFO | ris.main |   SNR: -12.38 dB
2026-09-03 22:49:52,031 | INFO | ris.main |   Rate: 0.08 bps/Hz
2026-09-03 22:49:52,031 | INFO | ris.main | ============================================================
2026-09-03 22:49:52,031 | INFO | ris.main | FEDERATED LEARNING TRAINING
2026-09-03 22:49:52,031 | INFO | ris.main | ============================================================
2026-09-03 22:49:52,031 | INFO | ris.main | ============================================================
2026-09-03 22:49:52,031 | INFO | ris.main | MODEL INITIALIZATION
2026-09-03 22:49:52,031 | INFO | ris.main | ============================================================
2026-09-03 22:49:52,035 | INFO | ris.main | [OK] Global model ({config.MODEL_TYPE}) created
2026-09-03 22:49:52,035 | INFO | ris.main |   Total parameters: 621,313
2026-09-03 22:49:52,035 | INFO | ris.main |   Model size (FP32): 2427.00 KB
2026-09-03 22:49:52,035 | INFO | ris.main |   Model size (INT8 for FL comm): 606.75 KB
2026-09-03 22:49:52,035 | INFO | ris.main |   Expected comm per round: 19416.03 KB (= 621313 B x 2 x 16 tiles)
2026-09-03 22:49:52,036 | INFO | ris.main |   Expected total comm (20 rounds): 388320.62 KB = 379.22 MB
2026-09-03 22:49:52,367 | INFO | ris.main | [OK] Created {len(clients)} RIS tile clients
2026-09-03 22:49:52,367 | INFO | ris.main | 
Starting Federated Learning for 20 rounds...
2026-09-03 22:49:52,367 | INFO | ris.main | Local epochs per round: 20
2026-09-03 22:52:53,481 | INFO | ris.main | [Evaluation] Testing global model...
2026-09-03 22:52:54,122 | INFO | ris.main |   Test Loss: 3.318293
2026-09-03 22:52:54,123 | INFO | ris.main |   Phase Error: 1.5803 rad (90.54°)
2026-09-03 22:52:54,123 | INFO | ris.main |   SNR (Optimized): -13.08 dB
2026-09-03 22:52:54,123 | INFO | ris.main |   SNR Gain: 0.01 dB
2026-09-03 23:07:28,415 | INFO | ris.main | [Evaluation] Testing global model...
2026-09-03 23:07:29,049 | INFO | ris.main |   Test Loss: 3.288414
2026-09-03 23:07:29,049 | INFO | ris.main |   Phase Error: 1.5663 rad (89.74°)
2026-09-03 23:07:29,049 | INFO | ris.main |   SNR (Optimized): -13.08 dB
2026-09-03 23:07:29,050 | INFO | ris.main |   SNR Gain: 0.01 dB
2026-09-03 23:22:02,700 | INFO | ris.main | [Evaluation] Testing global model...
2026-09-03 23:22:03,340 | INFO | ris.main |   Test Loss: 3.251106
2026-09-03 23:22:03,341 | INFO | ris.main |   Phase Error: 1.5539 rad (89.03°)
2026-09-03 23:22:03,341 | INFO | ris.main |   SNR (Optimized): -13.00 dB
2026-09-03 23:22:03,341 | INFO | ris.main |   SNR Gain: 0.09 dB
2026-09-03 23:36:37,410 | INFO | ris.main | [Evaluation] Testing global model...
2026-09-03 23:36:38,042 | INFO | ris.main |   Test Loss: 3.247544
2026-09-03 23:36:38,043 | INFO | ris.main |   Phase Error: 1.5531 rad (88.99°)
2026-09-03 23:36:38,043 | INFO | ris.main |   SNR (Optimized): -12.99 dB
2026-09-03 23:36:38,043 | INFO | ris.main |   SNR Gain: 0.10 dB
2026-09-03 23:48:20,526 | INFO | ris.main | [Evaluation] Testing global model...
2026-09-03 23:48:21,161 | INFO | ris.main |   Test Loss: 3.246328
2026-09-03 23:48:21,161 | INFO | ris.main |   Phase Error: 1.5579 rad (89.26°)
2026-09-03 23:48:21,161 | INFO | ris.main |   SNR (Optimized): -12.99 dB
2026-09-03 23:48:21,163 | INFO | ris.main |   SNR Gain: 0.10 dB
2026-09-03 23:48:21,163 | INFO | ris.main | ============================================================
2026-09-03 23:48:21,163 | INFO | ris.main | TRAINING COMPLETE
2026-09-03 23:48:21,163 | INFO | ris.main | ============================================================
2026-09-03 23:48:21,163 | INFO | ris.main | 
  Communication check:
2026-09-03 23:48:21,163 | INFO | ris.main |     Model parameters: 621,313
2026-09-03 23:48:21,163 | INFO | ris.main |     Expected total: 379.22 MB
2026-09-03 23:48:21,163 | INFO | ris.main |     Actual total:   379.22 MB
2026-09-03 23:48:22,265 | INFO | ris.AdvancedExperiments |   Phase Error: 89.26°
2026-09-03 23:48:22,265 | INFO | ris.AdvancedExperiments |   SNR: -13.11 dB
2026-09-03 23:48:22,265 | INFO | ris.AdvancedExperiments | 
>>> Testing with 3-bit quantization...
2026-09-03 23:57:03,254 | INFO | ris.main | ============================================================
2026-09-03 23:57:03,254 | INFO | ris.main | BASELINE EVALUATION
2026-09-03 23:57:03,255 | INFO | ris.main | ============================================================
2026-09-03 23:57:03,255 | INFO | ris.main | Evaluating: No RIS (direct link)
2026-09-03 23:57:03,255 | INFO | ris.main |   SNR: -12.89 dB
2026-09-03 23:57:03,255 | INFO | ris.main |   Rate: 0.07 bps/Hz
2026-09-03 23:57:03,255 | INFO | ris.main | 
Evaluating: Random RIS
2026-09-03 23:57:03,256 | INFO | ris.main |   SNR: -12.88 dB
2026-09-03 23:57:03,256 | INFO | ris.main |   Rate: 0.07 bps/Hz
2026-09-03 23:57:03,256 | INFO | ris.main | 
Evaluating: Optimal (Genie-aided)
2026-09-03 23:57:03,257 | INFO | ris.main |   SNR: -12.28 dB
2026-09-03 23:57:03,257 | INFO | ris.main |   Rate: 0.08 bps/Hz
2026-09-03 23:57:03,257 | INFO | ris.main | ============================================================
2026-09-03 23:57:03,257 | INFO | ris.main | FEDERATED LEARNING TRAINING
2026-09-03 23:57:03,257 | INFO | ris.main | ============================================================
2026-09-03 23:57:03,257 | INFO | ris.main | ============================================================
2026-09-03 23:57:03,257 | INFO | ris.main | MODEL INITIALIZATION
2026-09-03 23:57:03,257 | INFO | ris.main | ============================================================
2026-09-03 23:57:03,261 | INFO | ris.main | [OK] Global model ({config.MODEL_TYPE}) created
2026-09-03 23:57:03,261 | INFO | ris.main |   Total parameters: 621,313
2026-09-03 23:57:03,261 | INFO | ris.main |   Model size (FP32): 2427.00 KB
2026-09-03 23:57:03,262 | INFO | ris.main |   Model size (INT8 for FL comm): 606.75 KB
2026-09-03 23:57:03,262 | INFO | ris.main |   Expected comm per round: 19416.03 KB (= 621313 B x 2 x 16 tiles)
2026-09-03 23:57:03,262 | INFO | ris.main |   Expected total comm (20 rounds): 388320.62 KB = 379.22 MB
2026-09-03 23:57:03,601 | INFO | ris.main | [OK] Created {len(clients)} RIS tile clients
2026-09-03 23:57:03,601 | INFO | ris.main | 
Starting Federated Learning for 20 rounds...
2026-09-03 23:57:03,602 | INFO | ris.main | Local epochs per round: 20
2026-09-04 00:00:02,078 | INFO | ris.main | [Evaluation] Testing global model...
2026-09-04 00:00:02,723 | INFO | ris.main |   Test Loss: 3.280426
2026-09-04 00:00:02,723 | INFO | ris.main |   Phase Error: 1.5676 rad (89.82°)
2026-09-04 00:00:02,723 | INFO | ris.main |   SNR (Optimized): -12.87 dB
2026-09-04 00:00:02,724 | INFO | ris.main |   SNR Gain: 0.02 dB
2026-09-04 00:14:42,056 | INFO | ris.main | [Evaluation] Testing global model...
2026-09-04 00:14:42,699 | INFO | ris.main |   Test Loss: 3.300059
2026-09-04 00:14:42,699 | INFO | ris.main |   Phase Error: 1.5746 rad (90.22°)
2026-09-04 00:14:42,699 | INFO | ris.main |   SNR (Optimized): -12.90 dB
2026-09-04 00:14:42,699 | INFO | ris.main |   SNR Gain: -0.01 dB
2026-09-04 00:29:21,498 | INFO | ris.main | [Evaluation] Testing global model...
2026-09-04 00:29:22,144 | INFO | ris.main |   Test Loss: 3.291865
2026-09-04 00:29:22,144 | INFO | ris.main |   Phase Error: 1.5747 rad (90.22°)
2026-09-04 00:29:22,144 | INFO | ris.main |   SNR (Optimized): -12.89 dB
2026-09-04 00:29:22,144 | INFO | ris.main |   SNR Gain: -0.00 dB
2026-09-04 00:44:02,783 | INFO | ris.main | [Evaluation] Testing global model...
2026-09-04 00:44:03,423 | INFO | ris.main |   Test Loss: 3.319513
2026-09-04 00:44:03,423 | INFO | ris.main |   Phase Error: 1.5833 rad (90.72°)
2026-09-04 00:44:03,423 | INFO | ris.main |   SNR (Optimized): -12.87 dB
2026-09-04 00:44:03,423 | INFO | ris.main |   SNR Gain: 0.02 dB
2026-09-04 00:55:47,172 | INFO | ris.main | [Evaluation] Testing global model...
2026-09-04 00:55:47,818 | INFO | ris.main |   Test Loss: 3.320484
2026-09-04 00:55:47,818 | INFO | ris.main |   Phase Error: 1.5828 rad (90.69°)
2026-09-04 00:55:47,818 | INFO | ris.main |   SNR (Optimized): -12.88 dB
2026-09-04 00:55:47,818 | INFO | ris.main |   SNR Gain: 0.01 dB
2026-09-04 00:55:47,818 | INFO | ris.main | ============================================================
2026-09-04 00:55:47,818 | INFO | ris.main | TRAINING COMPLETE
2026-09-04 00:55:47,818 | INFO | ris.main | ============================================================
2026-09-04 00:55:47,818 | INFO | ris.main | 
  Communication check:
2026-09-04 00:55:47,819 | INFO | ris.main |     Model parameters: 621,313
2026-09-04 00:55:47,819 | INFO | ris.main |     Expected total: 379.22 MB
2026-09-04 00:55:47,819 | INFO | ris.main |     Actual total:   379.22 MB
2026-09-04 00:55:48,909 | INFO | ris.AdvancedExperiments |   Phase Error: 90.69°
2026-09-04 00:55:48,909 | INFO | ris.AdvancedExperiments |   SNR: -13.00 dB
2026-09-04 00:55:48,909 | INFO | ris.AdvancedExperiments | 
>>> Testing with continuous-bit quantization...
2026-09-04 01:04:30,039 | INFO | ris.main | ============================================================
2026-09-04 01:04:30,039 | INFO | ris.main | BASELINE EVALUATION
2026-09-04 01:04:30,040 | INFO | ris.main | ============================================================
2026-09-04 01:04:30,040 | INFO | ris.main | Evaluating: No RIS (direct link)
2026-09-04 01:04:30,040 | INFO | ris.main |   SNR: -15.04 dB
2026-09-04 01:04:30,040 | INFO | ris.main |   Rate: 0.04 bps/Hz
2026-09-04 01:04:30,040 | INFO | ris.main | 
Evaluating: Random RIS
2026-09-04 01:04:30,041 | INFO | ris.main |   SNR: -15.04 dB
2026-09-04 01:04:30,041 | INFO | ris.main |   Rate: 0.04 bps/Hz
2026-09-04 01:04:30,041 | INFO | ris.main | 
Evaluating: Optimal (Genie-aided)
2026-09-04 01:04:30,042 | INFO | ris.main |   SNR: -14.21 dB
2026-09-04 01:04:30,042 | INFO | ris.main |   Rate: 0.05 bps/Hz
2026-09-04 01:04:30,042 | INFO | ris.main | ============================================================
2026-09-04 01:04:30,042 | INFO | ris.main | FEDERATED LEARNING TRAINING
2026-09-04 01:04:30,042 | INFO | ris.main | ============================================================
2026-09-04 01:04:30,042 | INFO | ris.main | ============================================================
2026-09-04 01:04:30,042 | INFO | ris.main | MODEL INITIALIZATION
2026-09-04 01:04:30,042 | INFO | ris.main | ============================================================
2026-09-04 01:04:30,046 | INFO | ris.main | [OK] Global model ({config.MODEL_TYPE}) created
2026-09-04 01:04:30,047 | INFO | ris.main |   Total parameters: 621,313
2026-09-04 01:04:30,047 | INFO | ris.main |   Model size (FP32): 2427.00 KB
2026-09-04 01:04:30,047 | INFO | ris.main |   Model size (INT8 for FL comm): 606.75 KB
2026-09-04 01:04:30,047 | INFO | ris.main |   Expected comm per round: 19416.03 KB (= 621313 B x 2 x 16 tiles)
2026-09-04 01:04:30,047 | INFO | ris.main |   Expected total comm (20 rounds): 388320.62 KB = 379.22 MB
2026-09-04 01:04:30,377 | INFO | ris.main | [OK] Created {len(clients)} RIS tile clients
2026-09-04 01:04:30,378 | INFO | ris.main | 
Starting Federated Learning for 20 rounds...
2026-09-04 01:04:30,378 | INFO | ris.main | Local epochs per round: 20
2026-09-04 01:07:27,428 | INFO | ris.main | [Evaluation] Testing global model...
2026-09-04 01:07:28,053 | INFO | ris.main |   Test Loss: 3.315828
2026-09-04 01:07:28,053 | INFO | ris.main |   Phase Error: 1.5766 rad (90.33°)
2026-09-04 01:07:28,053 | INFO | ris.main |   SNR (Optimized): -15.01 dB
2026-09-04 01:07:28,053 | INFO | ris.main |   SNR Gain: 0.03 dB
2026-09-04 01:22:05,590 | INFO | ris.main | [Evaluation] Testing global model...
2026-09-04 01:22:06,210 | INFO | ris.main |   Test Loss: 3.295155
2026-09-04 01:22:06,210 | INFO | ris.main |   Phase Error: 1.5713 rad (90.03°)
2026-09-04 01:22:06,210 | INFO | ris.main |   SNR (Optimized): -14.99 dB
2026-09-04 01:22:06,210 | INFO | ris.main |   SNR Gain: 0.04 dB
2026-09-04 01:36:41,383 | INFO | ris.main | [Evaluation] Testing global model...
2026-09-04 01:36:41,996 | INFO | ris.main |   Test Loss: 3.293045
2026-09-04 01:36:41,996 | INFO | ris.main |   Phase Error: 1.5708 rad (90.00°)
2026-09-04 01:36:41,996 | INFO | ris.main |   SNR (Optimized): -15.08 dB
2026-09-04 01:36:41,996 | INFO | ris.main |   SNR Gain: -0.05 dB
2026-09-04 01:51:17,258 | INFO | ris.main | [Evaluation] Testing global model...
2026-09-04 01:51:17,879 | INFO | ris.main |   Test Loss: 3.287242
2026-09-04 01:51:17,879 | INFO | ris.main |   Phase Error: 1.5678 rad (89.83°)
2026-09-04 01:51:17,879 | INFO | ris.main |   SNR (Optimized): -15.10 dB
2026-09-04 01:51:17,879 | INFO | ris.main |   SNR Gain: -0.06 dB
2026-09-04 02:02:59,246 | INFO | ris.main | [Evaluation] Testing global model...
2026-09-04 02:02:59,862 | INFO | ris.main |   Test Loss: 3.271296
2026-09-04 02:02:59,862 | INFO | ris.main |   Phase Error: 1.5648 rad (89.66°)
2026-09-04 02:02:59,862 | INFO | ris.main |   SNR (Optimized): -15.10 dB
2026-09-04 02:02:59,862 | INFO | ris.main |   SNR Gain: -0.07 dB
2026-09-04 02:02:59,862 | INFO | ris.main | ============================================================
2026-09-04 02:02:59,862 | INFO | ris.main | TRAINING COMPLETE
2026-09-04 02:02:59,862 | INFO | ris.main | ============================================================
2026-09-04 02:02:59,862 | INFO | ris.main | 
  Communication check:
2026-09-04 02:02:59,862 | INFO | ris.main |     Model parameters: 621,313
2026-09-04 02:02:59,862 | INFO | ris.main |     Expected total: 379.22 MB
2026-09-04 02:02:59,862 | INFO | ris.main |     Actual total:   379.22 MB
2026-09-04 02:03:00,930 | INFO | ris.AdvancedExperiments |   Phase Error: 89.66°
2026-09-04 02:03:00,930 | INFO | ris.AdvancedExperiments |   SNR: -14.43 dB
2026-09-04 02:03:04,864 | INFO | ris.AdvancedExperiments | 
[OK] Results saved to results/advanced_experiments\quantization_levels_results.json
2026-09-04 02:03:05,447 | INFO | ris.AdvancedExperiments | 
============================================================
2026-09-04 02:03:05,447 | INFO | ris.AdvancedExperiments | EXPERIMENT 3: Model Compression
2026-09-04 02:03:05,447 | INFO | ris.AdvancedExperiments | ============================================================
2026-09-04 02:03:05,447 | INFO | ris.AdvancedExperiments | 
>>> Testing with FP32 compression...
2026-09-04 02:11:46,335 | INFO | ris.main | ============================================================
2026-09-04 02:11:46,335 | INFO | ris.main | BASELINE EVALUATION
2026-09-04 02:11:46,335 | INFO | ris.main | ============================================================
2026-09-04 02:11:46,337 | INFO | ris.main | Evaluating: No RIS (direct link)
2026-09-04 02:11:46,337 | INFO | ris.main |   SNR: -12.59 dB
2026-09-04 02:11:46,337 | INFO | ris.main |   Rate: 0.08 bps/Hz
2026-09-04 02:11:46,337 | INFO | ris.main | 
Evaluating: Random RIS
2026-09-04 02:11:46,338 | INFO | ris.main |   SNR: -12.58 dB
2026-09-04 02:11:46,338 | INFO | ris.main |   Rate: 0.08 bps/Hz
2026-09-04 02:11:46,338 | INFO | ris.main | 
Evaluating: Optimal (Genie-aided)
2026-09-04 02:11:46,339 | INFO | ris.main |   SNR: -11.88 dB
2026-09-04 02:11:46,339 | INFO | ris.main |   Rate: 0.09 bps/Hz
2026-09-04 02:11:46,339 | INFO | ris.main | ============================================================
2026-09-04 02:11:46,339 | INFO | ris.main | FEDERATED LEARNING TRAINING
2026-09-04 02:11:46,339 | INFO | ris.main | ============================================================
2026-09-04 02:11:46,339 | INFO | ris.main | ============================================================
2026-09-04 02:11:46,339 | INFO | ris.main | MODEL INITIALIZATION
2026-09-04 02:11:46,339 | INFO | ris.main | ============================================================
2026-09-04 02:11:46,343 | INFO | ris.main | [OK] Global model ({config.MODEL_TYPE}) created
2026-09-04 02:11:46,343 | INFO | ris.main |   Total parameters: 621,313
2026-09-04 02:11:46,344 | INFO | ris.main |   Model size (FP32): 2427.00 KB
2026-09-04 02:11:46,344 | INFO | ris.main |   Model size (INT8 for FL comm): 606.75 KB
2026-09-04 02:11:46,344 | INFO | ris.main |   Expected comm per round: 19416.03 KB (= 621313 B x 2 x 16 tiles)
2026-09-04 02:11:46,344 | INFO | ris.main |   Expected total comm (20 rounds): 388320.62 KB = 379.22 MB
2026-09-04 02:11:46,665 | INFO | ris.main | [OK] Created {len(clients)} RIS tile clients
2026-09-04 02:11:46,665 | INFO | ris.main | 
Starting Federated Learning for 20 rounds...
2026-09-04 02:11:46,665 | INFO | ris.main | Local epochs per round: 20
2026-09-04 02:14:42,174 | INFO | ris.main | [Evaluation] Testing global model...
2026-09-04 02:14:42,793 | INFO | ris.main |   Test Loss: 3.258467
2026-09-04 02:14:42,794 | INFO | ris.main |   Phase Error: 1.5616 rad (89.48°)
2026-09-04 02:14:42,794 | INFO | ris.main |   SNR (Optimized): -12.46 dB
2026-09-04 02:14:42,794 | INFO | ris.main |   SNR Gain: 0.13 dB
2026-09-04 02:29:15,594 | INFO | ris.main | [Evaluation] Testing global model...
2026-09-04 02:29:16,220 | INFO | ris.main |   Test Loss: 3.261118
2026-09-04 02:29:16,220 | INFO | ris.main |   Phase Error: 1.5612 rad (89.45°)
2026-09-04 02:29:16,220 | INFO | ris.main |   SNR (Optimized): -12.61 dB
2026-09-04 02:29:16,220 | INFO | ris.main |   SNR Gain: -0.02 dB
2026-09-04 18:03:36,368 | INFO | ris.AdvancedExperiments | 
============================================================
2026-09-04 18:03:36,368 | INFO | ris.AdvancedExperiments | EXPERIMENT 14: NoC Topology Comparison
2026-09-04 18:03:36,368 | INFO | ris.AdvancedExperiments | ============================================================
2026-09-04 18:03:36,468 | INFO | ris.AdvancedExperiments | 
>>> Testing Mesh topology...
2026-09-04 18:03:36,468 | INFO | ris.AdvancedExperiments |   Latency: 238584.91 us
2026-09-04 18:03:36,468 | INFO | ris.AdvancedExperiments |   Energy: 100652.54 nJ
2026-09-04 18:03:36,468 | INFO | ris.AdvancedExperiments |   Diameter: 6
2026-09-04 18:03:36,468 | INFO | ris.AdvancedExperiments | 
>>> Testing Torus topology...
2026-09-04 18:03:36,469 | INFO | ris.AdvancedExperiments |   Latency: 159056.61 us
2026-09-04 18:03:36,469 | INFO | ris.AdvancedExperiments |   Energy: 67101.70 nJ
2026-09-04 18:03:36,469 | INFO | ris.AdvancedExperiments |   Diameter: 4
2026-09-04 18:03:36,469 | INFO | ris.AdvancedExperiments | 
>>> Testing FoldedTorus topology...
2026-09-04 18:03:36,469 | INFO | ris.AdvancedExperiments |   Latency: 159056.61 us
2026-09-04 18:03:36,469 | INFO | ris.AdvancedExperiments |   Energy: 67101.70 nJ
2026-09-04 18:03:36,469 | INFO | ris.AdvancedExperiments |   Diameter: 4
2026-09-04 18:03:36,469 | INFO | ris.AdvancedExperiments | 
>>> Testing Tree topology...
2026-09-04 18:03:36,469 | INFO | ris.AdvancedExperiments |   Latency: 159056.61 us
2026-09-04 18:03:36,469 | INFO | ris.AdvancedExperiments |   Energy: 79683.26 nJ
2026-09-04 18:03:36,469 | INFO | ris.AdvancedExperiments |   Diameter: 8
2026-09-04 18:03:36,469 | INFO | ris.AdvancedExperiments | 
>>> Testing Butterfly topology...
2026-09-04 18:03:36,469 | INFO | ris.AdvancedExperiments |   Latency: 159056.61 us
2026-09-04 18:03:36,469 | INFO | ris.AdvancedExperiments |   Energy: 67101.70 nJ
2026-09-04 18:03:36,469 | INFO | ris.AdvancedExperiments |   Diameter: 4
2026-09-04 18:03:36,469 | INFO | ris.AdvancedExperiments | 
>>> Testing Ring topology...
2026-09-04 18:03:36,469 | INFO | ris.AdvancedExperiments |   Latency: 159057.09 us
2026-09-04 18:03:36,469 | INFO | ris.AdvancedExperiments |   Energy: 134203.39 nJ
2026-09-04 18:03:36,469 | INFO | ris.AdvancedExperiments |   Diameter: 8
2026-09-04 18:03:36,470 | INFO | ris.AdvancedExperiments | 
[OK] Results saved to results/advanced_experiments\topology_comparison_results.json
2026-09-04 18:03:37,428 | INFO | ris.AdvancedExperiments | 
============================================================
2026-09-04 18:03:37,428 | INFO | ris.AdvancedExperiments | EXPERIMENT 15: Communication Protocol Comparison
2026-09-04 18:03:37,428 | INFO | ris.AdvancedExperiments | ============================================================
2026-09-04 18:03:37,433 | INFO | ris.AdvancedExperiments | 
>>> Mesh + ParameterServer...
2026-09-04 18:03:37,433 | INFO | ris.AdvancedExperiments |   Total bytes: 372,787,800
2026-09-04 18:03:37,433 | INFO | ris.AdvancedExperiments |   Latency: 238584.91 us
2026-09-04 18:03:37,433 | INFO | ris.AdvancedExperiments |   Energy: 100652.54 nJ
2026-09-04 18:03:37,433 | INFO | ris.AdvancedExperiments | 
>>> Mesh + AllReduce...
2026-09-04 18:03:37,433 | INFO | ris.AdvancedExperiments |   Total bytes: 795,280,640
2026-09-04 18:03:37,433 | INFO | ris.AdvancedExperiments |   Latency: 119292.82 us
2026-09-04 18:03:37,433 | INFO | ris.AdvancedExperiments |   Energy: 100652.54 nJ
2026-09-04 18:03:37,433 | INFO | ris.AdvancedExperiments | 
>>> Mesh + RingAllReduce...
2026-09-04 18:03:37,433 | INFO | ris.AdvancedExperiments |   Total bytes: 372,787,200
2026-09-04 18:03:37,433 | INFO | ris.AdvancedExperiments |   Latency: 37289.52 us
2026-09-04 18:03:37,433 | INFO | ris.AdvancedExperiments |   Energy: 58976.10 nJ
2026-09-04 18:03:37,433 | INFO | ris.AdvancedExperiments | 
>>> Mesh + Gossip...
2026-09-04 18:03:37,438 | INFO | ris.AdvancedExperiments |   Total bytes: 994,100,800
2026-09-04 18:03:37,438 | INFO | ris.AdvancedExperiments |   Latency: 149116.32 us
2026-09-04 18:03:37,438 | INFO | ris.AdvancedExperiments |   Energy: 230662.08 nJ
2026-09-04 18:03:37,438 | INFO | ris.AdvancedExperiments | 
>>> Torus + ParameterServer...
2026-09-04 18:03:37,438 | INFO | ris.AdvancedExperiments |   Total bytes: 372,787,800
2026-09-04 18:03:37,438 | INFO | ris.AdvancedExperiments |   Latency: 159056.61 us
2026-09-04 18:03:37,438 | INFO | ris.AdvancedExperiments |   Energy: 67101.70 nJ
2026-09-04 18:03:37,438 | INFO | ris.AdvancedExperiments | 
>>> Torus + AllReduce...
2026-09-04 18:03:37,438 | INFO | ris.AdvancedExperiments |   Total bytes: 795,280,640
2026-09-04 18:03:37,438 | INFO | ris.AdvancedExperiments |   Latency: 79528.78 us
2026-09-04 18:03:37,438 | INFO | ris.AdvancedExperiments |   Energy: 100652.54 nJ
2026-09-04 18:03:37,438 | INFO | ris.AdvancedExperiments | 
>>> Torus + RingAllReduce...
2026-09-04 18:03:37,438 | INFO | ris.AdvancedExperiments |   Total bytes: 372,787,200
2026-09-04 18:03:37,438 | INFO | ris.AdvancedExperiments |   Latency: 37282.32 us
2026-09-04 18:03:37,438 | INFO | ris.AdvancedExperiments |   Energy: 39317.40 nJ
2026-09-04 18:03:37,438 | INFO | ris.AdvancedExperiments | 
>>> Torus + Gossip...
2026-09-04 18:03:37,438 | INFO | ris.AdvancedExperiments |   Total bytes: 994,100,800
2026-09-04 18:03:37,438 | INFO | ris.AdvancedExperiments |   Latency: 129234.18 us
2026-09-04 18:03:37,439 | INFO | ris.AdvancedExperiments |   Energy: 197111.23 nJ
2026-09-04 18:03:37,439 | INFO | ris.AdvancedExperiments | 
[OK] Results saved to results/advanced_experiments\protocol_comparison_results.json
2026-09-04 18:03:37,944 | INFO | ris.AdvancedExperiments | 
============================================================
2026-09-04 18:03:37,944 | INFO | ris.AdvancedExperiments | EXPERIMENT 18: Dynamic Duty Cycling
2026-09-04 18:03:37,944 | INFO | ris.AdvancedExperiments | ============================================================
2026-09-04 18:03:38,240 | INFO | ris.AdvancedExperiments | 
>>> Testing No DC...
2026-09-04 18:03:38,243 | INFO | ris.AdvancedExperiments |   SNR: -13.12 dB
2026-09-04 18:03:38,244 | INFO | ris.AdvancedExperiments |   Active ratio: 100.00%
2026-09-04 18:03:38,244 | INFO | ris.AdvancedExperiments |   Energy savings: 0.0%
2026-09-04 18:03:38,244 | INFO | ris.AdvancedExperiments | 
>>> Testing Threshold (peak-10 dB)...
2026-09-04 18:03:38,246 | INFO | ris.AdvancedExperiments |   SNR: -13.22 dB
2026-09-04 18:03:38,246 | INFO | ris.AdvancedExperiments |   Active ratio: 70.31%
2026-09-04 18:03:38,246 | INFO | ris.AdvancedExperiments |   Energy savings: 27.7%
2026-09-04 18:03:38,246 | INFO | ris.AdvancedExperiments | 
>>> Testing Threshold (peak-20 dB)...
2026-09-04 18:03:38,248 | INFO | ris.AdvancedExperiments |   SNR: -13.12 dB
2026-09-04 18:03:38,248 | INFO | ris.AdvancedExperiments |   Active ratio: 96.42%
2026-09-04 18:03:38,248 | INFO | ris.AdvancedExperiments |   Energy savings: 3.3%
2026-09-04 18:03:38,248 | INFO | ris.AdvancedExperiments | 
>>> Testing Top-K (50%)...
2026-09-04 18:03:38,250 | INFO | ris.AdvancedExperiments |   SNR: -13.33 dB
2026-09-04 18:03:38,250 | INFO | ris.AdvancedExperiments |   Active ratio: 50.00%
2026-09-04 18:03:38,250 | INFO | ris.AdvancedExperiments |   Energy savings: 46.7%
2026-09-04 18:03:38,250 | INFO | ris.AdvancedExperiments | 
>>> Testing Top-K (25%)...
2026-09-04 18:03:38,253 | INFO | ris.AdvancedExperiments |   SNR: -13.51 dB
2026-09-04 18:03:38,253 | INFO | ris.AdvancedExperiments |   Active ratio: 25.00%
2026-09-04 18:03:38,253 | INFO | ris.AdvancedExperiments |   Energy savings: 70.0%
2026-09-04 18:03:38,253 | INFO | ris.AdvancedExperiments | 
>>> Testing Adaptive...
2026-09-04 18:03:38,256 | INFO | ris.AdvancedExperiments |   SNR: -13.14 dB
2026-09-04 18:03:38,257 | INFO | ris.AdvancedExperiments |   Active ratio: 90.30%
2026-09-04 18:03:38,257 | INFO | ris.AdvancedExperiments |   Energy savings: 9.1%
2026-09-04 18:03:38,257 | INFO | ris.AdvancedExperiments | 
[OK] Results saved to results/advanced_experiments\duty_cycling_results.json
2026-09-04 18:05:20,702 | INFO | ris.AdvancedExperiments | 
============================================================
2026-09-04 18:05:20,702 | INFO | ris.AdvancedExperiments | EXPERIMENT 16: Optimization Technique Comparison
2026-09-04 18:05:20,702 | INFO | ris.AdvancedExperiments | ============================================================
2026-09-04 18:05:20,727 | INFO | ris.AdvancedExperiments |   Generating channel samples...
2026-09-04 18:05:20,889 | INFO | ris.AdvancedExperiments |   Testing Random Search...
2026-09-04 18:05:20,890 | INFO | ris.AdvancedExperiments |     SNR: -13.35 dB
2026-09-04 18:05:20,890 | INFO | ris.AdvancedExperiments |   Testing Alternating Optimization...
2026-09-04 18:05:21,110 | INFO | ris.AdvancedExperiments |     SNR: -13.37 dB
2026-09-04 18:05:21,110 | INFO | ris.AdvancedExperiments |   Testing Successive Convex Approximation...
2026-09-04 18:05:21,111 | INFO | ris.AdvancedExperiments |     SNR: -13.38 dB
2026-09-04 18:05:21,111 | INFO | ris.AdvancedExperiments |   Testing ADMM...
2026-09-04 18:05:21,113 | INFO | ris.AdvancedExperiments |     SNR: -13.33 dB
2026-09-04 18:05:21,114 | INFO | ris.AdvancedExperiments |   Testing SDR...
2026-09-04 18:05:21,114 | INFO | ris.AdvancedExperiments |     Skipped (cvxpy not installed)
2026-09-04 18:05:21,114 | INFO | ris.AdvancedExperiments |   Computing MRC upper bound...
2026-09-04 18:05:21,114 | INFO | ris.AdvancedExperiments |     SNR: -12.68 dB
2026-09-04 18:05:21,115 | INFO | ris.AdvancedExperiments | 
[OK] Results saved to results/advanced_experiments\optimization_techniques_results.json
2026-09-04 18:22:11,276 | INFO | ris.AdvancedExperiments | 
============================================================
2026-09-04 18:22:11,276 | INFO | ris.AdvancedExperiments | EXPERIMENT 16: Optimization Technique Comparison
2026-09-04 18:22:11,276 | INFO | ris.AdvancedExperiments | ============================================================
2026-09-04 18:22:15,880 | INFO | ris.AdvancedExperiments |   Generating channel samples...
2026-09-04 18:22:16,263 | INFO | ris.AdvancedExperiments |   Testing Random Search...
2026-09-04 18:22:16,263 | INFO | ris.AdvancedExperiments |     SNR: 2.65 dB
2026-09-04 18:22:16,263 | INFO | ris.AdvancedExperiments |   Testing Alternating Optimization...
2026-09-04 18:22:16,800 | INFO | ris.AdvancedExperiments |     SNR: 2.68 dB
2026-09-04 18:22:16,801 | INFO | ris.AdvancedExperiments |   Testing Successive Convex Approximation...
2026-09-04 18:22:16,809 | INFO | ris.AdvancedExperiments |     SNR: 2.82 dB
2026-09-04 18:22:16,809 | INFO | ris.AdvancedExperiments |   Testing ADMM...
2026-09-04 18:22:16,814 | INFO | ris.AdvancedExperiments |     SNR: 2.98 dB
2026-09-04 18:22:16,814 | INFO | ris.AdvancedExperiments |   Testing SDR...
2026-09-04 18:22:20,838 | INFO | ris.AdvancedExperiments |     SNR: 4.02 dB
2026-09-04 18:22:20,839 | INFO | ris.AdvancedExperiments |   Computing MRC upper bound...
2026-09-04 18:22:20,840 | INFO | ris.AdvancedExperiments |     SNR: 5.50 dB
2026-09-04 18:22:20,841 | INFO | ris.AdvancedExperiments | 
[OK] Results saved to results/advanced_experiments\optimization_techniques_results.json
2026-09-04 18:23:53,705 | INFO | ris.AdvancedExperiments | 
============================================================
2026-09-04 18:23:53,705 | INFO | ris.AdvancedExperiments | EXPERIMENT 16: Optimization Technique Comparison
2026-09-04 18:23:53,705 | INFO | ris.AdvancedExperiments | ============================================================
2026-09-04 18:23:54,158 | INFO | ris.AdvancedExperiments |   Generating channel samples...
2026-09-04 18:23:54,306 | INFO | ris.AdvancedExperiments |   Testing Random Search...
2026-09-04 18:23:54,306 | INFO | ris.AdvancedExperiments |     SNR: 4.47 dB
2026-09-04 18:23:54,306 | INFO | ris.AdvancedExperiments |   Testing Alternating Optimization...
2026-09-04 18:23:54,567 | INFO | ris.AdvancedExperiments |     SNR: 6.96 dB
2026-09-04 18:23:54,567 | INFO | ris.AdvancedExperiments |   Testing Successive Convex Approximation...
2026-09-04 18:23:54,570 | INFO | ris.AdvancedExperiments |     SNR: 4.69 dB
2026-09-04 18:23:54,570 | INFO | ris.AdvancedExperiments |   Testing ADMM...
2026-09-04 18:23:54,573 | INFO | ris.AdvancedExperiments |     SNR: 4.43 dB
2026-09-04 18:23:54,573 | INFO | ris.AdvancedExperiments |   Testing SDR...
2026-09-04 18:23:57,827 | INFO | ris.AdvancedExperiments |     SNR: 8.98 dB
2026-09-04 18:23:57,827 | INFO | ris.AdvancedExperiments |   Computing MRC upper bound...
2026-09-04 18:23:57,828 | INFO | ris.AdvancedExperiments |     SNR: 6.97 dB
2026-09-04 18:23:57,829 | INFO | ris.AdvancedExperiments | 
[OK] Results saved to results/advanced_experiments\optimization_techniques_results.json
2026-09-04 18:26:23,791 | INFO | ris.AdvancedExperiments | 
============================================================
2026-09-04 18:26:23,791 | INFO | ris.AdvancedExperiments | EXPERIMENT 16: Optimization Technique Comparison
2026-09-04 18:26:23,791 | INFO | ris.AdvancedExperiments | ============================================================
2026-09-04 18:26:24,217 | INFO | ris.AdvancedExperiments |   Generating channel samples...
2026-09-04 18:26:24,363 | INFO | ris.AdvancedExperiments |   Testing Random Search...
2026-09-04 18:26:24,363 | INFO | ris.AdvancedExperiments |     SNR: 1.89 dB
2026-09-04 18:26:24,363 | INFO | ris.AdvancedExperiments |   Testing Alternating Optimization...
2026-09-04 18:26:24,606 | INFO | ris.AdvancedExperiments |     SNR: 4.68 dB
2026-09-04 18:26:24,607 | INFO | ris.AdvancedExperiments |   Testing Successive Convex Approximation...
2026-09-04 18:26:24,610 | INFO | ris.AdvancedExperiments |     SNR: 2.23 dB
2026-09-04 18:26:24,610 | INFO | ris.AdvancedExperiments |   Testing ADMM...
2026-09-04 18:26:24,612 | INFO | ris.AdvancedExperiments |     SNR: 1.97 dB
2026-09-04 18:26:24,612 | INFO | ris.AdvancedExperiments |   Testing SDR...
2026-09-04 18:26:44,031 | INFO | ris.AdvancedExperiments |     SNR: 2.86 dB
2026-09-04 18:26:44,031 | INFO | ris.AdvancedExperiments |   Computing MRC upper bound...
2026-09-04 18:26:44,032 | INFO | ris.AdvancedExperiments |     SNR: 4.68 dB
2026-09-04 18:26:44,033 | INFO | ris.AdvancedExperiments | 
[OK] Results saved to results/advanced_experiments\optimization_techniques_results.json
2026-09-04 18:29:10,281 | INFO | ris.AdvancedExperiments | 
============================================================
2026-09-04 18:29:10,281 | INFO | ris.AdvancedExperiments | EXPERIMENT 16: Optimization Technique Comparison
2026-09-04 18:29:10,281 | INFO | ris.AdvancedExperiments | ============================================================
2026-09-04 18:29:10,718 | INFO | ris.AdvancedExperiments |   Generating channel samples...
2026-09-04 18:29:10,860 | INFO | ris.AdvancedExperiments |   Testing Random Search...
2026-09-04 18:29:10,860 | INFO | ris.AdvancedExperiments |     SNR: 1.89 dB
2026-09-04 18:29:10,860 | INFO | ris.AdvancedExperiments |   Testing Alternating Optimization...
2026-09-04 18:29:11,114 | INFO | ris.AdvancedExperiments |     SNR: 4.68 dB
2026-09-04 18:29:11,114 | INFO | ris.AdvancedExperiments |   Testing Successive Convex Approximation...
2026-09-04 18:29:11,117 | INFO | ris.AdvancedExperiments |     SNR: 4.68 dB
2026-09-04 18:29:11,117 | INFO | ris.AdvancedExperiments |   Testing ADMM...
2026-09-04 18:29:11,445 | INFO | ris.AdvancedExperiments |     SNR: 4.43 dB
2026-09-04 18:29:11,445 | INFO | ris.AdvancedExperiments |   Testing SDR...
2026-09-04 18:29:30,815 | INFO | ris.AdvancedExperiments |     SNR: 2.86 dB
2026-09-04 18:29:30,815 | INFO | ris.AdvancedExperiments |   Computing MRC upper bound...
2026-09-04 18:29:30,816 | INFO | ris.AdvancedExperiments |     SNR: 4.68 dB
2026-09-04 18:29:30,817 | INFO | ris.AdvancedExperiments | 
[OK] Results saved to results/advanced_experiments\optimization_techniques_results.json
2026-09-04 18:36:46,800 | INFO | ris.AdvancedExperiments | 
============================================================
2026-09-04 18:36:46,800 | INFO | ris.AdvancedExperiments | EXPERIMENT 14: NoC Topology Comparison
2026-09-04 18:36:46,800 | INFO | ris.AdvancedExperiments | ============================================================
2026-09-04 18:36:46,921 | INFO | ris.AdvancedExperiments | 
>>> Testing Mesh topology...
2026-09-04 18:36:46,921 | INFO | ris.AdvancedExperiments |   Latency: 121013.71 us
2026-09-04 18:36:46,921 | INFO | ris.AdvancedExperiments |   Energy: 51052.03 nJ
2026-09-04 18:36:46,921 | INFO | ris.AdvancedExperiments |   Diameter: 6
2026-09-04 18:36:46,921 | INFO | ris.AdvancedExperiments | 
>>> Testing Torus topology...
2026-09-04 18:36:46,921 | INFO | ris.AdvancedExperiments |   Latency: 80675.81 us
2026-09-04 18:36:46,921 | INFO | ris.AdvancedExperiments |   Energy: 34034.69 nJ
2026-09-04 18:36:46,921 | INFO | ris.AdvancedExperiments |   Diameter: 4
2026-09-04 18:36:46,921 | INFO | ris.AdvancedExperiments | 
>>> Testing FoldedTorus topology...
2026-09-04 18:36:46,921 | INFO | ris.AdvancedExperiments |   Latency: 80675.81 us
2026-09-04 18:36:46,921 | INFO | ris.AdvancedExperiments |   Energy: 34034.69 nJ
2026-09-04 18:36:46,921 | INFO | ris.AdvancedExperiments |   Diameter: 4
2026-09-04 18:36:46,921 | INFO | ris.AdvancedExperiments | 
>>> Testing Tree topology...
2026-09-04 18:36:46,922 | INFO | ris.AdvancedExperiments |   Latency: 80675.81 us
2026-09-04 18:36:46,922 | INFO | ris.AdvancedExperiments |   Energy: 40416.19 nJ
2026-09-04 18:36:46,922 | INFO | ris.AdvancedExperiments |   Diameter: 8
2026-09-04 18:36:46,922 | INFO | ris.AdvancedExperiments | 
>>> Testing Butterfly topology...
2026-09-04 18:36:46,922 | INFO | ris.AdvancedExperiments |   Latency: 80675.81 us
2026-09-04 18:36:46,922 | INFO | ris.AdvancedExperiments |   Energy: 34034.69 nJ
2026-09-04 18:36:46,922 | INFO | ris.AdvancedExperiments |   Diameter: 4
2026-09-04 18:36:46,922 | INFO | ris.AdvancedExperiments | 
>>> Testing Ring topology...
2026-09-04 18:36:46,922 | INFO | ris.AdvancedExperiments |   Latency: 80676.29 us
2026-09-04 18:36:46,922 | INFO | ris.AdvancedExperiments |   Energy: 68069.38 nJ
2026-09-04 18:36:46,922 | INFO | ris.AdvancedExperiments |   Diameter: 8
2026-09-04 18:36:46,923 | INFO | ris.AdvancedExperiments | 
[OK] Results saved to results/advanced_experiments\topology_comparison_results.json
2026-09-04 18:36:47,854 | INFO | ris.AdvancedExperiments | 
============================================================
2026-09-04 18:36:47,856 | INFO | ris.AdvancedExperiments | EXPERIMENT 15: Communication Protocol Comparison
2026-09-04 18:36:47,856 | INFO | ris.AdvancedExperiments | ============================================================
2026-09-04 18:36:47,860 | INFO | ris.AdvancedExperiments | 
>>> Mesh + ParameterServer...
2026-09-04 18:36:47,860 | INFO | ris.AdvancedExperiments |   Total bytes: 189,082,800
2026-09-04 18:36:47,860 | INFO | ris.AdvancedExperiments |   Latency: 121013.71 us
2026-09-04 18:36:47,860 | INFO | ris.AdvancedExperiments |   Energy: 51052.03 nJ
2026-09-04 18:36:47,860 | INFO | ris.AdvancedExperiments | 
>>> Mesh + AllReduce...
2026-09-04 18:36:47,860 | INFO | ris.AdvancedExperiments |   Total bytes: 403,376,640
2026-09-04 18:36:47,860 | INFO | ris.AdvancedExperiments |   Latency: 60507.22 us
2026-09-04 18:36:47,860 | INFO | ris.AdvancedExperiments |   Energy: 51052.03 nJ
2026-09-04 18:36:47,860 | INFO | ris.AdvancedExperiments | 
>>> Mesh + RingAllReduce...
2026-09-04 18:36:47,860 | INFO | ris.AdvancedExperiments |   Total bytes: 189,081,600
2026-09-04 18:36:47,860 | INFO | ris.AdvancedExperiments |   Latency: 18918.96 us
2026-09-04 18:36:47,860 | INFO | ris.AdvancedExperiments |   Energy: 29913.30 nJ
2026-09-04 18:36:47,860 | INFO | ris.AdvancedExperiments | 
>>> Mesh + Gossip...
2026-09-04 18:36:47,860 | INFO | ris.AdvancedExperiments |   Total bytes: 504,220,800
2026-09-04 18:36:47,861 | INFO | ris.AdvancedExperiments |   Latency: 75634.32 us
2026-09-04 18:36:47,861 | INFO | ris.AdvancedExperiments |   Energy: 116994.24 nJ
2026-09-04 18:36:47,861 | INFO | ris.AdvancedExperiments | 
>>> Torus + ParameterServer...
2026-09-04 18:36:47,861 | INFO | ris.AdvancedExperiments |   Total bytes: 189,082,800
2026-09-04 18:36:47,861 | INFO | ris.AdvancedExperiments |   Latency: 80675.81 us
2026-09-04 18:36:47,861 | INFO | ris.AdvancedExperiments |   Energy: 34034.69 nJ
2026-09-04 18:36:47,861 | INFO | ris.AdvancedExperiments | 
>>> Torus + AllReduce...
2026-09-04 18:36:47,861 | INFO | ris.AdvancedExperiments |   Total bytes: 403,376,640
2026-09-04 18:36:47,861 | INFO | ris.AdvancedExperiments |   Latency: 40338.38 us
2026-09-04 18:36:47,861 | INFO | ris.AdvancedExperiments |   Energy: 51052.03 nJ
2026-09-04 18:36:47,861 | INFO | ris.AdvancedExperiments | 
>>> Torus + RingAllReduce...
2026-09-04 18:36:47,861 | INFO | ris.AdvancedExperiments |   Total bytes: 189,081,600
2026-09-04 18:36:47,861 | INFO | ris.AdvancedExperiments |   Latency: 18911.76 us
2026-09-04 18:36:47,861 | INFO | ris.AdvancedExperiments |   Energy: 19942.20 nJ
2026-09-04 18:36:47,861 | INFO | ris.AdvancedExperiments | 
>>> Torus + Gossip...
2026-09-04 18:36:47,861 | INFO | ris.AdvancedExperiments |   Total bytes: 504,220,800
2026-09-04 18:36:47,861 | INFO | ris.AdvancedExperiments |   Latency: 65549.78 us
2026-09-04 18:36:47,861 | INFO | ris.AdvancedExperiments |   Energy: 99976.90 nJ
2026-09-04 18:36:47,862 | INFO | ris.AdvancedExperiments | 
[OK] Results saved to results/advanced_experiments\protocol_comparison_results.json
2026-09-04 18:36:48,426 | INFO | ris.AdvancedExperiments | 
============================================================
2026-09-04 18:36:48,426 | INFO | ris.AdvancedExperiments | EXPERIMENT 16: Optimization Technique Comparison
2026-09-04 18:36:48,426 | INFO | ris.AdvancedExperiments | ============================================================
2026-09-04 18:36:48,988 | INFO | ris.AdvancedExperiments |   Generating channel samples...
2026-09-04 18:36:49,186 | INFO | ris.AdvancedExperiments |   Testing Random Search...
2026-09-04 18:36:49,187 | INFO | ris.AdvancedExperiments |     SNR: 1.89 dB
2026-09-04 18:36:49,187 | INFO | ris.AdvancedExperiments |   Testing Alternating Optimization...
2026-09-04 18:36:49,558 | INFO | ris.AdvancedExperiments |     SNR: 4.68 dB
2026-09-04 18:36:49,558 | INFO | ris.AdvancedExperiments |   Testing Successive Convex Approximation...
2026-09-04 18:36:49,561 | INFO | ris.AdvancedExperiments |     SNR: 4.68 dB
2026-09-04 18:36:49,561 | INFO | ris.AdvancedExperiments |   Testing ADMM...
2026-09-04 18:36:49,914 | INFO | ris.AdvancedExperiments |     SNR: 4.43 dB
2026-09-04 18:36:49,914 | INFO | ris.AdvancedExperiments |   Testing SDR...
2026-09-08 15:49:57,108 | INFO | ris.AdvancedExperiments | 
============================================================
2026-09-08 15:49:57,109 | INFO | ris.AdvancedExperiments | EXPERIMENT 1: Local Epochs Variation
2026-09-08 15:49:57,110 | INFO | ris.AdvancedExperiments | ============================================================
2026-09-08 15:49:57,111 | INFO | ris.AdvancedExperiments | 
>>> Testing with E = 1 local epochs...
2026-09-08 15:50:03,503 | INFO | ris.main | ============================================================
2026-09-08 15:50:03,504 | INFO | ris.main | BASELINE EVALUATION
2026-09-08 15:50:03,505 | INFO | ris.main | ============================================================
2026-09-08 15:50:03,506 | INFO | ris.main | Evaluating: No RIS (direct link)
2026-09-08 15:50:03,508 | INFO | ris.main |   SNR: 2.98 dB
2026-09-08 15:50:03,514 | INFO | ris.main |   Rate: 1.58 bps/Hz
2026-09-08 15:50:03,516 | INFO | ris.main | 
Evaluating: Random RIS
2026-09-08 15:50:03,520 | INFO | ris.main |   SNR: 3.14 dB
2026-09-08 15:50:03,526 | INFO | ris.main |   Rate: 1.61 bps/Hz
2026-09-08 15:50:03,533 | INFO | ris.main | 
Evaluating: Optimal (Genie-aided)
2026-09-08 15:50:03,547 | INFO | ris.main |   SNR: 8.75 dB
2026-09-08 15:50:03,566 | INFO | ris.main |   Rate: 3.09 bps/Hz
2026-09-08 15:50:03,569 | INFO | ris.main | ============================================================
2026-09-08 15:50:03,575 | INFO | ris.main | FEDERATED LEARNING TRAINING
2026-09-08 15:50:03,581 | INFO | ris.main | ============================================================
2026-09-08 15:50:03,584 | INFO | ris.main | ============================================================
2026-09-08 15:50:03,585 | INFO | ris.main | MODEL INITIALIZATION
2026-09-08 15:50:03,586 | INFO | ris.main | ============================================================
2026-09-08 15:50:03,657 | INFO | ris.main | [OK] Global model (GNN) created
2026-09-08 15:50:03,659 | INFO | ris.main |   Total parameters: 315,906
2026-09-08 15:50:03,661 | INFO | ris.main |   Model size (FP32): 1234.01 KB
2026-09-08 15:50:03,662 | INFO | ris.main |   Model size (INT8 for FL comm): 308.50 KB
2026-09-08 15:50:03,663 | INFO | ris.main |   Expected comm per round: 2468.02 KB (= 315906 B x 2 x 4 tiles)
2026-09-08 15:50:03,664 | INFO | ris.main |   Expected total comm (4 rounds): 9872.06 KB = 9.64 MB
2026-09-08 15:50:19,834 | INFO | ris.main | [OK] Created 4 RIS tile clients
2026-09-08 15:50:19,835 | INFO | ris.main | 
Starting Federated Learning for 4 rounds...
2026-09-08 15:50:19,836 | INFO | ris.main | Local epochs per round: 1
2026-09-08 15:50:22,198 | INFO | ris.main | [Evaluation] Testing global model...
2026-09-08 15:50:23,015 | INFO | ris.main |   Test Loss: 2.099176
2026-09-08 15:50:23,016 | INFO | ris.main |   Phase Error: 1.3170 rad (75.46Â°)
2026-09-08 15:50:23,016 | INFO | ris.main |   SNR (Optimized): 6.80 dB
2026-09-08 15:50:23,017 | INFO | ris.main |   SNR Gain: 3.83 dB
2026-09-08 15:50:28,815 | INFO | ris.main | [Evaluation] Testing global model...
2026-09-08 15:50:30,366 | INFO | ris.main |   Test Loss: 0.967673
2026-09-08 15:50:30,368 | INFO | ris.main |   Phase Error: 0.6781 rad (38.85Â°)
2026-09-08 15:50:30,370 | INFO | ris.main |   SNR (Optimized): 7.79 dB
2026-09-08 15:50:30,371 | INFO | ris.main |   SNR Gain: 4.81 dB
2026-09-08 15:50:30,372 | INFO | ris.main | ============================================================
2026-09-08 15:50:30,373 | INFO | ris.main | TRAINING COMPLETE
2026-09-08 15:50:30,375 | INFO | ris.main | ============================================================
2026-09-08 15:50:30,377 | INFO | ris.main | 
  Communication check:
2026-09-08 15:50:30,381 | INFO | ris.main |     Model parameters: 315,906
2026-09-08 15:50:30,383 | INFO | ris.main |     Expected total: 9.64 MB
2026-09-08 15:50:30,385 | INFO | ris.main |     Actual total:   9.64 MB
2026-09-08 15:50:33,218 | INFO | ris.AdvancedExperiments |   Converged in: 4 rounds
2026-09-08 15:50:33,219 | INFO | ris.AdvancedExperiments |   Final SNR: 7.81 dB
2026-09-08 15:50:33,221 | INFO | ris.AdvancedExperiments |   Total Communication: 9872.06 KB
2026-09-08 15:50:33,222 | INFO | ris.AdvancedExperiments | 
>>> Testing with E = 3 local epochs...
2026-09-08 15:50:38,703 | INFO | ris.main | ============================================================
2026-09-08 15:50:38,704 | INFO | ris.main | BASELINE EVALUATION
2026-09-08 15:50:38,705 | INFO | ris.main | ============================================================
2026-09-08 15:50:38,706 | INFO | ris.main | Evaluating: No RIS (direct link)
2026-09-08 15:50:38,712 | INFO | ris.main |   SNR: 2.26 dB
2026-09-08 15:50:38,725 | INFO | ris.main |   Rate: 1.42 bps/Hz
2026-09-08 15:50:38,734 | INFO | ris.main | 
Evaluating: Random RIS
2026-09-08 15:50:38,750 | INFO | ris.main |   SNR: 2.46 dB
2026-09-08 15:50:38,759 | INFO | ris.main |   Rate: 1.47 bps/Hz
2026-09-08 15:50:38,769 | INFO | ris.main | 
Evaluating: Optimal (Genie-aided)
2026-09-08 15:50:38,777 | INFO | ris.main |   SNR: 7.74 dB
2026-09-08 15:50:38,782 | INFO | ris.main |   Rate: 2.80 bps/Hz
2026-09-08 15:50:38,787 | INFO | ris.main | ============================================================
2026-09-08 15:50:38,790 | INFO | ris.main | FEDERATED LEARNING TRAINING
2026-09-08 15:50:38,791 | INFO | ris.main | ============================================================
2026-09-08 15:50:38,793 | INFO | ris.main | ============================================================
2026-09-08 15:50:38,794 | INFO | ris.main | MODEL INITIALIZATION
2026-09-08 15:50:38,796 | INFO | ris.main | ============================================================
2026-09-08 15:50:38,805 | INFO | ris.main | [OK] Global model (GNN) created
2026-09-08 15:50:38,807 | INFO | ris.main |   Total parameters: 315,906
2026-09-08 15:50:38,807 | INFO | ris.main |   Model size (FP32): 1234.01 KB
2026-09-08 15:50:38,808 | INFO | ris.main |   Model size (INT8 for FL comm): 308.50 KB
2026-09-08 15:50:38,809 | INFO | ris.main |   Expected comm per round: 2468.02 KB (= 315906 B x 2 x 4 tiles)
2026-09-08 15:50:38,810 | INFO | ris.main |   Expected total comm (4 rounds): 9872.06 KB = 9.64 MB
2026-09-08 15:50:38,848 | INFO | ris.main | [OK] Created 4 RIS tile clients
2026-09-08 15:50:38,849 | INFO | ris.main | 
Starting Federated Learning for 4 rounds...
2026-09-08 15:50:38,850 | INFO | ris.main | Local epochs per round: 3
2026-09-08 15:50:44,706 | INFO | ris.main | [Evaluation] Testing global model...
2026-09-08 15:50:45,380 | INFO | ris.main |   Test Loss: 0.918082
2026-09-08 15:50:45,381 | INFO | ris.main |   Phase Error: 0.6345 rad (36.35Â°)
2026-09-08 15:50:45,382 | INFO | ris.main |   SNR (Optimized): 6.65 dB
2026-09-08 15:50:45,383 | INFO | ris.main |   SNR Gain: 4.39 dB
2026-09-08 15:51:06,693 | INFO | ris.main | [Evaluation] Testing global model...
2026-09-08 15:51:07,325 | INFO | ris.main |   Test Loss: 0.915841
2026-09-08 15:51:07,326 | INFO | ris.main |   Phase Error: 0.5914 rad (33.88Â°)
2026-09-08 15:51:07,327 | INFO | ris.main |   SNR (Optimized): 6.75 dB
2026-09-08 15:51:07,328 | INFO | ris.main |   SNR Gain: 4.48 dB
2026-09-08 15:51:07,328 | INFO | ris.main | ============================================================
2026-09-08 15:51:07,329 | INFO | ris.main | TRAINING COMPLETE
2026-09-08 15:51:07,330 | INFO | ris.main | ============================================================
2026-09-08 15:51:07,331 | INFO | ris.main | 
  Communication check:
2026-09-08 15:51:07,332 | INFO | ris.main |     Model parameters: 315,906
2026-09-08 15:51:07,332 | INFO | ris.main |     Expected total: 9.64 MB
2026-09-08 15:51:07,333 | INFO | ris.main |     Actual total:   9.64 MB
2026-09-08 15:51:08,247 | INFO | ris.AdvancedExperiments |   Converged in: 4 rounds
2026-09-08 15:51:08,248 | INFO | ris.AdvancedExperiments |   Final SNR: 7.23 dB
2026-09-08 15:51:08,248 | INFO | ris.AdvancedExperiments |   Total Communication: 9872.06 KB
2026-09-08 15:51:08,249 | INFO | ris.AdvancedExperiments | 
>>> Testing with E = 5 local epochs...
2026-09-08 15:51:18,606 | INFO | ris.main | ============================================================
2026-09-08 15:51:18,612 | INFO | ris.main | BASELINE EVALUATION
2026-09-08 15:51:18,622 | INFO | ris.main | ============================================================
2026-09-08 15:51:18,623 | INFO | ris.main | Evaluating: No RIS (direct link)
2026-09-08 15:51:18,624 | INFO | ris.main |   SNR: 3.06 dB
2026-09-08 15:51:18,625 | INFO | ris.main |   Rate: 1.60 bps/Hz
2026-09-08 15:51:18,626 | INFO | ris.main | 
Evaluating: Random RIS
2026-09-08 15:51:18,639 | INFO | ris.main |   SNR: 3.35 dB
2026-09-08 15:51:18,640 | INFO | ris.main |   Rate: 1.66 bps/Hz
2026-09-08 15:51:18,641 | INFO | ris.main | 
Evaluating: Optimal (Genie-aided)
2026-09-08 15:51:18,656 | INFO | ris.main |   SNR: 8.82 dB
2026-09-08 15:51:18,658 | INFO | ris.main |   Rate: 3.11 bps/Hz
2026-09-08 15:51:18,659 | INFO | ris.main | ============================================================
2026-09-08 15:51:18,660 | INFO | ris.main | FEDERATED LEARNING TRAINING
2026-09-08 15:51:18,661 | INFO | ris.main | ============================================================
2026-09-08 15:51:18,662 | INFO | ris.main | ============================================================
2026-09-08 15:51:18,663 | INFO | ris.main | MODEL INITIALIZATION
2026-09-08 15:51:18,664 | INFO | ris.main | ============================================================
2026-09-08 15:51:18,680 | INFO | ris.main | [OK] Global model (GNN) created
2026-09-08 15:51:18,681 | INFO | ris.main |   Total parameters: 315,906
2026-09-08 15:51:18,682 | INFO | ris.main |   Model size (FP32): 1234.01 KB
2026-09-08 15:51:18,683 | INFO | ris.main |   Model size (INT8 for FL comm): 308.50 KB
2026-09-08 15:51:18,684 | INFO | ris.main |   Expected comm per round: 2468.02 KB (= 315906 B x 2 x 4 tiles)
2026-09-08 15:51:18,684 | INFO | ris.main |   Expected total comm (4 rounds): 9872.06 KB = 9.64 MB
2026-09-08 15:51:18,759 | INFO | ris.main | [OK] Created 4 RIS tile clients
2026-09-08 15:51:18,940 | INFO | ris.main | 
Starting Federated Learning for 4 rounds...
2026-09-08 15:51:18,942 | INFO | ris.main | Local epochs per round: 5
2026-09-08 15:51:31,335 | INFO | ris.main | [Evaluation] Testing global model...
2026-09-08 15:51:31,905 | INFO | ris.main |   Test Loss: 0.851121
2026-09-08 15:51:31,906 | INFO | ris.main |   Phase Error: 0.5717 rad (32.76Â°)
2026-09-08 15:51:31,907 | INFO | ris.main |   SNR (Optimized): 7.90 dB
2026-09-08 15:51:31,907 | INFO | ris.main |   SNR Gain: 4.85 dB
2026-09-08 15:52:09,058 | INFO | ris.main | [Evaluation] Testing global model...
2026-09-08 15:52:09,949 | INFO | ris.main |   Test Loss: 0.852292
2026-09-08 15:52:09,950 | INFO | ris.main |   Phase Error: 0.5664 rad (32.45Â°)
2026-09-08 15:52:09,951 | INFO | ris.main |   SNR (Optimized): 7.92 dB
2026-09-08 15:52:09,952 | INFO | ris.main |   SNR Gain: 4.87 dB
2026-09-08 15:52:09,952 | INFO | ris.main | ============================================================
2026-09-08 15:52:09,953 | INFO | ris.main | TRAINING COMPLETE
2026-09-08 15:52:09,954 | INFO | ris.main | ============================================================
2026-09-08 15:52:09,955 | INFO | ris.main | 
  Communication check:
2026-09-08 15:52:09,956 | INFO | ris.main |     Model parameters: 315,906
2026-09-08 15:52:09,957 | INFO | ris.main |     Expected total: 9.64 MB
2026-09-08 15:52:09,958 | INFO | ris.main |     Actual total:   9.64 MB
2026-09-08 15:52:10,807 | INFO | ris.AdvancedExperiments |   Converged in: 4 rounds
2026-09-08 15:52:10,808 | INFO | ris.AdvancedExperiments |   Final SNR: 7.73 dB
2026-09-08 15:52:10,808 | INFO | ris.AdvancedExperiments |   Total Communication: 9872.06 KB
2026-09-08 15:52:10,809 | INFO | ris.AdvancedExperiments | 
>>> Testing with E = 10 local epochs...
2026-09-08 15:52:15,266 | INFO | ris.main | ============================================================
2026-09-08 15:52:15,267 | INFO | ris.main | BASELINE EVALUATION
2026-09-08 15:52:15,268 | INFO | ris.main | ============================================================
2026-09-08 15:52:15,269 | INFO | ris.main | Evaluating: No RIS (direct link)
2026-09-08 15:52:15,270 | INFO | ris.main |   SNR: 3.06 dB
2026-09-08 15:52:15,271 | INFO | ris.main |   Rate: 1.60 bps/Hz
2026-09-08 15:52:15,271 | INFO | ris.main | 
Evaluating: Random RIS
2026-09-08 15:52:15,275 | INFO | ris.main |   SNR: 3.14 dB
2026-09-08 15:52:15,276 | INFO | ris.main |   Rate: 1.61 bps/Hz
2026-09-08 15:52:15,276 | INFO | ris.main | 
Evaluating: Optimal (Genie-aided)
2026-09-08 15:52:15,280 | INFO | ris.main |   SNR: 8.70 dB
2026-09-08 15:52:15,281 | INFO | ris.main |   Rate: 3.07 bps/Hz
2026-09-08 15:52:15,282 | INFO | ris.main | ============================================================
2026-09-08 15:52:15,283 | INFO | ris.main | FEDERATED LEARNING TRAINING
2026-09-08 15:52:15,283 | INFO | ris.main | ============================================================
2026-09-08 15:52:15,284 | INFO | ris.main | ============================================================
2026-09-08 15:52:15,284 | INFO | ris.main | MODEL INITIALIZATION
2026-09-08 15:52:15,285 | INFO | ris.main | ============================================================
2026-09-08 15:52:15,297 | INFO | ris.main | [OK] Global model (GNN) created
2026-09-08 15:52:15,298 | INFO | ris.main |   Total parameters: 315,906
2026-09-08 15:52:15,299 | INFO | ris.main |   Model size (FP32): 1234.01 KB
2026-09-08 15:52:15,300 | INFO | ris.main |   Model size (INT8 for FL comm): 308.50 KB
2026-09-08 15:52:15,300 | INFO | ris.main |   Expected comm per round: 2468.02 KB (= 315906 B x 2 x 4 tiles)
2026-09-08 15:52:15,301 | INFO | ris.main |   Expected total comm (4 rounds): 9872.06 KB = 9.64 MB
2026-09-08 15:52:15,357 | INFO | ris.main | [OK] Created 4 RIS tile clients
2026-09-08 15:52:15,358 | INFO | ris.main | 
Starting Federated Learning for 4 rounds...
2026-09-08 15:52:15,359 | INFO | ris.main | Local epochs per round: 10
2026-09-08 15:52:33,656 | INFO | ris.main | [Evaluation] Testing global model...
2026-09-08 15:52:34,345 | INFO | ris.main |   Test Loss: 0.820770
2026-09-08 15:52:34,346 | INFO | ris.main |   Phase Error: 0.5476 rad (31.37Â°)
2026-09-08 15:52:34,347 | INFO | ris.main |   SNR (Optimized): 7.85 dB
2026-09-08 15:52:34,348 | INFO | ris.main |   SNR Gain: 4.79 dB
2026-09-08 15:53:28,807 | INFO | ris.main | [Evaluation] Testing global model...
2026-09-08 15:53:29,435 | INFO | ris.main |   Test Loss: 0.814489
2026-09-08 15:53:29,436 | INFO | ris.main |   Phase Error: 0.5434 rad (31.14Â°)
2026-09-08 15:53:29,437 | INFO | ris.main |   SNR (Optimized): 7.87 dB
2026-09-08 15:53:29,438 | INFO | ris.main |   SNR Gain: 4.81 dB
2026-09-08 15:53:29,438 | INFO | ris.main | ============================================================
2026-09-08 15:53:29,439 | INFO | ris.main | TRAINING COMPLETE
2026-09-08 15:53:29,440 | INFO | ris.main | ============================================================
2026-09-08 15:53:29,441 | INFO | ris.main | 
  Communication check:
2026-09-08 15:53:29,441 | INFO | ris.main |     Model parameters: 315,906
2026-09-08 15:53:29,442 | INFO | ris.main |     Expected total: 9.64 MB
2026-09-08 15:53:29,443 | INFO | ris.main |     Actual total:   9.64 MB
2026-09-08 15:53:30,316 | INFO | ris.AdvancedExperiments |   Converged in: 4 rounds
2026-09-08 15:53:30,317 | INFO | ris.AdvancedExperiments |   Final SNR: 7.69 dB
2026-09-08 15:53:30,319 | INFO | ris.AdvancedExperiments |   Total Communication: 9872.06 KB
2026-09-08 15:53:30,320 | INFO | ris.AdvancedExperiments | 
>>> Testing with E = 20 local epochs...
2026-09-08 15:53:35,189 | INFO | ris.main | ============================================================
2026-09-08 15:53:35,190 | INFO | ris.main | BASELINE EVALUATION
2026-09-08 15:53:35,192 | INFO | ris.main | ============================================================
2026-09-08 15:53:35,193 | INFO | ris.main | Evaluating: No RIS (direct link)
2026-09-08 15:53:35,194 | INFO | ris.main |   SNR: 2.99 dB
2026-09-08 15:53:35,195 | INFO | ris.main |   Rate: 1.58 bps/Hz
2026-09-08 15:53:35,196 | INFO | ris.main | 
Evaluating: Random RIS
2026-09-08 15:53:35,200 | INFO | ris.main |   SNR: 3.43 dB
2026-09-08 15:53:35,200 | INFO | ris.main |   Rate: 1.68 bps/Hz
2026-09-08 15:53:35,201 | INFO | ris.main | 
Evaluating: Optimal (Genie-aided)
2026-09-08 15:53:35,205 | INFO | ris.main |   SNR: 9.48 dB
2026-09-08 15:53:35,206 | INFO | ris.main |   Rate: 3.30 bps/Hz
2026-09-08 15:53:35,207 | INFO | ris.main | ============================================================
2026-09-08 15:53:35,208 | INFO | ris.main | FEDERATED LEARNING TRAINING
2026-09-08 15:53:35,209 | INFO | ris.main | ============================================================
2026-09-08 15:53:35,209 | INFO | ris.main | ============================================================
2026-09-08 15:53:35,210 | INFO | ris.main | MODEL INITIALIZATION
2026-09-08 15:53:35,211 | INFO | ris.main | ============================================================
2026-09-08 15:53:35,224 | INFO | ris.main | [OK] Global model (GNN) created
2026-09-08 15:53:35,226 | INFO | ris.main |   Total parameters: 315,906
2026-09-08 15:53:35,227 | INFO | ris.main |   Model size (FP32): 1234.01 KB
2026-09-08 15:53:35,228 | INFO | ris.main |   Model size (INT8 for FL comm): 308.50 KB
2026-09-08 15:53:35,229 | INFO | ris.main |   Expected comm per round: 2468.02 KB (= 315906 B x 2 x 4 tiles)
2026-09-08 15:53:35,230 | INFO | ris.main |   Expected total comm (4 rounds): 9872.06 KB = 9.64 MB
2026-09-08 15:53:35,292 | INFO | ris.main | [OK] Created 4 RIS tile clients
2026-09-08 15:53:35,293 | INFO | ris.main | 
Starting Federated Learning for 4 rounds...
2026-09-08 15:53:35,294 | INFO | ris.main | Local epochs per round: 20
2026-09-08 15:54:17,744 | INFO | ris.main | [Evaluation] Testing global model...
2026-09-08 15:54:18,455 | INFO | ris.main |   Test Loss: 0.907677
2026-09-08 15:54:18,456 | INFO | ris.main |   Phase Error: 0.5998 rad (34.36Â°)
2026-09-08 15:54:18,457 | INFO | ris.main |   SNR (Optimized): 8.26 dB
2026-09-08 15:54:18,458 | INFO | ris.main |   SNR Gain: 5.27 dB
2026-09-08 15:56:15,314 | INFO | ris.main | [Evaluation] Testing global model...
2026-09-08 15:56:15,902 | INFO | ris.main |   Test Loss: 0.896299
2026-09-08 15:56:15,903 | INFO | ris.main |   Phase Error: 0.5913 rad (33.88Â°)
2026-09-08 15:56:15,904 | INFO | ris.main |   SNR (Optimized): 8.23 dB
2026-09-08 15:56:15,905 | INFO | ris.main |   SNR Gain: 5.24 dB
2026-09-08 15:56:15,905 | INFO | ris.main | ============================================================
2026-09-08 15:56:15,906 | INFO | ris.main | TRAINING COMPLETE
2026-09-08 15:56:15,907 | INFO | ris.main | ============================================================
2026-09-08 15:56:15,908 | INFO | ris.main | 
  Communication check:
2026-09-08 15:56:15,908 | INFO | ris.main |     Model parameters: 315,906
2026-09-08 15:56:15,909 | INFO | ris.main |     Expected total: 9.64 MB
2026-09-08 15:56:15,910 | INFO | ris.main |     Actual total:   9.64 MB
2026-09-08 15:56:16,720 | INFO | ris.AdvancedExperiments |   Converged in: 4 rounds
2026-09-08 15:56:16,721 | INFO | ris.AdvancedExperiments |   Final SNR: 8.25 dB
2026-09-08 15:56:16,722 | INFO | ris.AdvancedExperiments |   Total Communication: 9872.06 KB
2026-09-08 15:56:16,794 | WARNING | ris.AdvancedExperiments |   local_epochs_variation: REDUCED RUN (4 rounds, 150 train samples). Not suitable for publication figures.
2026-09-08 15:56:16,795 | INFO | ris.AdvancedExperiments | 
[OK] Results saved to results/advanced_experiments/local_epochs_variation_results.json
2026-09-08 15:56:23,189 | INFO | ris.AdvancedExperiments | 
============================================================
2026-09-08 15:56:23,189 | INFO | ris.AdvancedExperiments | EXPERIMENT 2: RIS Quantization Levels
2026-09-08 15:56:23,190 | INFO | ris.AdvancedExperiments | ============================================================
2026-09-08 15:56:23,191 | INFO | ris.AdvancedExperiments | 
>>> Testing with 1-bit quantization...
2026-09-08 15:56:27,728 | INFO | ris.main | ============================================================
2026-09-08 15:56:27,730 | INFO | ris.main | BASELINE EVALUATION
2026-09-08 15:56:27,731 | INFO | ris.main | ============================================================
2026-09-08 15:56:27,731 | INFO | ris.main | Evaluating: No RIS (direct link)
2026-09-08 15:56:27,733 | INFO | ris.main |   SNR: 3.61 dB
2026-09-08 15:56:27,734 | INFO | ris.main |   Rate: 1.72 bps/Hz
2026-09-08 15:56:27,734 | INFO | ris.main | 
Evaluating: Random RIS
2026-09-08 15:56:27,738 | INFO | ris.main |   SNR: 3.41 dB
2026-09-08 15:56:27,739 | INFO | ris.main |   Rate: 1.67 bps/Hz
2026-09-08 15:56:27,740 | INFO | ris.main | 
Evaluating: Optimal (Genie-aided)
2026-09-08 15:56:27,744 | INFO | ris.main |   SNR: 9.05 dB
2026-09-08 15:56:27,745 | INFO | ris.main |   Rate: 3.18 bps/Hz
2026-09-08 15:56:27,746 | INFO | ris.main | ============================================================
2026-09-08 15:56:27,747 | INFO | ris.main | FEDERATED LEARNING TRAINING
2026-09-08 15:56:27,748 | INFO | ris.main | ============================================================
2026-09-08 15:56:27,748 | INFO | ris.main | ============================================================
2026-09-08 15:56:27,749 | INFO | ris.main | MODEL INITIALIZATION
2026-09-08 15:56:27,750 | INFO | ris.main | ============================================================
2026-09-08 15:56:27,763 | INFO | ris.main | [OK] Global model (GNN) created
2026-09-08 15:56:27,764 | INFO | ris.main |   Total parameters: 315,906
2026-09-08 15:56:27,765 | INFO | ris.main |   Model size (FP32): 1234.01 KB
2026-09-08 15:56:27,766 | INFO | ris.main |   Model size (INT8 for FL comm): 308.50 KB
2026-09-08 15:56:27,767 | INFO | ris.main |   Expected comm per round: 2468.02 KB (= 315906 B x 2 x 4 tiles)
2026-09-08 15:56:27,767 | INFO | ris.main |   Expected total comm (4 rounds): 9872.06 KB = 9.64 MB
2026-09-08 15:56:27,823 | INFO | ris.main | [OK] Created 4 RIS tile clients
2026-09-08 15:56:27,824 | INFO | ris.main | 
Starting Federated Learning for 4 rounds...
2026-09-08 15:56:27,825 | INFO | ris.main | Local epochs per round: 1
2026-09-08 15:56:29,731 | INFO | ris.main | [Evaluation] Testing global model...
2026-09-08 15:56:30,387 | INFO | ris.main |   Test Loss: 0.970548
2026-09-08 15:56:30,388 | INFO | ris.main |   Phase Error: 1.0354 rad (59.32Â°)
2026-09-08 15:56:30,389 | INFO | ris.main |   SNR (Optimized): 6.86 dB
2026-09-08 15:56:30,390 | INFO | ris.main |   SNR Gain: 3.25 dB
2026-09-08 15:56:36,065 | INFO | ris.main | [Evaluation] Testing global model...
2026-09-08 15:56:36,691 | INFO | ris.main |   Test Loss: 0.878767
2026-09-08 15:56:36,692 | INFO | ris.main |   Phase Error: 1.0104 rad (57.89Â°)
2026-09-08 15:56:36,693 | INFO | ris.main |   SNR (Optimized): 6.91 dB
2026-09-08 15:56:36,694 | INFO | ris.main |   SNR Gain: 3.30 dB
2026-09-08 15:56:36,694 | INFO | ris.main | ============================================================
2026-09-08 15:56:36,695 | INFO | ris.main | TRAINING COMPLETE
2026-09-08 15:56:36,696 | INFO | ris.main | ============================================================
2026-09-08 15:56:36,697 | INFO | ris.main | 
  Communication check:
2026-09-08 15:56:36,698 | INFO | ris.main |     Model parameters: 315,906
2026-09-08 15:56:36,698 | INFO | ris.main |     Expected total: 9.64 MB
2026-09-08 15:56:36,699 | INFO | ris.main |     Actual total:   9.64 MB
2026-09-08 15:56:37,502 | INFO | ris.AdvancedExperiments |   Phase Error: 57.89Â°
2026-09-08 15:56:37,503 | INFO | ris.AdvancedExperiments |   SNR: 6.66 dB
2026-09-08 15:56:37,504 | INFO | ris.AdvancedExperiments | 
>>> Testing with 2-bit quantization...
2026-09-08 15:56:42,222 | INFO | ris.main | ============================================================
2026-09-08 15:56:42,223 | INFO | ris.main | BASELINE EVALUATION
2026-09-08 15:56:42,224 | INFO | ris.main | ============================================================
2026-09-08 15:56:42,224 | INFO | ris.main | Evaluating: No RIS (direct link)
2026-09-08 15:56:42,226 | INFO | ris.main |   SNR: 2.27 dB
2026-09-08 15:56:42,226 | INFO | ris.main |   Rate: 1.43 bps/Hz
2026-09-08 15:56:42,227 | INFO | ris.main | 
Evaluating: Random RIS
2026-09-08 15:56:42,232 | INFO | ris.main |   SNR: 2.42 dB
2026-09-08 15:56:42,233 | INFO | ris.main |   Rate: 1.46 bps/Hz
2026-09-08 15:56:42,234 | INFO | ris.main | 
Evaluating: Optimal (Genie-aided)
2026-09-08 15:56:42,238 | INFO | ris.main |   SNR: 8.88 dB
2026-09-08 15:56:42,239 | INFO | ris.main |   Rate: 3.13 bps/Hz
2026-09-08 15:56:42,239 | INFO | ris.main | ============================================================
2026-09-08 15:56:42,240 | INFO | ris.main | FEDERATED LEARNING TRAINING
2026-09-08 15:56:42,241 | INFO | ris.main | ============================================================
2026-09-08 15:56:42,242 | INFO | ris.main | ============================================================
2026-09-08 15:56:42,242 | INFO | ris.main | MODEL INITIALIZATION
2026-09-08 15:56:42,243 | INFO | ris.main | ============================================================
2026-09-08 15:56:42,255 | INFO | ris.main | [OK] Global model (GNN) created
2026-09-08 15:56:42,256 | INFO | ris.main |   Total parameters: 315,906
2026-09-08 15:56:42,257 | INFO | ris.main |   Model size (FP32): 1234.01 KB
2026-09-08 15:56:42,258 | INFO | ris.main |   Model size (INT8 for FL comm): 308.50 KB
2026-09-08 15:56:42,261 | INFO | ris.main |   Expected comm per round: 2468.02 KB (= 315906 B x 2 x 4 tiles)
2026-09-08 15:56:42,264 | INFO | ris.main |   Expected total comm (4 rounds): 9872.06 KB = 9.64 MB
2026-09-08 15:56:42,323 | INFO | ris.main | [OK] Created 4 RIS tile clients
2026-09-08 15:56:42,324 | INFO | ris.main | 
Starting Federated Learning for 4 rounds...
2026-09-08 15:56:42,326 | INFO | ris.main | Local epochs per round: 1
2026-09-08 15:56:44,214 | INFO | ris.main | [Evaluation] Testing global model...
2026-09-08 15:56:44,818 | INFO | ris.main |   Test Loss: 0.931962
2026-09-08 15:56:44,820 | INFO | ris.main |   Phase Error: 0.7566 rad (43.35Â°)
2026-09-08 15:56:44,821 | INFO | ris.main |   SNR (Optimized): 7.48 dB
2026-09-08 15:56:44,821 | INFO | ris.main |   SNR Gain: 5.21 dB
2026-09-08 15:56:50,241 | INFO | ris.main | [Evaluation] Testing global model...
2026-09-08 15:56:50,864 | INFO | ris.main |   Test Loss: 0.866747
2026-09-08 15:56:50,870 | INFO | ris.main |   Phase Error: 0.7270 rad (41.65Â°)
2026-09-08 15:56:50,871 | INFO | ris.main |   SNR (Optimized): 7.58 dB
2026-09-08 15:56:50,872 | INFO | ris.main |   SNR Gain: 5.31 dB
2026-09-08 15:56:50,873 | INFO | ris.main | ============================================================
2026-09-08 15:56:50,873 | INFO | ris.main | TRAINING COMPLETE
2026-09-08 15:56:50,874 | INFO | ris.main | ============================================================
2026-09-08 15:56:50,875 | INFO | ris.main | 
  Communication check:
2026-09-08 15:56:50,876 | INFO | ris.main |     Model parameters: 315,906
2026-09-08 15:56:50,877 | INFO | ris.main |     Expected total: 9.64 MB
2026-09-08 15:56:50,877 | INFO | ris.main |     Actual total:   9.64 MB
2026-09-08 15:56:51,765 | INFO | ris.AdvancedExperiments |   Phase Error: 41.65Â°
2026-09-08 15:56:51,766 | INFO | ris.AdvancedExperiments |   SNR: 7.45 dB
2026-09-08 15:56:51,767 | INFO | ris.AdvancedExperiments | 
>>> Testing with 3-bit quantization...
2026-09-08 15:56:56,138 | INFO | ris.main | ============================================================
2026-09-08 15:56:56,139 | INFO | ris.main | BASELINE EVALUATION
2026-09-08 15:56:56,140 | INFO | ris.main | ============================================================
2026-09-08 15:56:56,141 | INFO | ris.main | Evaluating: No RIS (direct link)
2026-09-08 15:56:56,143 | INFO | ris.main |   SNR: 1.43 dB
2026-09-08 15:56:56,144 | INFO | ris.main |   Rate: 1.26 bps/Hz
2026-09-08 15:56:56,144 | INFO | ris.main | 
Evaluating: Random RIS
2026-09-08 15:56:56,148 | INFO | ris.main |   SNR: 1.62 dB
2026-09-08 15:56:56,149 | INFO | ris.main |   Rate: 1.29 bps/Hz
2026-09-08 15:56:56,150 | INFO | ris.main | 
Evaluating: Optimal (Genie-aided)
2026-09-08 15:56:56,157 | INFO | ris.main |   SNR: 8.17 dB
2026-09-08 15:56:56,160 | INFO | ris.main |   Rate: 2.92 bps/Hz
2026-09-08 15:56:56,163 | INFO | ris.main | ============================================================
2026-09-08 15:56:56,164 | INFO | ris.main | FEDERATED LEARNING TRAINING
2026-09-08 15:56:56,165 | INFO | ris.main | ============================================================
2026-09-08 15:56:56,166 | INFO | ris.main | ============================================================
2026-09-08 15:56:56,166 | INFO | ris.main | MODEL INITIALIZATION
2026-09-08 15:56:56,167 | INFO | ris.main | ============================================================
2026-09-08 15:56:56,181 | INFO | ris.main | [OK] Global model (GNN) created
2026-09-08 15:56:56,183 | INFO | ris.main |   Total parameters: 315,906
2026-09-08 15:56:56,184 | INFO | ris.main |   Model size (FP32): 1234.01 KB
2026-09-08 15:56:56,185 | INFO | ris.main |   Model size (INT8 for FL comm): 308.50 KB
2026-09-08 15:56:56,186 | INFO | ris.main |   Expected comm per round: 2468.02 KB (= 315906 B x 2 x 4 tiles)
2026-09-08 15:56:56,186 | INFO | ris.main |   Expected total comm (4 rounds): 9872.06 KB = 9.64 MB
2026-09-08 15:56:56,247 | INFO | ris.main | [OK] Created 4 RIS tile clients
2026-09-08 15:56:56,249 | INFO | ris.main | 
Starting Federated Learning for 4 rounds...
2026-09-08 15:56:56,250 | INFO | ris.main | Local epochs per round: 1
2026-09-08 15:56:58,797 | INFO | ris.main | [Evaluation] Testing global model...
2026-09-08 15:56:59,513 | INFO | ris.main |   Test Loss: 1.016939
2026-09-08 15:56:59,515 | INFO | ris.main |   Phase Error: 0.7132 rad (40.86Â°)
2026-09-08 15:56:59,516 | INFO | ris.main |   SNR (Optimized): 6.62 dB
2026-09-08 15:56:59,517 | INFO | ris.main |   SNR Gain: 5.20 dB
2026-09-08 15:57:05,910 | INFO | ris.main | [Evaluation] Testing global model...
2026-09-08 15:57:06,532 | INFO | ris.main |   Test Loss: 0.945019
2026-09-08 15:57:06,533 | INFO | ris.main |   Phase Error: 0.6605 rad (37.84Â°)
2026-09-08 15:57:06,535 | INFO | ris.main |   SNR (Optimized): 6.71 dB
2026-09-08 15:57:06,536 | INFO | ris.main |   SNR Gain: 5.29 dB
2026-09-08 15:57:06,536 | INFO | ris.main | ============================================================
2026-09-08 15:57:06,537 | INFO | ris.main | TRAINING COMPLETE
2026-09-08 15:57:06,538 | INFO | ris.main | ============================================================
2026-09-08 15:57:06,539 | INFO | ris.main | 
  Communication check:
2026-09-08 15:57:06,539 | INFO | ris.main |     Model parameters: 315,906
2026-09-08 15:57:06,540 | INFO | ris.main |     Expected total: 9.64 MB
2026-09-08 15:57:06,541 | INFO | ris.main |     Actual total:   9.64 MB
2026-09-08 15:57:07,339 | INFO | ris.AdvancedExperiments |   Phase Error: 37.84Â°
2026-09-08 15:57:07,340 | INFO | ris.AdvancedExperiments |   SNR: 7.29 dB
2026-09-08 15:57:07,341 | INFO | ris.AdvancedExperiments | 
>>> Testing with continuous-bit quantization...
2026-09-08 15:57:12,345 | INFO | ris.main | ============================================================
2026-09-08 15:57:12,346 | INFO | ris.main | BASELINE EVALUATION
2026-09-08 15:57:12,347 | INFO | ris.main | ============================================================
2026-09-08 15:57:12,348 | INFO | ris.main | Evaluating: No RIS (direct link)
2026-09-08 15:57:12,349 | INFO | ris.main |   SNR: 2.52 dB
2026-09-08 15:57:12,350 | INFO | ris.main |   Rate: 1.48 bps/Hz
2026-09-08 15:57:12,351 | INFO | ris.main | 
Evaluating: Random RIS
2026-09-08 15:57:12,355 | INFO | ris.main |   SNR: 2.95 dB
2026-09-08 15:57:12,356 | INFO | ris.main |   Rate: 1.57 bps/Hz
2026-09-08 15:57:12,357 | INFO | ris.main | 
Evaluating: Optimal (Genie-aided)
2026-09-08 15:57:12,366 | INFO | ris.main |   SNR: 8.06 dB
2026-09-08 15:57:12,367 | INFO | ris.main |   Rate: 2.89 bps/Hz
2026-09-08 15:57:12,368 | INFO | ris.main | ============================================================
2026-09-08 15:57:12,369 | INFO | ris.main | FEDERATED LEARNING TRAINING
2026-09-08 15:57:12,370 | INFO | ris.main | ============================================================
2026-09-08 15:57:12,371 | INFO | ris.main | ============================================================
2026-09-08 15:57:12,373 | INFO | ris.main | MODEL INITIALIZATION
2026-09-08 15:57:12,373 | INFO | ris.main | ============================================================
2026-09-08 15:57:12,386 | INFO | ris.main | [OK] Global model (GNN) created
2026-09-08 15:57:12,388 | INFO | ris.main |   Total parameters: 315,906
2026-09-08 15:57:12,389 | INFO | ris.main |   Model size (FP32): 1234.01 KB
2026-09-08 15:57:12,390 | INFO | ris.main |   Model size (INT8 for FL comm): 308.50 KB
2026-09-08 15:57:12,390 | INFO | ris.main |   Expected comm per round: 2468.02 KB (= 315906 B x 2 x 4 tiles)
2026-09-08 15:57:12,391 | INFO | ris.main |   Expected total comm (4 rounds): 9872.06 KB = 9.64 MB
2026-09-08 15:57:12,446 | INFO | ris.main | [OK] Created 4 RIS tile clients
2026-09-08 15:57:12,447 | INFO | ris.main | 
Starting Federated Learning for 4 rounds...
2026-09-08 15:57:12,448 | INFO | ris.main | Local epochs per round: 1
2026-09-08 15:57:14,560 | INFO | ris.main | [Evaluation] Testing global model...
2026-09-08 15:57:15,216 | INFO | ris.main |   Test Loss: 0.948598
2026-09-08 15:57:15,217 | INFO | ris.main |   Phase Error: 0.6589 rad (37.75Â°)
2026-09-08 15:57:15,218 | INFO | ris.main |   SNR (Optimized): 6.99 dB
2026-09-08 15:57:15,219 | INFO | ris.main |   SNR Gain: 4.47 dB
2026-09-08 15:57:20,837 | INFO | ris.main | [Evaluation] Testing global model...
2026-09-08 15:57:21,499 | INFO | ris.main |   Test Loss: 0.878877
2026-09-08 15:57:21,500 | INFO | ris.main |   Phase Error: 0.5865 rad (33.61Â°)
2026-09-08 15:57:21,501 | INFO | ris.main |   SNR (Optimized): 7.17 dB
2026-09-08 15:57:21,502 | INFO | ris.main |   SNR Gain: 4.65 dB
2026-09-08 15:57:21,503 | INFO | ris.main | ============================================================
2026-09-08 15:57:21,504 | INFO | ris.main | TRAINING COMPLETE
2026-09-08 15:57:21,504 | INFO | ris.main | ============================================================
2026-09-08 15:57:21,506 | INFO | ris.main | 
  Communication check:
2026-09-08 15:57:21,507 | INFO | ris.main |     Model parameters: 315,906
2026-09-08 15:57:21,507 | INFO | ris.main |     Expected total: 9.64 MB
2026-09-08 15:57:21,508 | INFO | ris.main |     Actual total:   9.64 MB
2026-09-08 15:57:22,333 | INFO | ris.AdvancedExperiments |   Phase Error: 33.61Â°
2026-09-08 15:57:22,334 | INFO | ris.AdvancedExperiments |   SNR: 7.08 dB
2026-09-08 15:57:22,390 | WARNING | ris.AdvancedExperiments |   quantization_levels: REDUCED RUN (4 rounds, 150 train samples). Not suitable for publication figures.
2026-09-08 15:57:22,391 | INFO | ris.AdvancedExperiments | 
[OK] Results saved to results/advanced_experiments/quantization_levels_results.json
2026-09-08 15:57:25,677 | INFO | ris.AdvancedExperiments | 
============================================================
2026-09-08 15:57:25,678 | INFO | ris.AdvancedExperiments | EXPERIMENT 3: Model Compression
2026-09-08 15:57:25,679 | INFO | ris.AdvancedExperiments | ============================================================
2026-09-08 15:57:25,680 | INFO | ris.AdvancedExperiments | 
>>> Testing with FP32 compression...
2026-09-08 15:57:30,561 | INFO | ris.main | ============================================================
2026-09-08 15:57:30,562 | INFO | ris.main | BASELINE EVALUATION
2026-09-08 15:57:30,563 | INFO | ris.main | ============================================================
2026-09-08 15:57:30,564 | INFO | ris.main | Evaluating: No RIS (direct link)
2026-09-08 15:57:30,565 | INFO | ris.main |   SNR: 2.21 dB
2026-09-08 15:57:30,566 | INFO | ris.main |   Rate: 1.41 bps/Hz
2026-09-08 15:57:30,567 | INFO | ris.main | 
Evaluating: Random RIS
2026-09-08 15:57:30,571 | INFO | ris.main |   SNR: 2.40 dB
2026-09-08 15:57:30,572 | INFO | ris.main |   Rate: 1.45 bps/Hz
2026-09-08 15:57:30,573 | INFO | ris.main | 
Evaluating: Optimal (Genie-aided)
2026-09-08 15:57:30,579 | INFO | ris.main |   SNR: 8.06 dB
2026-09-08 15:57:30,582 | INFO | ris.main |   Rate: 2.89 bps/Hz
2026-09-08 15:57:30,585 | INFO | ris.main | ============================================================
2026-09-08 15:57:30,586 | INFO | ris.main | FEDERATED LEARNING TRAINING
2026-09-08 15:57:30,587 | INFO | ris.main | ============================================================
2026-09-08 15:57:30,587 | INFO | ris.main | ============================================================
2026-09-08 15:57:30,588 | INFO | ris.main | MODEL INITIALIZATION
2026-09-08 15:57:30,589 | INFO | ris.main | ============================================================
2026-09-08 15:57:30,603 | INFO | ris.main | [OK] Global model (GNN) created
2026-09-08 15:57:30,605 | INFO | ris.main |   Total parameters: 315,906
2026-09-08 15:57:30,606 | INFO | ris.main |   Model size (FP32): 1234.01 KB
2026-09-08 15:57:30,607 | INFO | ris.main |   Model size (INT8 for FL comm): 308.50 KB
2026-09-08 15:57:30,608 | INFO | ris.main |   Expected comm per round: 2468.02 KB (= 315906 B x 2 x 4 tiles)
2026-09-08 15:57:30,609 | INFO | ris.main |   Expected total comm (4 rounds): 9872.06 KB = 9.64 MB
2026-09-08 15:57:30,676 | INFO | ris.main | [OK] Created 4 RIS tile clients
2026-09-08 15:57:30,677 | INFO | ris.main | 
Starting Federated Learning for 4 rounds...
2026-09-08 15:57:30,678 | INFO | ris.main | Local epochs per round: 1
2026-09-08 15:57:32,570 | INFO | ris.main | [Evaluation] Testing global model...
2026-09-08 15:57:33,249 | INFO | ris.main |   Test Loss: 1.127470
2026-09-08 15:57:33,250 | INFO | ris.main |   Phase Error: 0.7583 rad (43.45Â°)
2026-09-08 15:57:33,252 | INFO | ris.main |   SNR (Optimized): 6.70 dB
2026-09-08 15:57:33,252 | INFO | ris.main |   SNR Gain: 4.50 dB
2026-09-08 15:57:39,387 | INFO | ris.main | [Evaluation] Testing global model...
2026-09-08 15:57:40,083 | INFO | ris.main |   Test Loss: 0.899224
2026-09-08 15:57:40,084 | INFO | ris.main |   Phase Error: 0.5862 rad (33.59Â°)
2026-09-08 15:57:40,085 | INFO | ris.main |   SNR (Optimized): 6.92 dB
2026-09-08 15:57:40,085 | INFO | ris.main |   SNR Gain: 4.71 dB
2026-09-08 15:57:40,086 | INFO | ris.main | ============================================================
2026-09-08 15:57:40,087 | INFO | ris.main | TRAINING COMPLETE
2026-09-08 15:57:40,087 | INFO | ris.main | ============================================================
2026-09-08 15:57:40,089 | INFO | ris.main | 
  Communication check:
2026-09-08 15:57:40,089 | INFO | ris.main |     Model parameters: 315,906
2026-09-08 15:57:40,090 | INFO | ris.main |     Expected total: 9.64 MB
2026-09-08 15:57:40,091 | INFO | ris.main |     Actual total:   9.64 MB
2026-09-08 15:57:42,015 | INFO | ris.AdvancedExperiments |   Compressing model to 32-bit...
2026-09-08 15:57:42,983 | INFO | ris.AdvancedExperiments |   Communication: 9872.06 KB
2026-09-08 15:57:42,984 | INFO | ris.AdvancedExperiments |   Compression Ratio: 1.0x
2026-09-08 15:57:42,985 | INFO | ris.AdvancedExperiments |   Accuracy Loss: 0.060
2026-09-08 15:57:42,985 | INFO | ris.AdvancedExperiments | 
>>> Testing with FP16 compression...
2026-09-08 15:57:48,440 | INFO | ris.main | ============================================================
2026-09-08 15:57:48,444 | INFO | ris.main | BASELINE EVALUATION
2026-09-08 15:57:48,444 | INFO | ris.main | ============================================================
2026-09-08 15:57:48,445 | INFO | ris.main | Evaluating: No RIS (direct link)
2026-09-08 15:57:48,446 | INFO | ris.main |   SNR: 1.30 dB
2026-09-08 15:57:48,448 | INFO | ris.main |   Rate: 1.23 bps/Hz
2026-09-08 15:57:48,449 | INFO | ris.main | 
Evaluating: Random RIS
2026-09-08 15:57:48,452 | INFO | ris.main |   SNR: 1.37 dB
2026-09-08 15:57:48,453 | INFO | ris.main |   Rate: 1.25 bps/Hz
2026-09-08 15:57:48,454 | INFO | ris.main | 
Evaluating: Optimal (Genie-aided)
2026-09-08 15:57:48,458 | INFO | ris.main |   SNR: 7.84 dB
2026-09-08 15:57:48,459 | INFO | ris.main |   Rate: 2.82 bps/Hz
2026-09-08 15:57:48,460 | INFO | ris.main | ============================================================
2026-09-08 15:57:48,461 | INFO | ris.main | FEDERATED LEARNING TRAINING
2026-09-08 15:57:48,462 | INFO | ris.main | ============================================================
2026-09-08 15:57:48,463 | INFO | ris.main | ============================================================
2026-09-08 15:57:48,463 | INFO | ris.main | MODEL INITIALIZATION
2026-09-08 15:57:48,464 | INFO | ris.main | ============================================================
2026-09-08 15:57:48,478 | INFO | ris.main | [OK] Global model (GNN) created
2026-09-08 15:57:48,479 | INFO | ris.main |   Total parameters: 315,906
2026-09-08 15:57:48,480 | INFO | ris.main |   Model size (FP32): 1234.01 KB
2026-09-08 15:57:48,481 | INFO | ris.main |   Model size (INT8 for FL comm): 308.50 KB
2026-09-08 15:57:48,482 | INFO | ris.main |   Expected comm per round: 2468.02 KB (= 315906 B x 2 x 4 tiles)
2026-09-08 15:57:48,483 | INFO | ris.main |   Expected total comm (4 rounds): 9872.06 KB = 9.64 MB
2026-09-08 15:57:48,541 | INFO | ris.main | [OK] Created 4 RIS tile clients
2026-09-08 15:57:48,542 | INFO | ris.main | 
Starting Federated Learning for 4 rounds...
2026-09-08 15:57:48,543 | INFO | ris.main | Local epochs per round: 1
2026-09-08 15:57:50,474 | INFO | ris.main | [Evaluation] Testing global model...
2026-09-08 15:57:51,242 | INFO | ris.main |   Test Loss: 1.176568
2026-09-08 15:57:51,243 | INFO | ris.main |   Phase Error: 0.7507 rad (43.01Â°)
2026-09-08 15:57:51,244 | INFO | ris.main |   SNR (Optimized): 6.41 dB
2026-09-08 15:57:51,245 | INFO | ris.main |   SNR Gain: 5.11 dB
2026-09-08 15:57:57,123 | INFO | ris.main | [Evaluation] Testing global model...
2026-09-08 15:57:57,721 | INFO | ris.main |   Test Loss: 1.010810
2026-09-08 15:57:57,722 | INFO | ris.main |   Phase Error: 0.6367 rad (36.48Â°)
2026-09-08 15:57:57,723 | INFO | ris.main |   SNR (Optimized): 6.59 dB
2026-09-08 15:57:57,724 | INFO | ris.main |   SNR Gain: 5.30 dB
2026-09-08 15:57:57,724 | INFO | ris.main | ============================================================
2026-09-08 15:57:57,725 | INFO | ris.main | TRAINING COMPLETE
2026-09-08 15:57:57,726 | INFO | ris.main | ============================================================
2026-09-08 15:57:57,727 | INFO | ris.main | 
  Communication check:
2026-09-08 15:57:57,727 | INFO | ris.main |     Model parameters: 315,906
2026-09-08 15:57:57,728 | INFO | ris.main |     Expected total: 9.64 MB
2026-09-08 15:57:57,729 | INFO | ris.main |     Actual total:   9.64 MB
2026-09-08 15:57:59,003 | INFO | ris.AdvancedExperiments |   Compressing model to 16-bit...
2026-09-08 15:58:00,013 | INFO | ris.AdvancedExperiments |   Communication: 4936.03 KB
2026-09-08 15:58:00,014 | INFO | ris.AdvancedExperiments |   Compression Ratio: 2.0x
2026-09-08 15:58:00,015 | INFO | ris.AdvancedExperiments |   Accuracy Loss: -0.001
2026-09-08 15:58:00,016 | INFO | ris.AdvancedExperiments | 
>>> Testing with INT8 compression...
2026-09-08 15:58:05,318 | INFO | ris.main | ============================================================
2026-09-08 15:58:05,320 | INFO | ris.main | BASELINE EVALUATION
2026-09-08 15:58:05,321 | INFO | ris.main | ============================================================
2026-09-08 15:58:05,322 | INFO | ris.main | Evaluating: No RIS (direct link)
2026-09-08 15:58:05,323 | INFO | ris.main |   SNR: 1.74 dB
2026-09-08 15:58:05,324 | INFO | ris.main |   Rate: 1.32 bps/Hz
2026-09-08 15:58:05,325 | INFO | ris.main | 
Evaluating: Random RIS
2026-09-08 15:58:05,329 | INFO | ris.main |   SNR: 2.02 dB
2026-09-08 15:58:05,330 | INFO | ris.main |   Rate: 1.38 bps/Hz
2026-09-08 15:58:05,331 | INFO | ris.main | 
Evaluating: Optimal (Genie-aided)
2026-09-08 15:58:05,337 | INFO | ris.main |   SNR: 8.04 dB
2026-09-08 15:58:05,338 | INFO | ris.main |   Rate: 2.88 bps/Hz
2026-09-08 15:58:05,338 | INFO | ris.main | ============================================================
2026-09-08 15:58:05,339 | INFO | ris.main | FEDERATED LEARNING TRAINING
2026-09-08 15:58:05,340 | INFO | ris.main | ============================================================
2026-09-08 15:58:05,341 | INFO | ris.main | ============================================================
2026-09-08 15:58:05,342 | INFO | ris.main | MODEL INITIALIZATION
2026-09-08 15:58:05,343 | INFO | ris.main | ============================================================
2026-09-08 15:58:05,356 | INFO | ris.main | [OK] Global model (GNN) created
2026-09-08 15:58:05,358 | INFO | ris.main |   Total parameters: 315,906
2026-09-08 15:58:05,359 | INFO | ris.main |   Model size (FP32): 1234.01 KB
2026-09-08 15:58:05,360 | INFO | ris.main |   Model size (INT8 for FL comm): 308.50 KB
2026-09-08 15:58:05,361 | INFO | ris.main |   Expected comm per round: 2468.02 KB (= 315906 B x 2 x 4 tiles)
2026-09-08 15:58:05,362 | INFO | ris.main |   Expected total comm (4 rounds): 9872.06 KB = 9.64 MB
2026-09-08 15:58:05,427 | INFO | ris.main | [OK] Created 4 RIS tile clients
2026-09-08 15:58:05,428 | INFO | ris.main | 
Starting Federated Learning for 4 rounds...
2026-09-08 15:58:05,429 | INFO | ris.main | Local epochs per round: 1
2026-09-08 15:58:07,283 | INFO | ris.main | [Evaluation] Testing global model...
2026-09-08 15:58:08,049 | INFO | ris.main |   Test Loss: 1.117507
2026-09-08 15:58:08,051 | INFO | ris.main |   Phase Error: 0.7442 rad (42.64Â°)
2026-09-08 15:58:08,052 | INFO | ris.main |   SNR (Optimized): 6.94 dB
2026-09-08 15:58:08,052 | INFO | ris.main |   SNR Gain: 5.19 dB
2026-09-08 15:58:13,866 | INFO | ris.main | [Evaluation] Testing global model...
2026-09-08 15:58:14,474 | INFO | ris.main |   Test Loss: 0.885228
2026-09-08 15:58:14,475 | INFO | ris.main |   Phase Error: 0.5780 rad (33.12Â°)
2026-09-08 15:58:14,476 | INFO | ris.main |   SNR (Optimized): 7.17 dB
2026-09-08 15:58:14,476 | INFO | ris.main |   SNR Gain: 5.43 dB
2026-09-08 15:58:14,477 | INFO | ris.main | ============================================================
2026-09-08 15:58:14,478 | INFO | ris.main | TRAINING COMPLETE
2026-09-08 15:58:14,478 | INFO | ris.main | ============================================================
2026-09-08 15:58:14,479 | INFO | ris.main | 
  Communication check:
2026-09-08 15:58:14,480 | INFO | ris.main |     Model parameters: 315,906
2026-09-08 15:58:14,481 | INFO | ris.main |     Expected total: 9.64 MB
2026-09-08 15:58:14,481 | INFO | ris.main |     Actual total:   9.64 MB
2026-09-08 15:58:16,246 | INFO | ris.AdvancedExperiments |   Compressing model to 8-bit...
2026-09-08 15:58:17,210 | INFO | ris.AdvancedExperiments |   Communication: 2468.02 KB
2026-09-08 15:58:17,211 | INFO | ris.AdvancedExperiments |   Compression Ratio: 4.0x
2026-09-08 15:58:17,212 | INFO | ris.AdvancedExperiments |   Accuracy Loss: -0.029
2026-09-08 15:58:17,270 | WARNING | ris.AdvancedExperiments |   model_compression: REDUCED RUN (4 rounds, 150 train samples). Not suitable for publication figures.
2026-09-08 15:58:17,271 | INFO | ris.AdvancedExperiments | 
[OK] Results saved to results/advanced_experiments/model_compression_results.json
2026-09-08 15:58:20,709 | INFO | ris.AdvancedExperiments | 
============================================================
2026-09-08 15:58:20,710 | INFO | ris.AdvancedExperiments | EXPERIMENT 4: User Mobility
2026-09-08 15:58:20,710 | INFO | ris.AdvancedExperiments | ============================================================
2026-09-08 15:58:20,711 | INFO | ris.AdvancedExperiments | 
>>> Testing with Static mobility (0.0 m/s)...
2026-09-08 15:58:26,026 | INFO | ris.main | ============================================================
2026-09-08 15:58:26,027 | INFO | ris.main | BASELINE EVALUATION
2026-09-08 15:58:26,028 | INFO | ris.main | ============================================================
2026-09-08 15:58:26,028 | INFO | ris.main | Evaluating: No RIS (direct link)
2026-09-08 15:58:26,030 | INFO | ris.main |   SNR: 3.68 dB
2026-09-08 15:58:26,031 | INFO | ris.main |   Rate: 1.74 bps/Hz
2026-09-08 15:58:26,031 | INFO | ris.main | 
Evaluating: Random RIS
2026-09-08 15:58:26,035 | INFO | ris.main |   SNR: 4.22 dB
2026-09-08 15:58:26,037 | INFO | ris.main |   Rate: 1.86 bps/Hz
2026-09-08 15:58:26,038 | INFO | ris.main | 
Evaluating: Optimal (Genie-aided)
2026-09-08 15:58:26,043 | INFO | ris.main |   SNR: 9.12 dB
2026-09-08 15:58:26,045 | INFO | ris.main |   Rate: 3.19 bps/Hz
2026-09-08 15:58:26,046 | INFO | ris.main | ============================================================
2026-09-08 15:58:26,047 | INFO | ris.main | FEDERATED LEARNING TRAINING
2026-09-08 15:58:26,048 | INFO | ris.main | ============================================================
2026-09-08 15:58:26,048 | INFO | ris.main | ============================================================
2026-09-08 15:58:26,049 | INFO | ris.main | MODEL INITIALIZATION
2026-09-08 15:58:26,050 | INFO | ris.main | ============================================================
2026-09-08 15:58:26,062 | INFO | ris.main | [OK] Global model (GNN) created
2026-09-08 15:58:26,063 | INFO | ris.main |   Total parameters: 315,906
2026-09-08 15:58:26,064 | INFO | ris.main |   Model size (FP32): 1234.01 KB
2026-09-08 15:58:26,065 | INFO | ris.main |   Model size (INT8 for FL comm): 308.50 KB
2026-09-08 15:58:26,066 | INFO | ris.main |   Expected comm per round: 2468.02 KB (= 315906 B x 2 x 4 tiles)
2026-09-08 15:58:26,067 | INFO | ris.main |   Expected total comm (4 rounds): 9872.06 KB = 9.64 MB
2026-09-08 15:58:26,146 | INFO | ris.main | [OK] Created 4 RIS tile clients
2026-09-08 15:58:26,147 | INFO | ris.main | 
Starting Federated Learning for 4 rounds...
2026-09-08 15:58:26,148 | INFO | ris.main | Local epochs per round: 1
2026-09-08 15:58:28,243 | INFO | ris.main | [Evaluation] Testing global model...
2026-09-08 15:58:28,894 | INFO | ris.main |   Test Loss: 1.092305
2026-09-08 15:58:28,895 | INFO | ris.main |   Phase Error: 0.7381 rad (42.29Â°)
2026-09-08 15:58:28,895 | INFO | ris.main |   SNR (Optimized): 8.09 dB
2026-09-08 15:58:28,896 | INFO | ris.main |   SNR Gain: 4.41 dB
2026-09-08 15:58:34,463 | INFO | ris.main | [Evaluation] Testing global model...
2026-09-08 15:58:35,175 | INFO | ris.main |   Test Loss: 0.906895
2026-09-08 15:58:35,176 | INFO | ris.main |   Phase Error: 0.5954 rad (34.12Â°)
2026-09-08 15:58:35,178 | INFO | ris.main |   SNR (Optimized): 8.32 dB
2026-09-08 15:58:35,179 | INFO | ris.main |   SNR Gain: 4.64 dB
2026-09-08 15:58:35,179 | INFO | ris.main | ============================================================
2026-09-08 15:58:35,180 | INFO | ris.main | TRAINING COMPLETE
2026-09-08 15:58:35,181 | INFO | ris.main | ============================================================
2026-09-08 15:58:35,182 | INFO | ris.main | 
  Communication check:
2026-09-08 15:58:35,183 | INFO | ris.main |     Model parameters: 315,906
2026-09-08 15:58:35,184 | INFO | ris.main |     Expected total: 9.64 MB
2026-09-08 15:58:35,184 | INFO | ris.main |     Actual total:   9.64 MB
2026-09-08 15:58:36,133 | INFO | ris.AdvancedExperiments |   Tracking Error: 0.000 m
2026-09-08 15:58:36,135 | INFO | ris.AdvancedExperiments |   Adaptation Time: 0.00 rounds
2026-09-08 15:58:36,135 | INFO | ris.AdvancedExperiments | 
>>> Testing with Pedestrian mobility (0.5 m/s)...
2026-09-08 15:58:41,733 | INFO | ris.main | ============================================================
2026-09-08 15:58:41,735 | INFO | ris.main | BASELINE EVALUATION
2026-09-08 15:58:41,736 | INFO | ris.main | ============================================================
2026-09-08 15:58:41,737 | INFO | ris.main | Evaluating: No RIS (direct link)
2026-09-08 15:58:41,738 | INFO | ris.main |   SNR: 2.19 dB
2026-09-08 15:58:41,739 | INFO | ris.main |   Rate: 1.41 bps/Hz
2026-09-08 15:58:41,740 | INFO | ris.main | 
Evaluating: Random RIS
2026-09-08 15:58:41,744 | INFO | ris.main |   SNR: 2.31 dB
2026-09-08 15:58:41,745 | INFO | ris.main |   Rate: 1.43 bps/Hz
2026-09-08 15:58:41,746 | INFO | ris.main | 
Evaluating: Optimal (Genie-aided)
2026-09-08 15:58:41,751 | INFO | ris.main |   SNR: 8.39 dB
2026-09-08 15:58:41,752 | INFO | ris.main |   Rate: 2.98 bps/Hz
2026-09-08 15:58:41,753 | INFO | ris.main | ============================================================
2026-09-08 15:58:41,753 | INFO | ris.main | FEDERATED LEARNING TRAINING
2026-09-08 15:58:41,755 | INFO | ris.main | ============================================================
2026-09-08 15:58:41,756 | INFO | ris.main | ============================================================
2026-09-08 15:58:41,757 | INFO | ris.main | MODEL INITIALIZATION
2026-09-08 15:58:41,758 | INFO | ris.main | ============================================================
2026-09-08 15:58:41,771 | INFO | ris.main | [OK] Global model (GNN) created
2026-09-08 15:58:41,773 | INFO | ris.main |   Total parameters: 315,906
2026-09-08 15:58:41,774 | INFO | ris.main |   Model size (FP32): 1234.01 KB
2026-09-08 15:58:41,774 | INFO | ris.main |   Model size (INT8 for FL comm): 308.50 KB
2026-09-08 15:58:41,775 | INFO | ris.main |   Expected comm per round: 2468.02 KB (= 315906 B x 2 x 4 tiles)
2026-09-08 15:58:41,776 | INFO | ris.main |   Expected total comm (4 rounds): 9872.06 KB = 9.64 MB
2026-09-08 15:58:41,835 | INFO | ris.main | [OK] Created 4 RIS tile clients
2026-09-08 15:58:41,836 | INFO | ris.main | 
Starting Federated Learning for 4 rounds...
2026-09-08 15:58:41,838 | INFO | ris.main | Local epochs per round: 1
2026-09-08 15:58:43,888 | INFO | ris.main | [Evaluation] Testing global model...
2026-09-08 15:58:44,513 | INFO | ris.main |   Test Loss: 1.399822
2026-09-08 15:58:44,514 | INFO | ris.main |   Phase Error: 0.9768 rad (55.97Â°)
2026-09-08 15:58:44,516 | INFO | ris.main |   SNR (Optimized): 6.95 dB
2026-09-08 15:58:44,517 | INFO | ris.main |   SNR Gain: 4.76 dB
2026-09-08 15:58:50,115 | INFO | ris.main | [Evaluation] Testing global model...
2026-09-08 15:58:50,809 | INFO | ris.main |   Test Loss: 0.904484
2026-09-08 15:58:50,811 | INFO | ris.main |   Phase Error: 0.6031 rad (34.55Â°)
2026-09-08 15:58:50,812 | INFO | ris.main |   SNR (Optimized): 7.32 dB
2026-09-08 15:58:50,813 | INFO | ris.main |   SNR Gain: 5.12 dB
2026-09-08 15:58:50,814 | INFO | ris.main | ============================================================
2026-09-08 15:58:50,815 | INFO | ris.main | TRAINING COMPLETE
2026-09-08 15:58:50,815 | INFO | ris.main | ============================================================
2026-09-08 15:58:50,817 | INFO | ris.main | 
  Communication check:
2026-09-08 15:58:50,817 | INFO | ris.main |     Model parameters: 315,906
2026-09-08 15:58:50,818 | INFO | ris.main |     Expected total: 9.64 MB
2026-09-08 15:58:50,819 | INFO | ris.main |     Actual total:   9.64 MB
2026-09-08 15:58:51,766 | INFO | ris.AdvancedExperiments |   Simulating mobility: 0.5 m/s...
2026-09-08 15:58:56,718 | INFO | ris.AdvancedExperiments |   Tracking Error: 0.944 m
2026-09-08 15:58:56,719 | INFO | ris.AdvancedExperiments |   Adaptation Time: 6.00 rounds
2026-09-08 15:58:56,720 | INFO | ris.AdvancedExperiments | 
>>> Testing with Cycling mobility (1.5 m/s)...
2026-09-08 15:59:01,624 | INFO | ris.main | ============================================================
2026-09-08 15:59:01,626 | INFO | ris.main | BASELINE EVALUATION
2026-09-08 15:59:01,627 | INFO | ris.main | ============================================================
2026-09-08 15:59:01,628 | INFO | ris.main | Evaluating: No RIS (direct link)
2026-09-08 15:59:01,629 | INFO | ris.main |   SNR: 2.95 dB
2026-09-08 15:59:01,630 | INFO | ris.main |   Rate: 1.57 bps/Hz
2026-09-08 15:59:01,631 | INFO | ris.main | 
Evaluating: Random RIS
2026-09-08 15:59:01,635 | INFO | ris.main |   SNR: 3.10 dB
2026-09-08 15:59:01,636 | INFO | ris.main |   Rate: 1.60 bps/Hz
2026-09-08 15:59:01,636 | INFO | ris.main | 
Evaluating: Optimal (Genie-aided)
2026-09-08 15:59:01,641 | INFO | ris.main |   SNR: 8.57 dB
2026-09-08 15:59:01,643 | INFO | ris.main |   Rate: 3.04 bps/Hz
2026-09-08 15:59:01,644 | INFO | ris.main | ============================================================
2026-09-08 15:59:01,645 | INFO | ris.main | FEDERATED LEARNING TRAINING
2026-09-08 15:59:01,649 | INFO | ris.main | ============================================================
2026-09-08 15:59:01,650 | INFO | ris.main | ============================================================
2026-09-08 15:59:01,651 | INFO | ris.main | MODEL INITIALIZATION
2026-09-08 15:59:01,652 | INFO | ris.main | ============================================================
2026-09-08 15:59:01,667 | INFO | ris.main | [OK] Global model (GNN) created
2026-09-08 15:59:01,669 | INFO | ris.main |   Total parameters: 315,906
2026-09-08 15:59:01,670 | INFO | ris.main |   Model size (FP32): 1234.01 KB
2026-09-08 15:59:01,671 | INFO | ris.main |   Model size (INT8 for FL comm): 308.50 KB
2026-09-08 15:59:01,672 | INFO | ris.main |   Expected comm per round: 2468.02 KB (= 315906 B x 2 x 4 tiles)
2026-09-08 15:59:01,673 | INFO | ris.main |   Expected total comm (4 rounds): 9872.06 KB = 9.64 MB
2026-09-08 15:59:01,732 | INFO | ris.main | [OK] Created 4 RIS tile clients
2026-09-08 15:59:01,733 | INFO | ris.main | 
Starting Federated Learning for 4 rounds...
2026-09-08 15:59:01,734 | INFO | ris.main | Local epochs per round: 1
2026-09-08 15:59:03,114 | INFO | ris.main | [Evaluation] Testing global model...
2026-09-08 15:59:03,754 | INFO | ris.main |   Test Loss: 2.091388
2026-09-08 15:59:03,755 | INFO | ris.main |   Phase Error: 1.1400 rad (65.32Â°)
2026-09-08 15:59:03,756 | INFO | ris.main |   SNR (Optimized): 6.12 dB
2026-09-08 15:59:03,757 | INFO | ris.main |   SNR Gain: 3.16 dB
2026-09-08 15:59:09,702 | INFO | ris.main | [Evaluation] Testing global model...
2026-09-08 15:59:10,342 | INFO | ris.main |   Test Loss: 1.069435
2026-09-08 15:59:10,343 | INFO | ris.main |   Phase Error: 0.6752 rad (38.68Â°)
2026-09-08 15:59:10,344 | INFO | ris.main |   SNR (Optimized): 7.41 dB
2026-09-08 15:59:10,345 | INFO | ris.main |   SNR Gain: 4.46 dB
2026-09-08 15:59:10,346 | INFO | ris.main | ============================================================
2026-09-08 15:59:10,346 | INFO | ris.main | TRAINING COMPLETE
2026-09-08 15:59:10,347 | INFO | ris.main | ============================================================
2026-09-08 15:59:10,348 | INFO | ris.main | 
  Communication check:
2026-09-08 15:59:10,348 | INFO | ris.main |     Model parameters: 315,906
2026-09-08 15:59:10,349 | INFO | ris.main |     Expected total: 9.64 MB
2026-09-08 15:59:10,350 | INFO | ris.main |     Actual total:   9.64 MB
2026-09-08 15:59:11,236 | INFO | ris.AdvancedExperiments |   Simulating mobility: 1.5 m/s...
2026-09-08 15:59:12,986 | INFO | ris.AdvancedExperiments |   Tracking Error: 0.915 m
2026-09-08 15:59:12,988 | INFO | ris.AdvancedExperiments |   Adaptation Time: 8.00 rounds
2026-09-08 15:59:12,988 | INFO | ris.AdvancedExperiments | 
>>> Testing with Vehicle mobility (3.0 m/s)...
2026-09-08 15:59:18,363 | INFO | ris.main | ============================================================
2026-09-08 15:59:18,365 | INFO | ris.main | BASELINE EVALUATION
2026-09-08 15:59:18,366 | INFO | ris.main | ============================================================
2026-09-08 15:59:18,366 | INFO | ris.main | Evaluating: No RIS (direct link)
2026-09-08 15:59:18,368 | INFO | ris.main |   SNR: 3.50 dB
2026-09-08 15:59:18,369 | INFO | ris.main |   Rate: 1.69 bps/Hz
2026-09-08 15:59:18,369 | INFO | ris.main | 
Evaluating: Random RIS
2026-09-08 15:59:18,376 | INFO | ris.main |   SNR: 3.39 dB
2026-09-08 15:59:18,377 | INFO | ris.main |   Rate: 1.67 bps/Hz
2026-09-08 15:59:18,378 | INFO | ris.main | 
Evaluating: Optimal (Genie-aided)
2026-09-08 15:59:18,382 | INFO | ris.main |   SNR: 9.10 dB
2026-09-08 15:59:18,383 | INFO | ris.main |   Rate: 3.19 bps/Hz
2026-09-08 15:59:18,384 | INFO | ris.main | ============================================================
2026-09-08 15:59:18,385 | INFO | ris.main | FEDERATED LEARNING TRAINING
2026-09-08 15:59:18,386 | INFO | ris.main | ============================================================
2026-09-08 15:59:18,386 | INFO | ris.main | ============================================================
2026-09-08 15:59:18,387 | INFO | ris.main | MODEL INITIALIZATION
2026-09-08 15:59:18,388 | INFO | ris.main | ============================================================
2026-09-08 15:59:18,401 | INFO | ris.main | [OK] Global model (GNN) created
2026-09-08 15:59:18,403 | INFO | ris.main |   Total parameters: 315,906
2026-09-08 15:59:18,404 | INFO | ris.main |   Model size (FP32): 1234.01 KB
2026-09-08 15:59:18,404 | INFO | ris.main |   Model size (INT8 for FL comm): 308.50 KB
2026-09-08 15:59:18,405 | INFO | ris.main |   Expected comm per round: 2468.02 KB (= 315906 B x 2 x 4 tiles)
2026-09-08 15:59:18,406 | INFO | ris.main |   Expected total comm (4 rounds): 9872.06 KB = 9.64 MB
2026-09-08 15:59:18,460 | INFO | ris.main | [OK] Created 4 RIS tile clients
2026-09-08 15:59:18,461 | INFO | ris.main | 
Starting Federated Learning for 4 rounds...
2026-09-08 15:59:18,462 | INFO | ris.main | Local epochs per round: 1
2026-09-08 15:59:20,373 | INFO | ris.main | [Evaluation] Testing global model...
2026-09-08 15:59:21,012 | INFO | ris.main |   Test Loss: 1.009909
2026-09-08 15:59:21,013 | INFO | ris.main |   Phase Error: 0.6829 rad (39.13Â°)
2026-09-08 15:59:21,014 | INFO | ris.main |   SNR (Optimized): 8.25 dB
2026-09-08 15:59:21,015 | INFO | ris.main |   SNR Gain: 4.76 dB
2026-09-08 15:59:27,134 | INFO | ris.main | [Evaluation] Testing global model...
2026-09-08 15:59:27,870 | INFO | ris.main |   Test Loss: 0.914200
2026-09-08 15:59:27,872 | INFO | ris.main |   Phase Error: 0.6029 rad (34.54Â°)
2026-09-08 15:59:27,873 | INFO | ris.main |   SNR (Optimized): 8.37 dB
2026-09-08 15:59:27,873 | INFO | ris.main |   SNR Gain: 4.87 dB
2026-09-08 15:59:27,874 | INFO | ris.main | ============================================================
2026-09-08 15:59:27,875 | INFO | ris.main | TRAINING COMPLETE
2026-09-08 15:59:27,875 | INFO | ris.main | ============================================================
2026-09-08 15:59:27,876 | INFO | ris.main | 
  Communication check:
2026-09-08 15:59:27,877 | INFO | ris.main |     Model parameters: 315,906
2026-09-08 15:59:27,878 | INFO | ris.main |     Expected total: 9.64 MB
2026-09-08 15:59:27,879 | INFO | ris.main |     Actual total:   9.64 MB
2026-09-08 15:59:28,971 | INFO | ris.AdvancedExperiments |   Simulating mobility: 3.0 m/s...
2026-09-08 15:59:31,506 | INFO | ris.AdvancedExperiments |   Tracking Error: 0.940 m
2026-09-08 15:59:31,508 | INFO | ris.AdvancedExperiments |   Adaptation Time: 11.00 rounds
2026-09-08 15:59:31,573 | WARNING | ris.AdvancedExperiments |   user_mobility: REDUCED RUN (4 rounds, 150 train samples). Not suitable for publication figures.
2026-09-08 15:59:31,574 | INFO | ris.AdvancedExperiments | 
[OK] Results saved to results/advanced_experiments/user_mobility_results.json
2026-09-08 15:59:36,389 | INFO | ris.AdvancedExperiments | 
============================================================
2026-09-08 15:59:36,391 | INFO | ris.AdvancedExperiments | EXPERIMENT 5: Non-IID Heterogeneity
2026-09-08 15:59:36,392 | INFO | ris.AdvancedExperiments | ============================================================
2026-09-08 15:59:36,392 | INFO | ris.AdvancedExperiments | 
>>> Testing with Î± = 0.1 (lower = more non-IID)...
2026-09-08 15:59:41,799 | INFO | ris.main | ============================================================
2026-09-08 15:59:41,801 | INFO | ris.main | BASELINE EVALUATION
2026-09-08 15:59:41,806 | INFO | ris.main | ============================================================
2026-09-08 15:59:41,807 | INFO | ris.main | Evaluating: No RIS (direct link)
2026-09-08 15:59:41,809 | INFO | ris.main |   SNR: 2.58 dB
2026-09-08 15:59:41,810 | INFO | ris.main |   Rate: 1.49 bps/Hz
2026-09-08 15:59:41,811 | INFO | ris.main | 
Evaluating: Random RIS
2026-09-08 15:59:41,818 | INFO | ris.main |   SNR: 2.87 dB
2026-09-08 15:59:41,818 | INFO | ris.main |   Rate: 1.55 bps/Hz
2026-09-08 15:59:41,822 | INFO | ris.main | 
Evaluating: Optimal (Genie-aided)
2026-09-08 15:59:41,827 | INFO | ris.main |   SNR: 9.02 dB
2026-09-08 15:59:41,830 | INFO | ris.main |   Rate: 3.17 bps/Hz
2026-09-08 15:59:41,831 | INFO | ris.main | ============================================================
2026-09-08 15:59:41,838 | INFO | ris.main | FEDERATED LEARNING TRAINING
2026-09-08 15:59:41,839 | INFO | ris.main | ============================================================
2026-09-08 15:59:41,840 | INFO | ris.main | ============================================================
2026-09-08 15:59:41,842 | INFO | ris.main | MODEL INITIALIZATION
2026-09-08 15:59:41,842 | INFO | ris.main | ============================================================
2026-09-08 15:59:41,863 | INFO | ris.main | [OK] Global model (GNN) created
2026-09-08 15:59:41,868 | INFO | ris.main |   Total parameters: 315,906
2026-09-08 15:59:41,869 | INFO | ris.main |   Model size (FP32): 1234.01 KB
2026-09-08 15:59:41,871 | INFO | ris.main |   Model size (INT8 for FL comm): 308.50 KB
2026-09-08 15:59:41,872 | INFO | ris.main |   Expected comm per round: 2468.02 KB (= 315906 B x 2 x 4 tiles)
2026-09-08 15:59:41,872 | INFO | ris.main |   Expected total comm (4 rounds): 9872.06 KB = 9.64 MB
2026-09-08 15:59:41,916 | INFO | ris.main | [OK] Created 4 RIS tile clients
2026-09-08 15:59:41,917 | INFO | ris.main | 
Starting Federated Learning for 4 rounds...
2026-09-08 15:59:41,918 | INFO | ris.main | Local epochs per round: 1
2026-09-08 15:59:44,114 | INFO | ris.main | [Evaluation] Testing global model...
2026-09-08 15:59:44,976 | INFO | ris.main |   Test Loss: 1.218204
2026-09-08 15:59:44,978 | INFO | ris.main |   Phase Error: 0.8050 rad (46.12Â°)
2026-09-08 15:59:44,978 | INFO | ris.main |   SNR (Optimized): 7.68 dB
2026-09-08 15:59:44,979 | INFO | ris.main |   SNR Gain: 5.09 dB
2026-09-08 15:59:50,796 | INFO | ris.main | [Evaluation] Testing global model...
2026-09-08 15:59:51,493 | INFO | ris.main |   Test Loss: 0.897186
2026-09-08 15:59:51,494 | INFO | ris.main |   Phase Error: 0.5997 rad (34.36Â°)
2026-09-08 15:59:51,495 | INFO | ris.main |   SNR (Optimized): 7.93 dB
2026-09-08 15:59:51,496 | INFO | ris.main |   SNR Gain: 5.34 dB
2026-09-08 15:59:51,496 | INFO | ris.main | ============================================================
2026-09-08 15:59:51,497 | INFO | ris.main | TRAINING COMPLETE
2026-09-08 15:59:51,498 | INFO | ris.main | ============================================================
2026-09-08 15:59:51,499 | INFO | ris.main | 
  Communication check:
2026-09-08 15:59:51,500 | INFO | ris.main |     Model parameters: 315,906
2026-09-08 15:59:51,500 | INFO | ris.main |     Expected total: 9.64 MB
2026-09-08 15:59:51,501 | INFO | ris.main |     Actual total:   9.64 MB
2026-09-08 15:59:52,364 | INFO | ris.AdvancedExperiments |   Fairness Index: 0.540
2026-09-08 15:59:52,366 | INFO | ris.AdvancedExperiments |   Convergence: 4 rounds
2026-09-08 15:59:52,367 | INFO | ris.AdvancedExperiments | 
>>> Testing with Î± = 0.3 (lower = more non-IID)...
2026-09-08 15:59:58,380 | INFO | ris.main | ============================================================
2026-09-08 15:59:58,381 | INFO | ris.main | BASELINE EVALUATION
2026-09-08 15:59:58,385 | INFO | ris.main | ============================================================
2026-09-08 15:59:58,386 | INFO | ris.main | Evaluating: No RIS (direct link)
2026-09-08 15:59:58,388 | INFO | ris.main |   SNR: 2.62 dB
2026-09-08 15:59:58,388 | INFO | ris.main |   Rate: 1.50 bps/Hz
2026-09-08 15:59:58,390 | INFO | ris.main | 
Evaluating: Random RIS
2026-09-08 15:59:58,396 | INFO | ris.main |   SNR: 2.52 dB
2026-09-08 15:59:58,397 | INFO | ris.main |   Rate: 1.48 bps/Hz
2026-09-08 15:59:58,398 | INFO | ris.main | 
Evaluating: Optimal (Genie-aided)
2026-09-08 15:59:58,402 | INFO | ris.main |   SNR: 8.08 dB
2026-09-08 15:59:58,403 | INFO | ris.main |   Rate: 2.89 bps/Hz
2026-09-08 15:59:58,404 | INFO | ris.main | ============================================================
2026-09-08 15:59:58,404 | INFO | ris.main | FEDERATED LEARNING TRAINING
2026-09-08 15:59:58,405 | INFO | ris.main | ============================================================
2026-09-08 15:59:58,406 | INFO | ris.main | ============================================================
2026-09-08 15:59:58,407 | INFO | ris.main | MODEL INITIALIZATION
2026-09-08 15:59:58,407 | INFO | ris.main | ============================================================
2026-09-08 15:59:58,426 | INFO | ris.main | [OK] Global model (GNN) created
2026-09-08 15:59:58,428 | INFO | ris.main |   Total parameters: 315,906
2026-09-08 15:59:58,429 | INFO | ris.main |   Model size (FP32): 1234.01 KB
2026-09-08 15:59:58,430 | INFO | ris.main |   Model size (INT8 for FL comm): 308.50 KB
2026-09-08 15:59:58,431 | INFO | ris.main |   Expected comm per round: 2468.02 KB (= 315906 B x 2 x 4 tiles)
2026-09-08 15:59:58,432 | INFO | ris.main |   Expected total comm (4 rounds): 9872.06 KB = 9.64 MB
2026-09-08 15:59:58,502 | INFO | ris.main | [OK] Created 4 RIS tile clients
2026-09-08 15:59:58,504 | INFO | ris.main | 
Starting Federated Learning for 4 rounds...
2026-09-08 15:59:58,505 | INFO | ris.main | Local epochs per round: 1
2026-09-08 16:00:00,578 | INFO | ris.main | [Evaluation] Testing global model...
2026-09-08 16:00:01,239 | INFO | ris.main |   Test Loss: 0.953478
2026-09-08 16:00:01,241 | INFO | ris.main |   Phase Error: 0.6668 rad (38.21Â°)
2026-09-08 16:00:01,241 | INFO | ris.main |   SNR (Optimized): 7.11 dB
2026-09-08 16:00:01,242 | INFO | ris.main |   SNR Gain: 4.49 dB
2026-09-08 16:00:06,745 | INFO | ris.main | [Evaluation] Testing global model...
2026-09-08 16:00:07,389 | INFO | ris.main |   Test Loss: 0.855631
2026-09-08 16:00:07,390 | INFO | ris.main |   Phase Error: 0.5643 rad (32.33Â°)
2026-09-08 16:00:07,391 | INFO | ris.main |   SNR (Optimized): 7.29 dB
2026-09-08 16:00:07,391 | INFO | ris.main |   SNR Gain: 4.67 dB
2026-09-08 16:00:07,392 | INFO | ris.main | ============================================================
2026-09-08 16:00:07,393 | INFO | ris.main | TRAINING COMPLETE
2026-09-08 16:00:07,393 | INFO | ris.main | ============================================================
2026-09-08 16:00:07,394 | INFO | ris.main | 
  Communication check:
2026-09-08 16:00:07,395 | INFO | ris.main |     Model parameters: 315,906
2026-09-08 16:00:07,395 | INFO | ris.main |     Expected total: 9.64 MB
2026-09-08 16:00:07,396 | INFO | ris.main |     Actual total:   9.64 MB
2026-09-08 16:00:08,281 | INFO | ris.AdvancedExperiments |   Fairness Index: 0.620
2026-09-08 16:00:08,282 | INFO | ris.AdvancedExperiments |   Convergence: 4 rounds
2026-09-08 16:00:08,283 | INFO | ris.AdvancedExperiments | 
>>> Testing with Î± = 0.5 (lower = more non-IID)...
2026-09-08 16:00:14,053 | INFO | ris.main | ============================================================
2026-09-08 16:00:14,054 | INFO | ris.main | BASELINE EVALUATION
2026-09-08 16:00:14,055 | INFO | ris.main | ============================================================
2026-09-08 16:00:14,056 | INFO | ris.main | Evaluating: No RIS (direct link)
2026-09-08 16:00:14,058 | INFO | ris.main |   SNR: 1.74 dB
2026-09-08 16:00:14,059 | INFO | ris.main |   Rate: 1.32 bps/Hz
2026-09-08 16:00:14,059 | INFO | ris.main | 
Evaluating: Random RIS
2026-09-08 16:00:14,063 | INFO | ris.main |   SNR: 2.16 dB
2026-09-08 16:00:14,064 | INFO | ris.main |   Rate: 1.40 bps/Hz
2026-09-08 16:00:14,065 | INFO | ris.main | 
Evaluating: Optimal (Genie-aided)
2026-09-08 16:00:14,069 | INFO | ris.main |   SNR: 8.28 dB
2026-09-08 16:00:14,070 | INFO | ris.main |   Rate: 2.95 bps/Hz
2026-09-08 16:00:14,071 | INFO | ris.main | ============================================================
2026-09-08 16:00:14,072 | INFO | ris.main | FEDERATED LEARNING TRAINING
2026-09-08 16:00:14,073 | INFO | ris.main | ============================================================
2026-09-08 16:00:14,073 | INFO | ris.main | ============================================================
2026-09-08 16:00:14,074 | INFO | ris.main | MODEL INITIALIZATION
2026-09-08 16:00:14,075 | INFO | ris.main | ============================================================
2026-09-08 16:00:14,088 | INFO | ris.main | [OK] Global model (GNN) created
2026-09-08 16:00:14,089 | INFO | ris.main |   Total parameters: 315,906
2026-09-08 16:00:14,090 | INFO | ris.main |   Model size (FP32): 1234.01 KB
2026-09-08 16:00:14,091 | INFO | ris.main |   Model size (INT8 for FL comm): 308.50 KB
2026-09-08 16:00:14,092 | INFO | ris.main |   Expected comm per round: 2468.02 KB (= 315906 B x 2 x 4 tiles)
2026-09-08 16:00:14,092 | INFO | ris.main |   Expected total comm (4 rounds): 9872.06 KB = 9.64 MB
2026-09-08 16:00:14,148 | INFO | ris.main | [OK] Created 4 RIS tile clients
2026-09-08 16:00:14,149 | INFO | ris.main | 
Starting Federated Learning for 4 rounds...
2026-09-08 16:00:14,149 | INFO | ris.main | Local epochs per round: 1
2026-09-08 16:00:16,066 | INFO | ris.main | [Evaluation] Testing global model...
2026-09-08 16:00:16,710 | INFO | ris.main |   Test Loss: 1.591605
2026-09-08 16:00:16,711 | INFO | ris.main |   Phase Error: 1.0530 rad (60.33Â°)
2026-09-08 16:00:16,712 | INFO | ris.main |   SNR (Optimized): 6.68 dB
2026-09-08 16:00:16,713 | INFO | ris.main |   SNR Gain: 4.94 dB
2026-09-08 16:00:22,965 | INFO | ris.main | [Evaluation] Testing global model...
2026-09-08 16:00:23,659 | INFO | ris.main |   Test Loss: 0.956090
2026-09-08 16:00:23,661 | INFO | ris.main |   Phase Error: 0.6295 rad (36.07Â°)
2026-09-08 16:00:23,662 | INFO | ris.main |   SNR (Optimized): 7.19 dB
2026-09-08 16:00:23,662 | INFO | ris.main |   SNR Gain: 5.45 dB
2026-09-08 16:00:23,663 | INFO | ris.main | ============================================================
2026-09-08 16:00:23,664 | INFO | ris.main | TRAINING COMPLETE
2026-09-08 16:00:23,664 | INFO | ris.main | ============================================================
2026-09-08 16:00:23,665 | INFO | ris.main | 
  Communication check:
2026-09-08 16:00:23,666 | INFO | ris.main |     Model parameters: 315,906
2026-09-08 16:00:23,667 | INFO | ris.main |     Expected total: 9.64 MB
2026-09-08 16:00:23,667 | INFO | ris.main |     Actual total:   9.64 MB
2026-09-08 16:00:24,605 | INFO | ris.AdvancedExperiments |   Fairness Index: 0.700
2026-09-08 16:00:24,607 | INFO | ris.AdvancedExperiments |   Convergence: 4 rounds
2026-09-08 16:00:24,607 | INFO | ris.AdvancedExperiments | 
>>> Testing with Î± = 0.7 (lower = more non-IID)...
2026-09-08 16:00:29,847 | INFO | ris.main | ============================================================
2026-09-08 16:00:29,848 | INFO | ris.main | BASELINE EVALUATION
2026-09-08 16:00:29,849 | INFO | ris.main | ============================================================
2026-09-08 16:00:29,850 | INFO | ris.main | Evaluating: No RIS (direct link)
2026-09-08 16:00:29,852 | INFO | ris.main |   SNR: 1.81 dB
2026-09-08 16:00:29,853 | INFO | ris.main |   Rate: 1.33 bps/Hz
2026-09-08 16:00:29,853 | INFO | ris.main | 
Evaluating: Random RIS
2026-09-08 16:00:29,858 | INFO | ris.main |   SNR: 1.99 dB
2026-09-08 16:00:29,859 | INFO | ris.main |   Rate: 1.37 bps/Hz
2026-09-08 16:00:29,860 | INFO | ris.main | 
Evaluating: Optimal (Genie-aided)
2026-09-08 16:00:29,865 | INFO | ris.main |   SNR: 7.93 dB
2026-09-08 16:00:29,867 | INFO | ris.main |   Rate: 2.85 bps/Hz
2026-09-08 16:00:29,868 | INFO | ris.main | ============================================================
2026-09-08 16:00:29,869 | INFO | ris.main | FEDERATED LEARNING TRAINING
2026-09-08 16:00:29,870 | INFO | ris.main | ============================================================
2026-09-08 16:00:29,871 | INFO | ris.main | ============================================================
2026-09-08 16:00:29,872 | INFO | ris.main | MODEL INITIALIZATION
2026-09-08 16:00:29,873 | INFO | ris.main | ============================================================
2026-09-08 16:00:29,888 | INFO | ris.main | [OK] Global model (GNN) created
2026-09-08 16:00:29,892 | INFO | ris.main |   Total parameters: 315,906
2026-09-08 16:00:29,895 | INFO | ris.main |   Model size (FP32): 1234.01 KB
2026-09-08 16:00:29,898 | INFO | ris.main |   Model size (INT8 for FL comm): 308.50 KB
2026-09-08 16:00:29,903 | INFO | ris.main |   Expected comm per round: 2468.02 KB (= 315906 B x 2 x 4 tiles)
2026-09-08 16:00:29,907 | INFO | ris.main |   Expected total comm (4 rounds): 9872.06 KB = 9.64 MB
2026-09-08 16:00:29,962 | INFO | ris.main | [OK] Created 4 RIS tile clients
2026-09-08 16:00:29,964 | INFO | ris.main | 
Starting Federated Learning for 4 rounds...
2026-09-08 16:00:29,966 | INFO | ris.main | Local epochs per round: 1
2026-09-08 16:00:31,987 | INFO | ris.main | [Evaluation] Testing global model...
2026-09-08 16:00:32,663 | INFO | ris.main |   Test Loss: 1.209423
2026-09-08 16:00:32,665 | INFO | ris.main |   Phase Error: 0.8245 rad (47.24Â°)
2026-09-08 16:00:32,665 | INFO | ris.main |   SNR (Optimized): 6.58 dB
2026-09-08 16:00:32,666 | INFO | ris.main |   SNR Gain: 4.78 dB
2026-09-08 16:00:38,087 | INFO | ris.main | [Evaluation] Testing global model...
2026-09-08 16:00:38,829 | INFO | ris.main |   Test Loss: 0.901914
2026-09-08 16:00:38,831 | INFO | ris.main |   Phase Error: 0.6068 rad (34.77Â°)
2026-09-08 16:00:38,831 | INFO | ris.main |   SNR (Optimized): 6.88 dB
2026-09-08 16:00:38,832 | INFO | ris.main |   SNR Gain: 5.07 dB
2026-09-08 16:00:38,833 | INFO | ris.main | ============================================================
2026-09-08 16:00:38,834 | INFO | ris.main | TRAINING COMPLETE
2026-09-08 16:00:38,835 | INFO | ris.main | ============================================================
2026-09-08 16:00:38,836 | INFO | ris.main | 
  Communication check:
2026-09-08 16:00:38,837 | INFO | ris.main |     Model parameters: 315,906
2026-09-08 16:00:38,838 | INFO | ris.main |     Expected total: 9.64 MB
2026-09-08 16:00:38,839 | INFO | ris.main |     Actual total:   9.64 MB
2026-09-08 16:00:39,928 | INFO | ris.AdvancedExperiments |   Fairness Index: 0.780
2026-09-08 16:00:39,929 | INFO | ris.AdvancedExperiments |   Convergence: 4 rounds
2026-09-08 16:00:39,930 | INFO | ris.AdvancedExperiments | 
>>> Testing with Î± = 1.0 (lower = more non-IID)...
2026-09-08 16:00:45,451 | INFO | ris.main | ============================================================
2026-09-08 16:00:45,452 | INFO | ris.main | BASELINE EVALUATION
2026-09-08 16:00:45,457 | INFO | ris.main | ============================================================
2026-09-08 16:00:45,458 | INFO | ris.main | Evaluating: No RIS (direct link)
2026-09-08 16:00:45,460 | INFO | ris.main |   SNR: 2.88 dB
2026-09-08 16:00:45,461 | INFO | ris.main |   Rate: 1.56 bps/Hz
2026-09-08 16:00:45,465 | INFO | ris.main | 
Evaluating: Random RIS
2026-09-08 16:00:45,470 | INFO | ris.main |   SNR: 3.32 dB
2026-09-08 16:00:45,477 | INFO | ris.main |   Rate: 1.65 bps/Hz
2026-09-08 16:00:45,478 | INFO | ris.main | 
Evaluating: Optimal (Genie-aided)
2026-09-08 16:00:45,483 | INFO | ris.main |   SNR: 8.82 dB
2026-09-08 16:00:45,489 | INFO | ris.main |   Rate: 3.11 bps/Hz
2026-09-08 16:00:45,490 | INFO | ris.main | ============================================================
2026-09-08 16:00:45,491 | INFO | ris.main | FEDERATED LEARNING TRAINING
2026-09-08 16:00:45,492 | INFO | ris.main | ============================================================
2026-09-08 16:00:45,493 | INFO | ris.main | ============================================================
2026-09-08 16:00:45,493 | INFO | ris.main | MODEL INITIALIZATION
2026-09-08 16:00:45,497 | INFO | ris.main | ============================================================
2026-09-08 16:00:45,531 | INFO | ris.main | [OK] Global model (GNN) created
2026-09-08 16:00:45,538 | INFO | ris.main |   Total parameters: 315,906
2026-09-08 16:00:45,539 | INFO | ris.main |   Model size (FP32): 1234.01 KB
2026-09-08 16:00:45,540 | INFO | ris.main |   Model size (INT8 for FL comm): 308.50 KB
2026-09-08 16:00:45,541 | INFO | ris.main |   Expected comm per round: 2468.02 KB (= 315906 B x 2 x 4 tiles)
2026-09-08 16:00:45,542 | INFO | ris.main |   Expected total comm (4 rounds): 9872.06 KB = 9.64 MB
2026-09-08 16:00:45,584 | INFO | ris.main | [OK] Created 4 RIS tile clients
2026-09-08 16:00:45,585 | INFO | ris.main | 
Starting Federated Learning for 4 rounds...
2026-09-08 16:00:45,586 | INFO | ris.main | Local epochs per round: 1
2026-09-08 16:00:47,579 | INFO | ris.main | [Evaluation] Testing global model...
2026-09-08 16:00:48,238 | INFO | ris.main |   Test Loss: 1.346189
2026-09-08 16:00:48,239 | INFO | ris.main |   Phase Error: 0.9334 rad (53.48Â°)
2026-09-08 16:00:48,240 | INFO | ris.main |   SNR (Optimized): 7.34 dB
2026-09-08 16:00:48,241 | INFO | ris.main |   SNR Gain: 4.46 dB
2026-09-08 16:00:54,031 | INFO | ris.main | [Evaluation] Testing global model...
2026-09-08 16:00:54,667 | INFO | ris.main |   Test Loss: 0.955787
2026-09-08 16:00:54,668 | INFO | ris.main |   Phase Error: 0.6541 rad (37.48Â°)
2026-09-08 16:00:54,669 | INFO | ris.main |   SNR (Optimized): 7.69 dB
2026-09-08 16:00:54,670 | INFO | ris.main |   SNR Gain: 4.82 dB
2026-09-08 16:00:54,670 | INFO | ris.main | ============================================================
2026-09-08 16:00:54,671 | INFO | ris.main | TRAINING COMPLETE
2026-09-08 16:00:54,672 | INFO | ris.main | ============================================================
2026-09-08 16:00:54,673 | INFO | ris.main | 
  Communication check:
2026-09-08 16:00:54,674 | INFO | ris.main |     Model parameters: 315,906
2026-09-08 16:00:54,674 | INFO | ris.main |     Expected total: 9.64 MB
2026-09-08 16:00:54,675 | INFO | ris.main |     Actual total:   9.64 MB
2026-09-08 16:00:55,593 | INFO | ris.AdvancedExperiments |   Fairness Index: 0.900
2026-09-08 16:00:55,594 | INFO | ris.AdvancedExperiments |   Convergence: 4 rounds
2026-09-08 16:00:55,685 | WARNING | ris.AdvancedExperiments |   non_iid_heterogeneity: REDUCED RUN (4 rounds, 150 train samples). Not suitable for publication figures.
2026-09-08 16:00:55,686 | INFO | ris.AdvancedExperiments | 
[OK] Results saved to results/advanced_experiments/non_iid_heterogeneity_results.json
2026-09-08 16:00:59,031 | INFO | ris.AdvancedExperiments | 
============================================================
2026-09-08 16:00:59,033 | INFO | ris.AdvancedExperiments | EXPERIMENT 6: Pilot Overhead
2026-09-08 16:00:59,034 | INFO | ris.AdvancedExperiments | ============================================================
2026-09-08 16:00:59,034 | INFO | ris.AdvancedExperiments | 
>>> Testing FL method (1 pilots/round)...
2026-09-08 16:01:04,698 | INFO | ris.main | ============================================================
2026-09-08 16:01:04,700 | INFO | ris.main | BASELINE EVALUATION
2026-09-08 16:01:04,701 | INFO | ris.main | ============================================================
2026-09-08 16:01:04,702 | INFO | ris.main | Evaluating: No RIS (direct link)
2026-09-08 16:01:04,704 | INFO | ris.main |   SNR: 4.79 dB
2026-09-08 16:01:04,714 | INFO | ris.main |   Rate: 2.00 bps/Hz
2026-09-08 16:01:04,719 | INFO | ris.main | 
Evaluating: Random RIS
2026-09-08 16:01:04,724 | INFO | ris.main |   SNR: 4.67 dB
2026-09-08 16:01:04,725 | INFO | ris.main |   Rate: 1.97 bps/Hz
2026-09-08 16:01:04,727 | INFO | ris.main | 
Evaluating: Optimal (Genie-aided)
2026-09-08 16:01:04,735 | INFO | ris.main |   SNR: 10.18 dB
2026-09-08 16:01:04,736 | INFO | ris.main |   Rate: 3.51 bps/Hz
2026-09-08 16:01:04,737 | INFO | ris.main | ============================================================
2026-09-08 16:01:04,738 | INFO | ris.main | FEDERATED LEARNING TRAINING
2026-09-08 16:01:04,739 | INFO | ris.main | ============================================================
2026-09-08 16:01:04,739 | INFO | ris.main | ============================================================
2026-09-08 16:01:04,740 | INFO | ris.main | MODEL INITIALIZATION
2026-09-08 16:01:04,741 | INFO | ris.main | ============================================================
2026-09-08 16:01:04,756 | INFO | ris.main | [OK] Global model (GNN) created
2026-09-08 16:01:04,757 | INFO | ris.main |   Total parameters: 315,906
2026-09-08 16:01:04,758 | INFO | ris.main |   Model size (FP32): 1234.01 KB
2026-09-08 16:01:04,759 | INFO | ris.main |   Model size (INT8 for FL comm): 308.50 KB
2026-09-08 16:01:04,760 | INFO | ris.main |   Expected comm per round: 2468.02 KB (= 315906 B x 2 x 4 tiles)
2026-09-08 16:01:04,760 | INFO | ris.main |   Expected total comm (4 rounds): 9872.06 KB = 9.64 MB
2026-09-08 16:01:04,823 | INFO | ris.main | [OK] Created 4 RIS tile clients
2026-09-08 16:01:04,824 | INFO | ris.main | 
Starting Federated Learning for 4 rounds...
2026-09-08 16:01:04,825 | INFO | ris.main | Local epochs per round: 1
2026-09-08 16:01:06,950 | INFO | ris.main | [Evaluation] Testing global model...
2026-09-08 16:01:07,643 | INFO | ris.main |   Test Loss: 1.317070
2026-09-08 16:01:07,644 | INFO | ris.main |   Phase Error: 0.9478 rad (54.30Â°)
2026-09-08 16:01:07,645 | INFO | ris.main |   SNR (Optimized): 8.89 dB
2026-09-08 16:01:07,646 | INFO | ris.main |   SNR Gain: 4.10 dB
2026-09-08 16:01:13,198 | INFO | ris.main | [Evaluation] Testing global model...
2026-09-08 16:01:13,981 | INFO | ris.main |   Test Loss: 0.838436
2026-09-08 16:01:13,983 | INFO | ris.main |   Phase Error: 0.5629 rad (32.25Â°)
2026-09-08 16:01:13,985 | INFO | ris.main |   SNR (Optimized): 9.28 dB
2026-09-08 16:01:13,986 | INFO | ris.main |   SNR Gain: 4.48 dB
2026-09-08 16:01:13,987 | INFO | ris.main | ============================================================
2026-09-08 16:01:13,988 | INFO | ris.main | TRAINING COMPLETE
2026-09-08 16:01:13,988 | INFO | ris.main | ============================================================
2026-09-08 16:01:13,989 | INFO | ris.main | 
  Communication check:
2026-09-08 16:01:13,990 | INFO | ris.main |     Model parameters: 315,906
2026-09-08 16:01:13,990 | INFO | ris.main |     Expected total: 9.64 MB
2026-09-08 16:01:13,991 | INFO | ris.main |     Actual total:   9.64 MB
2026-09-08 16:01:14,904 | INFO | ris.AdvancedExperiments |   Total Pilots: 4
2026-09-08 16:01:14,905 | INFO | ris.AdvancedExperiments |   Overhead: 64 bits
2026-09-08 16:01:14,906 | INFO | ris.AdvancedExperiments | 
>>> Testing Traditional method (64 pilots/round)...
2026-09-08 16:01:19,863 | INFO | ris.main | ============================================================
2026-09-08 16:01:19,867 | INFO | ris.main | BASELINE EVALUATION
2026-09-08 16:01:19,868 | INFO | ris.main | ============================================================
2026-09-08 16:01:19,869 | INFO | ris.main | Evaluating: No RIS (direct link)
2026-09-08 16:01:19,870 | INFO | ris.main |   SNR: 2.67 dB
2026-09-08 16:01:19,871 | INFO | ris.main |   Rate: 1.51 bps/Hz
2026-09-08 16:01:19,872 | INFO | ris.main | 
Evaluating: Random RIS
2026-09-08 16:01:19,876 | INFO | ris.main |   SNR: 3.04 dB
2026-09-08 16:01:19,877 | INFO | ris.main |   Rate: 1.59 bps/Hz
2026-09-08 16:01:19,878 | INFO | ris.main | 
Evaluating: Optimal (Genie-aided)
2026-09-08 16:01:19,883 | INFO | ris.main |   SNR: 8.73 dB
2026-09-08 16:01:19,885 | INFO | ris.main |   Rate: 3.08 bps/Hz
2026-09-08 16:01:19,886 | INFO | ris.main | ============================================================
2026-09-08 16:01:19,887 | INFO | ris.main | FEDERATED LEARNING TRAINING
2026-09-08 16:01:19,887 | INFO | ris.main | ============================================================
2026-09-08 16:01:19,888 | INFO | ris.main | ============================================================
2026-09-08 16:01:19,889 | INFO | ris.main | MODEL INITIALIZATION
2026-09-08 16:01:19,889 | INFO | ris.main | ============================================================
2026-09-08 16:01:19,903 | INFO | ris.main | [OK] Global model (GNN) created
2026-09-08 16:01:19,904 | INFO | ris.main |   Total parameters: 315,906
2026-09-08 16:01:19,905 | INFO | ris.main |   Model size (FP32): 1234.01 KB
2026-09-08 16:01:19,906 | INFO | ris.main |   Model size (INT8 for FL comm): 308.50 KB
2026-09-08 16:01:19,909 | INFO | ris.main |   Expected comm per round: 2468.02 KB (= 315906 B x 2 x 4 tiles)
2026-09-08 16:01:19,910 | INFO | ris.main |   Expected total comm (4 rounds): 9872.06 KB = 9.64 MB
2026-09-08 16:01:19,966 | INFO | ris.main | [OK] Created 4 RIS tile clients
2026-09-08 16:01:19,967 | INFO | ris.main | 
Starting Federated Learning for 4 rounds...
2026-09-08 16:01:19,969 | INFO | ris.main | Local epochs per round: 1
2026-09-08 16:01:21,987 | INFO | ris.main | [Evaluation] Testing global model...
2026-09-08 16:01:22,601 | INFO | ris.main |   Test Loss: 0.971683
2026-09-08 16:01:22,603 | INFO | ris.main |   Phase Error: 0.6781 rad (38.85Â°)
2026-09-08 16:01:22,604 | INFO | ris.main |   SNR (Optimized): 7.48 dB
2026-09-08 16:01:22,604 | INFO | ris.main |   SNR Gain: 4.81 dB
2026-09-08 16:01:28,558 | INFO | ris.main | [Evaluation] Testing global model...
2026-09-08 16:01:29,179 | INFO | ris.main |   Test Loss: 0.911707
2026-09-08 16:01:29,181 | INFO | ris.main |   Phase Error: 0.5964 rad (34.17Â°)
2026-09-08 16:01:29,181 | INFO | ris.main |   SNR (Optimized): 7.70 dB
2026-09-08 16:01:29,182 | INFO | ris.main |   SNR Gain: 5.03 dB
2026-09-08 16:01:29,183 | INFO | ris.main | ============================================================
2026-09-08 16:01:29,183 | INFO | ris.main | TRAINING COMPLETE
2026-09-08 16:01:29,184 | INFO | ris.main | ============================================================
2026-09-08 16:01:29,185 | INFO | ris.main | 
  Communication check:
2026-09-08 16:01:29,186 | INFO | ris.main |     Model parameters: 315,906
2026-09-08 16:01:29,186 | INFO | ris.main |     Expected total: 9.64 MB
2026-09-08 16:01:29,187 | INFO | ris.main |     Actual total:   9.64 MB
2026-09-08 16:01:30,113 | INFO | ris.AdvancedExperiments |   Total Pilots: 256
2026-09-08 16:01:30,114 | INFO | ris.AdvancedExperiments |   Overhead: 4096 bits
2026-09-08 16:01:30,115 | INFO | ris.AdvancedExperiments | 
>>> Testing Compressed method (8 pilots/round)...
2026-09-08 16:01:35,643 | INFO | ris.main | ============================================================
2026-09-08 16:01:35,644 | INFO | ris.main | BASELINE EVALUATION
2026-09-08 16:01:35,645 | INFO | ris.main | ============================================================
2026-09-08 16:01:35,646 | INFO | ris.main | Evaluating: No RIS (direct link)
2026-09-08 16:01:35,648 | INFO | ris.main |   SNR: 2.49 dB
2026-09-08 16:01:35,650 | INFO | ris.main |   Rate: 1.47 bps/Hz
2026-09-08 16:01:35,651 | INFO | ris.main | 
Evaluating: Random RIS
2026-09-08 16:01:35,657 | INFO | ris.main |   SNR: 2.68 dB
2026-09-08 16:01:35,658 | INFO | ris.main |   Rate: 1.51 bps/Hz
2026-09-08 16:01:35,659 | INFO | ris.main | 
Evaluating: Optimal (Genie-aided)
2026-09-08 16:01:35,665 | INFO | ris.main |   SNR: 8.34 dB
2026-09-08 16:01:35,666 | INFO | ris.main |   Rate: 2.97 bps/Hz
2026-09-08 16:01:35,667 | INFO | ris.main | ============================================================
2026-09-08 16:01:35,667 | INFO | ris.main | FEDERATED LEARNING TRAINING
2026-09-08 16:01:35,668 | INFO | ris.main | ============================================================
2026-09-08 16:01:35,669 | INFO | ris.main | ============================================================
2026-09-08 16:01:35,670 | INFO | ris.main | MODEL INITIALIZATION
2026-09-08 16:01:35,671 | INFO | ris.main | ============================================================
2026-09-08 16:01:35,687 | INFO | ris.main | [OK] Global model (GNN) created
2026-09-08 16:01:35,689 | INFO | ris.main |   Total parameters: 315,906
2026-09-08 16:01:35,691 | INFO | ris.main |   Model size (FP32): 1234.01 KB
2026-09-08 16:01:35,693 | INFO | ris.main |   Model size (INT8 for FL comm): 308.50 KB
2026-09-08 16:01:35,694 | INFO | ris.main |   Expected comm per round: 2468.02 KB (= 315906 B x 2 x 4 tiles)
2026-09-08 16:01:35,697 | INFO | ris.main |   Expected total comm (4 rounds): 9872.06 KB = 9.64 MB
2026-09-08 16:01:35,769 | INFO | ris.main | [OK] Created 4 RIS tile clients
2026-09-08 16:01:35,770 | INFO | ris.main | 
Starting Federated Learning for 4 rounds...
2026-09-08 16:01:35,772 | INFO | ris.main | Local epochs per round: 1
2026-09-08 16:01:38,766 | INFO | ris.main | [Evaluation] Testing global model...
2026-09-08 16:01:39,946 | INFO | ris.main |   Test Loss: 0.902997
2026-09-08 16:01:39,947 | INFO | ris.main |   Phase Error: 0.6062 rad (34.73Â°)
2026-09-08 16:01:39,949 | INFO | ris.main |   SNR (Optimized): 7.39 dB
2026-09-08 16:01:39,950 | INFO | ris.main |   SNR Gain: 4.90 dB
2026-09-08 16:01:46,087 | INFO | ris.main | [Evaluation] Testing global model...
2026-09-08 16:01:46,912 | INFO | ris.main |   Test Loss: 0.879492
2026-09-08 16:01:46,914 | INFO | ris.main |   Phase Error: 0.5784 rad (33.14Â°)
2026-09-08 16:01:46,915 | INFO | ris.main |   SNR (Optimized): 7.46 dB
2026-09-08 16:01:46,916 | INFO | ris.main |   SNR Gain: 4.97 dB
2026-09-08 16:01:46,917 | INFO | ris.main | ============================================================
2026-09-08 16:01:46,918 | INFO | ris.main | TRAINING COMPLETE
2026-09-08 16:01:46,919 | INFO | ris.main | ============================================================
2026-09-08 16:01:46,920 | INFO | ris.main | 
  Communication check:
2026-09-08 16:01:46,921 | INFO | ris.main |     Model parameters: 315,906
2026-09-08 16:01:46,922 | INFO | ris.main |     Expected total: 9.64 MB
2026-09-08 16:01:46,923 | INFO | ris.main |     Actual total:   9.64 MB
2026-09-08 16:01:48,043 | INFO | ris.AdvancedExperiments |   Total Pilots: 32
2026-09-08 16:01:48,044 | INFO | ris.AdvancedExperiments |   Overhead: 512 bits
2026-09-08 16:01:48,091 | WARNING | ris.AdvancedExperiments |   pilot_overhead: REDUCED RUN (4 rounds, 150 train samples). Not suitable for publication figures.
2026-09-08 16:01:48,092 | INFO | ris.AdvancedExperiments | 
[OK] Results saved to results/advanced_experiments/pilot_overhead_results.json
2026-09-08 16:01:50,967 | INFO | ris.AdvancedExperiments | 
============================================================
2026-09-08 16:01:50,968 | INFO | ris.AdvancedExperiments | EXPERIMENT 7: NoC Traffic vs Power
2026-09-08 16:01:50,968 | INFO | ris.AdvancedExperiments | ============================================================
2026-09-08 16:01:50,969 | INFO | ris.AdvancedExperiments | 
>>> Testing with 2 tiles...
2026-09-08 16:01:54,771 | INFO | ris.main | ============================================================
2026-09-08 16:01:54,773 | INFO | ris.main | BASELINE EVALUATION
2026-09-08 16:01:54,774 | INFO | ris.main | ============================================================
2026-09-08 16:01:54,778 | INFO | ris.main | Evaluating: No RIS (direct link)
2026-09-08 16:01:54,781 | INFO | ris.main |   SNR: 1.77 dB
2026-09-08 16:01:54,782 | INFO | ris.main |   Rate: 1.32 bps/Hz
2026-09-08 16:01:54,783 | INFO | ris.main | 
Evaluating: Random RIS
2026-09-08 16:01:54,788 | INFO | ris.main |   SNR: 2.20 dB
2026-09-08 16:01:54,789 | INFO | ris.main |   Rate: 1.41 bps/Hz
2026-09-08 16:01:54,790 | INFO | ris.main | 
Evaluating: Optimal (Genie-aided)
2026-09-08 16:01:54,794 | INFO | ris.main |   SNR: 8.46 dB
2026-09-08 16:01:54,795 | INFO | ris.main |   Rate: 3.00 bps/Hz
2026-09-08 16:01:54,796 | INFO | ris.main | ============================================================
2026-09-08 16:01:54,797 | INFO | ris.main | FEDERATED LEARNING TRAINING
2026-09-08 16:01:54,798 | INFO | ris.main | ============================================================
2026-09-08 16:01:54,799 | INFO | ris.main | ============================================================
2026-09-08 16:01:54,800 | INFO | ris.main | MODEL INITIALIZATION
2026-09-08 16:01:54,801 | INFO | ris.main | ============================================================
2026-09-08 16:01:54,814 | INFO | ris.main | [OK] Global model (GNN) created
2026-09-08 16:01:54,816 | INFO | ris.main |   Total parameters: 315,906
2026-09-08 16:01:54,817 | INFO | ris.main |   Model size (FP32): 1234.01 KB
2026-09-08 16:01:54,818 | INFO | ris.main |   Model size (INT8 for FL comm): 308.50 KB
2026-09-08 16:01:54,818 | INFO | ris.main |   Expected comm per round: 1234.01 KB (= 315906 B x 2 x 2 tiles)
2026-09-08 16:01:54,819 | INFO | ris.main |   Expected total comm (4 rounds): 4936.03 KB = 4.82 MB
2026-09-08 16:01:54,874 | INFO | ris.main | [OK] Created 2 RIS tile clients
2026-09-08 16:01:54,876 | INFO | ris.main | 
Starting Federated Learning for 4 rounds...
2026-09-08 16:01:54,876 | INFO | ris.main | Local epochs per round: 1
2026-09-08 16:01:55,974 | INFO | ris.main | [Evaluation] Testing global model...
2026-09-08 16:01:56,638 | INFO | ris.main |   Test Loss: 1.063369
2026-09-08 16:01:56,639 | INFO | ris.main |   Phase Error: 0.6997 rad (40.09Â°)
2026-09-08 16:01:56,640 | INFO | ris.main |   SNR (Optimized): 7.07 dB
2026-09-08 16:01:56,640 | INFO | ris.main |   SNR Gain: 5.29 dB
2026-09-08 16:01:59,552 | INFO | ris.main | [Evaluation] Testing global model...
2026-09-08 16:02:00,334 | INFO | ris.main |   Test Loss: 0.968074
2026-09-08 16:02:00,336 | INFO | ris.main |   Phase Error: 0.6164 rad (35.32Â°)
2026-09-08 16:02:00,337 | INFO | ris.main |   SNR (Optimized): 7.25 dB
2026-09-08 16:02:00,337 | INFO | ris.main |   SNR Gain: 5.48 dB
2026-09-08 16:02:00,338 | INFO | ris.main | ============================================================
2026-09-08 16:02:00,339 | INFO | ris.main | TRAINING COMPLETE
2026-09-08 16:02:00,340 | INFO | ris.main | ============================================================
2026-09-08 16:02:00,340 | INFO | ris.main | 
  Communication check:
2026-09-08 16:02:00,341 | INFO | ris.main |     Model parameters: 315,906
2026-09-08 16:02:00,342 | INFO | ris.main |     Expected total: 4.82 MB
2026-09-08 16:02:00,342 | INFO | ris.main |     Actual total:   4.82 MB
2026-09-08 16:02:07,776 | INFO | ris.AdvancedExperiments |   Power: 200.21 mW
2026-09-08 16:02:07,777 | INFO | ris.AdvancedExperiments |   Latency: 252.73 us
2026-09-08 16:02:07,778 | INFO | ris.AdvancedExperiments | 
>>> Testing with 4 tiles...
2026-09-08 16:02:12,894 | INFO | ris.main | ============================================================
2026-09-08 16:02:12,896 | INFO | ris.main | BASELINE EVALUATION
2026-09-08 16:02:12,897 | INFO | ris.main | ============================================================
2026-09-08 16:02:12,899 | INFO | ris.main | Evaluating: No RIS (direct link)
2026-09-08 16:02:12,900 | INFO | ris.main |   SNR: 3.16 dB
2026-09-08 16:02:12,901 | INFO | ris.main |   Rate: 1.62 bps/Hz
2026-09-08 16:02:12,901 | INFO | ris.main | 
Evaluating: Random RIS
2026-09-08 16:02:12,905 | INFO | ris.main |   SNR: 3.27 dB
2026-09-08 16:02:12,906 | INFO | ris.main |   Rate: 1.64 bps/Hz
2026-09-08 16:02:12,906 | INFO | ris.main | 
Evaluating: Optimal (Genie-aided)
2026-09-08 16:02:12,910 | INFO | ris.main |   SNR: 9.12 dB
2026-09-08 16:02:12,911 | INFO | ris.main |   Rate: 3.20 bps/Hz
2026-09-08 16:02:12,912 | INFO | ris.main | ============================================================
2026-09-08 16:02:12,913 | INFO | ris.main | FEDERATED LEARNING TRAINING
2026-09-08 16:02:12,919 | INFO | ris.main | ============================================================
2026-09-08 16:02:12,921 | INFO | ris.main | ============================================================
2026-09-08 16:02:12,921 | INFO | ris.main | MODEL INITIALIZATION
2026-09-08 16:02:12,922 | INFO | ris.main | ============================================================
2026-09-08 16:02:12,937 | INFO | ris.main | [OK] Global model (GNN) created
2026-09-08 16:02:12,938 | INFO | ris.main |   Total parameters: 315,906
2026-09-08 16:02:12,939 | INFO | ris.main |   Model size (FP32): 1234.01 KB
2026-09-08 16:02:12,940 | INFO | ris.main |   Model size (INT8 for FL comm): 308.50 KB
2026-09-08 16:02:12,941 | INFO | ris.main |   Expected comm per round: 2468.02 KB (= 315906 B x 2 x 4 tiles)
2026-09-08 16:02:12,942 | INFO | ris.main |   Expected total comm (4 rounds): 9872.06 KB = 9.64 MB
2026-09-08 16:02:12,994 | INFO | ris.main | [OK] Created 4 RIS tile clients
2026-09-08 16:02:12,996 | INFO | ris.main | 
Starting Federated Learning for 4 rounds...
2026-09-08 16:02:12,997 | INFO | ris.main | Local epochs per round: 1
2026-09-08 16:02:14,657 | INFO | ris.main | [Evaluation] Testing global model...
2026-09-08 16:02:15,316 | INFO | ris.main |   Test Loss: 0.961727
2026-09-08 16:02:15,317 | INFO | ris.main |   Phase Error: 0.6234 rad (35.72Â°)
2026-09-08 16:02:15,318 | INFO | ris.main |   SNR (Optimized): 8.10 dB
2026-09-08 16:02:15,319 | INFO | ris.main |   SNR Gain: 4.93 dB
2026-09-08 16:02:21,501 | INFO | ris.main | [Evaluation] Testing global model...
2026-09-08 16:02:22,165 | INFO | ris.main |   Test Loss: 0.936655
2026-09-08 16:02:22,167 | INFO | ris.main |   Phase Error: 0.6046 rad (34.64Â°)
2026-09-08 16:02:22,167 | INFO | ris.main |   SNR (Optimized): 8.15 dB
2026-09-08 16:02:22,168 | INFO | ris.main |   SNR Gain: 4.99 dB
2026-09-08 16:02:22,169 | INFO | ris.main | ============================================================
2026-09-08 16:02:22,170 | INFO | ris.main | TRAINING COMPLETE
2026-09-08 16:02:22,170 | INFO | ris.main | ============================================================
2026-09-08 16:02:22,171 | INFO | ris.main | 
  Communication check:
2026-09-08 16:02:22,172 | INFO | ris.main |     Model parameters: 315,906
2026-09-08 16:02:22,173 | INFO | ris.main |     Expected total: 9.64 MB
2026-09-08 16:02:22,174 | INFO | ris.main |     Actual total:   9.64 MB
2026-09-08 16:02:23,021 | INFO | ris.AdvancedExperiments |   Power: 400.32 mW
2026-09-08 16:02:23,022 | INFO | ris.AdvancedExperiments |   Latency: 758.21 us
2026-09-08 16:02:23,023 | INFO | ris.AdvancedExperiments | 
>>> Testing with 8 tiles...
2026-09-08 16:02:34,780 | INFO | ris.main | ============================================================
2026-09-08 16:02:34,782 | INFO | ris.main | BASELINE EVALUATION
2026-09-08 16:02:34,782 | INFO | ris.main | ============================================================
2026-09-08 16:02:34,784 | INFO | ris.main | Evaluating: No RIS (direct link)
2026-09-08 16:02:34,786 | INFO | ris.main |   SNR: 2.04 dB
2026-09-08 16:02:34,787 | INFO | ris.main |   Rate: 1.38 bps/Hz
2026-09-08 16:02:34,788 | INFO | ris.main | 
Evaluating: Random RIS
2026-09-08 16:02:34,795 | INFO | ris.main |   SNR: 2.50 dB
2026-09-08 16:02:34,796 | INFO | ris.main |   Rate: 1.47 bps/Hz
2026-09-08 16:02:34,797 | INFO | ris.main | 
Evaluating: Optimal (Genie-aided)
2026-09-08 16:02:34,801 | INFO | ris.main |   SNR: 8.40 dB
2026-09-08 16:02:34,802 | INFO | ris.main |   Rate: 2.99 bps/Hz
2026-09-08 16:02:34,803 | INFO | ris.main | ============================================================
2026-09-08 16:02:34,804 | INFO | ris.main | FEDERATED LEARNING TRAINING
2026-09-08 16:02:34,805 | INFO | ris.main | ============================================================
2026-09-08 16:02:34,806 | INFO | ris.main | ============================================================
2026-09-08 16:02:34,807 | INFO | ris.main | MODEL INITIALIZATION
2026-09-08 16:02:34,807 | INFO | ris.main | ============================================================
2026-09-08 16:02:34,821 | INFO | ris.main | [OK] Global model (GNN) created
2026-09-08 16:02:34,823 | INFO | ris.main |   Total parameters: 315,906
2026-09-08 16:02:34,824 | INFO | ris.main |   Model size (FP32): 1234.01 KB
2026-09-08 16:02:34,824 | INFO | ris.main |   Model size (INT8 for FL comm): 308.50 KB
2026-09-08 16:02:34,825 | INFO | ris.main |   Expected comm per round: 4936.03 KB (= 315906 B x 2 x 8 tiles)
2026-09-08 16:02:34,826 | INFO | ris.main |   Expected total comm (4 rounds): 19744.12 KB = 19.28 MB
2026-09-08 16:02:34,917 | INFO | ris.main | [OK] Created 8 RIS tile clients
2026-09-08 16:02:34,919 | INFO | ris.main | 
Starting Federated Learning for 4 rounds...
2026-09-08 16:02:34,919 | INFO | ris.main | Local epochs per round: 1
2026-09-08 16:02:39,404 | INFO | ris.main | [Evaluation] Testing global model...
2026-09-08 16:02:40,084 | INFO | ris.main |   Test Loss: 0.938208
2026-09-08 16:02:40,085 | INFO | ris.main |   Phase Error: 0.6533 rad (37.43Â°)
2026-09-08 16:02:40,086 | INFO | ris.main |   SNR (Optimized): 7.43 dB
2026-09-08 16:02:40,086 | INFO | ris.main |   SNR Gain: 5.39 dB
2026-09-08 16:02:52,716 | INFO | ris.main | [Evaluation] Testing global model...
2026-09-08 16:02:53,441 | INFO | ris.main |   Test Loss: 0.847474
2026-09-08 16:02:53,442 | INFO | ris.main |   Phase Error: 0.5687 rad (32.58Â°)
2026-09-08 16:02:53,443 | INFO | ris.main |   SNR (Optimized): 7.56 dB
2026-09-08 16:02:53,444 | INFO | ris.main |   SNR Gain: 5.52 dB
2026-09-08 16:02:53,444 | INFO | ris.main | ============================================================
2026-09-08 16:02:53,445 | INFO | ris.main | TRAINING COMPLETE
2026-09-08 16:02:53,446 | INFO | ris.main | ============================================================
2026-09-08 16:02:53,447 | INFO | ris.main | 
  Communication check:
2026-09-08 16:02:53,448 | INFO | ris.main |     Model parameters: 315,906
2026-09-08 16:02:53,448 | INFO | ris.main |     Expected total: 19.28 MB
2026-09-08 16:02:53,449 | INFO | ris.main |     Actual total:   19.28 MB
2026-09-08 16:02:54,473 | INFO | ris.AdvancedExperiments |   Power: 801.16 mW
2026-09-08 16:02:54,475 | INFO | ris.AdvancedExperiments |   Latency: 442.35 us
2026-09-08 16:02:54,476 | INFO | ris.AdvancedExperiments | 
>>> Testing with 12 tiles...
2026-09-08 16:03:08,669 | INFO | ris.main | ============================================================
2026-09-08 16:03:08,670 | INFO | ris.main | BASELINE EVALUATION
2026-09-08 16:03:08,671 | INFO | ris.main | ============================================================
2026-09-08 16:03:08,671 | INFO | ris.main | Evaluating: No RIS (direct link)
2026-09-08 16:03:08,673 | INFO | ris.main |   SNR: 1.13 dB
2026-09-08 16:03:08,674 | INFO | ris.main |   Rate: 1.20 bps/Hz
2026-09-08 16:03:08,679 | INFO | ris.main | 
Evaluating: Random RIS
2026-09-08 16:03:08,683 | INFO | ris.main |   SNR: 1.26 dB
2026-09-08 16:03:08,684 | INFO | ris.main |   Rate: 1.22 bps/Hz
2026-09-08 16:03:08,687 | INFO | ris.main | 
Evaluating: Optimal (Genie-aided)
2026-09-08 16:03:08,695 | INFO | ris.main |   SNR: 8.12 dB
2026-09-08 16:03:08,699 | INFO | ris.main |   Rate: 2.91 bps/Hz
2026-09-08 16:03:08,703 | INFO | ris.main | ============================================================
2026-09-08 16:03:08,707 | INFO | ris.main | FEDERATED LEARNING TRAINING
2026-09-08 16:03:08,708 | INFO | ris.main | ============================================================
2026-09-08 16:03:08,709 | INFO | ris.main | ============================================================
2026-09-08 16:03:08,710 | INFO | ris.main | MODEL INITIALIZATION
2026-09-08 16:03:08,710 | INFO | ris.main | ============================================================
2026-09-08 16:03:08,729 | INFO | ris.main | [OK] Global model (GNN) created
2026-09-08 16:03:08,731 | INFO | ris.main |   Total parameters: 315,906
2026-09-08 16:03:08,732 | INFO | ris.main |   Model size (FP32): 1234.01 KB
2026-09-08 16:03:08,733 | INFO | ris.main |   Model size (INT8 for FL comm): 308.50 KB
2026-09-08 16:03:08,734 | INFO | ris.main |   Expected comm per round: 7404.05 KB (= 315906 B x 2 x 12 tiles)
2026-09-08 16:03:08,735 | INFO | ris.main |   Expected total comm (4 rounds): 29616.19 KB = 28.92 MB
2026-09-08 16:03:08,876 | INFO | ris.main | [OK] Created 12 RIS tile clients
2026-09-08 16:03:08,878 | INFO | ris.main | 
Starting Federated Learning for 4 rounds...
2026-09-08 16:03:08,879 | INFO | ris.main | Local epochs per round: 1
2026-09-08 16:03:14,781 | INFO | ris.main | [Evaluation] Testing global model...
2026-09-08 16:03:15,455 | INFO | ris.main |   Test Loss: 1.114269
2026-09-08 16:03:15,456 | INFO | ris.main |   Phase Error: 0.7331 rad (42.00Â°)
2026-09-08 16:03:15,457 | INFO | ris.main |   SNR (Optimized): 6.78 dB
2026-09-08 16:03:15,457 | INFO | ris.main |   SNR Gain: 5.64 dB
2026-09-08 16:03:32,875 | INFO | ris.main | [Evaluation] Testing global model...
2026-09-08 16:03:33,506 | INFO | ris.main |   Test Loss: 0.965539
2026-09-08 16:03:33,507 | INFO | ris.main |   Phase Error: 0.6284 rad (36.01Â°)
2026-09-08 16:03:33,508 | INFO | ris.main |   SNR (Optimized): 6.93 dB
2026-09-08 16:03:33,508 | INFO | ris.main |   SNR Gain: 5.80 dB
2026-09-08 16:03:33,509 | INFO | ris.main | ============================================================
2026-09-08 16:03:33,509 | INFO | ris.main | TRAINING COMPLETE
2026-09-08 16:03:33,510 | INFO | ris.main | ============================================================
2026-09-08 16:03:33,511 | INFO | ris.main | 
  Communication check:
2026-09-08 16:03:33,511 | INFO | ris.main |     Model parameters: 315,906
2026-09-08 16:03:33,512 | INFO | ris.main |     Expected total: 28.92 MB
2026-09-08 16:03:33,513 | INFO | ris.main |     Actual total:   28.92 MB
2026-09-08 16:03:34,411 | INFO | ris.AdvancedExperiments |   Power: 1200.84 mW
2026-09-08 16:03:34,413 | INFO | ris.AdvancedExperiments |   Latency: 926.77 us
2026-09-08 16:03:34,413 | INFO | ris.AdvancedExperiments | 
>>> Testing with 16 tiles...
2026-09-08 16:03:51,976 | INFO | ris.main | ============================================================
2026-09-08 16:03:51,977 | INFO | ris.main | BASELINE EVALUATION
2026-09-08 16:03:51,978 | INFO | ris.main | ============================================================
2026-09-08 16:03:51,979 | INFO | ris.main | Evaluating: No RIS (direct link)
2026-09-08 16:03:51,980 | INFO | ris.main |   SNR: 2.80 dB
2026-09-08 16:03:51,981 | INFO | ris.main |   Rate: 1.54 bps/Hz
2026-09-08 16:03:51,981 | INFO | ris.main | 
Evaluating: Random RIS
2026-09-08 16:03:51,986 | INFO | ris.main |   SNR: 3.52 dB
2026-09-08 16:03:51,987 | INFO | ris.main |   Rate: 1.70 bps/Hz
2026-09-08 16:03:51,987 | INFO | ris.main | 
Evaluating: Optimal (Genie-aided)
2026-09-08 16:03:51,991 | INFO | ris.main |   SNR: 8.89 dB
2026-09-08 16:03:51,992 | INFO | ris.main |   Rate: 3.13 bps/Hz
2026-09-08 16:03:51,992 | INFO | ris.main | ============================================================
2026-09-08 16:03:51,993 | INFO | ris.main | FEDERATED LEARNING TRAINING
2026-09-08 16:03:51,993 | INFO | ris.main | ============================================================
2026-09-08 16:03:51,994 | INFO | ris.main | ============================================================
2026-09-08 16:03:51,995 | INFO | ris.main | MODEL INITIALIZATION
2026-09-08 16:03:51,995 | INFO | ris.main | ============================================================
2026-09-08 16:03:52,006 | INFO | ris.main | [OK] Global model (GNN) created
2026-09-08 16:03:52,008 | INFO | ris.main |   Total parameters: 315,906
2026-09-08 16:03:52,008 | INFO | ris.main |   Model size (FP32): 1234.01 KB
2026-09-08 16:03:52,009 | INFO | ris.main |   Model size (INT8 for FL comm): 308.50 KB
2026-09-08 16:03:52,010 | INFO | ris.main |   Expected comm per round: 9872.06 KB (= 315906 B x 2 x 16 tiles)
2026-09-08 16:03:52,010 | INFO | ris.main |   Expected total comm (4 rounds): 39488.25 KB = 38.56 MB
2026-09-08 16:03:52,148 | INFO | ris.main | [OK] Created 16 RIS tile clients
2026-09-08 16:03:52,150 | INFO | ris.main | 
Starting Federated Learning for 4 rounds...
2026-09-08 16:03:52,151 | INFO | ris.main | Local epochs per round: 1
2026-09-08 16:03:59,471 | INFO | ris.main | [Evaluation] Testing global model...
2026-09-08 16:04:01,515 | INFO | ris.main |   Test Loss: 0.953248
2026-09-08 16:04:01,516 | INFO | ris.main |   Phase Error: 0.6346 rad (36.36Â°)
2026-09-08 16:04:01,518 | INFO | ris.main |   SNR (Optimized): 7.95 dB
2026-09-08 16:04:01,519 | INFO | ris.main |   SNR Gain: 5.15 dB
2026-09-08 16:04:29,664 | INFO | ris.main | [Evaluation] Testing global model...
2026-09-08 16:04:30,335 | INFO | ris.main |   Test Loss: 0.846786
2026-09-08 16:04:30,337 | INFO | ris.main |   Phase Error: 0.5559 rad (31.85Â°)
2026-09-08 16:04:30,338 | INFO | ris.main |   SNR (Optimized): 8.10 dB
2026-09-08 16:04:30,338 | INFO | ris.main |   SNR Gain: 5.30 dB
2026-09-08 16:04:30,339 | INFO | ris.main | ============================================================
2026-09-08 16:04:30,340 | INFO | ris.main | TRAINING COMPLETE
2026-09-08 16:04:30,340 | INFO | ris.main | ============================================================
2026-09-08 16:04:30,341 | INFO | ris.main | 
  Communication check:
2026-09-08 16:04:30,342 | INFO | ris.main |     Model parameters: 315,906
2026-09-08 16:04:30,342 | INFO | ris.main |     Expected total: 38.56 MB
2026-09-08 16:04:30,343 | INFO | ris.main |     Actual total:   38.56 MB
2026-09-08 16:04:31,162 | INFO | ris.AdvancedExperiments |   Power: 1601.05 mW
2026-09-08 16:04:31,163 | INFO | ris.AdvancedExperiments |   Latency: 947.89 us
2026-09-08 16:04:31,231 | WARNING | ris.AdvancedExperiments |   noc_traffic_power: REDUCED RUN (4 rounds, 150 train samples). Not suitable for publication figures.
2026-09-08 16:04:31,232 | INFO | ris.AdvancedExperiments | 
[OK] Results saved to results/advanced_experiments/noc_traffic_power_results.json
2026-09-08 16:04:36,869 | INFO | ris.AdvancedExperiments | 
============================================================
2026-09-08 16:04:36,869 | INFO | ris.AdvancedExperiments | EXPERIMENT 8: FL vs Centralized vs Local
2026-09-08 16:04:36,870 | INFO | ris.AdvancedExperiments | ============================================================
2026-09-08 16:04:36,871 | INFO | ris.AdvancedExperiments | 
>>> Testing federated approach...
2026-09-08 16:04:42,229 | INFO | ris.main | ============================================================
2026-09-08 16:04:42,231 | INFO | ris.main | BASELINE EVALUATION
2026-09-08 16:04:42,232 | INFO | ris.main | ============================================================
2026-09-08 16:04:42,233 | INFO | ris.main | Evaluating: No RIS (direct link)
2026-09-08 16:04:42,234 | INFO | ris.main |   SNR: 3.03 dB
2026-09-08 16:04:42,240 | INFO | ris.main |   Rate: 1.59 bps/Hz
2026-09-08 16:04:42,244 | INFO | ris.main | 
Evaluating: Random RIS
2026-09-08 16:04:42,253 | INFO | ris.main |   SNR: 3.31 dB
2026-09-08 16:04:42,259 | INFO | ris.main |   Rate: 1.65 bps/Hz
2026-09-08 16:04:42,264 | INFO | ris.main | 
Evaluating: Optimal (Genie-aided)
2026-09-08 16:04:42,275 | INFO | ris.main |   SNR: 9.55 dB
2026-09-08 16:04:42,276 | INFO | ris.main |   Rate: 3.32 bps/Hz
2026-09-08 16:04:42,277 | INFO | ris.main | ============================================================
2026-09-08 16:04:42,278 | INFO | ris.main | FEDERATED LEARNING TRAINING
2026-09-08 16:04:42,279 | INFO | ris.main | ============================================================
2026-09-08 16:04:42,283 | INFO | ris.main | ============================================================
2026-09-08 16:04:42,284 | INFO | ris.main | MODEL INITIALIZATION
2026-09-08 16:04:42,285 | INFO | ris.main | ============================================================
2026-09-08 16:04:42,309 | INFO | ris.main | [OK] Global model (GNN) created
2026-09-08 16:04:42,311 | INFO | ris.main |   Total parameters: 315,906
2026-09-08 16:04:42,313 | INFO | ris.main |   Model size (FP32): 1234.01 KB
2026-09-08 16:04:42,314 | INFO | ris.main |   Model size (INT8 for FL comm): 308.50 KB
2026-09-08 16:04:42,315 | INFO | ris.main |   Expected comm per round: 2468.02 KB (= 315906 B x 2 x 4 tiles)
2026-09-08 16:04:42,316 | INFO | ris.main |   Expected total comm (4 rounds): 9872.06 KB = 9.64 MB
2026-09-08 16:04:42,377 | INFO | ris.main | [OK] Created 4 RIS tile clients
2026-09-08 16:04:42,379 | INFO | ris.main | 
Starting Federated Learning for 4 rounds...
2026-09-08 16:04:42,381 | INFO | ris.main | Local epochs per round: 1
2026-09-08 16:04:44,441 | INFO | ris.main | [Evaluation] Testing global model...
2026-09-08 16:04:45,087 | INFO | ris.main |   Test Loss: 1.024218
2026-09-08 16:04:45,088 | INFO | ris.main |   Phase Error: 0.6792 rad (38.92Â°)
2026-09-08 16:04:45,089 | INFO | ris.main |   SNR (Optimized): 8.21 dB
2026-09-08 16:04:45,090 | INFO | ris.main |   SNR Gain: 5.18 dB
2026-09-08 16:04:50,994 | INFO | ris.main | [Evaluation] Testing global model...
2026-09-08 16:04:51,646 | INFO | ris.main |   Test Loss: 0.976042
2026-09-08 16:04:51,647 | INFO | ris.main |   Phase Error: 0.6076 rad (34.81Â°)
2026-09-08 16:04:51,648 | INFO | ris.main |   SNR (Optimized): 8.36 dB
2026-09-08 16:04:51,649 | INFO | ris.main |   SNR Gain: 5.33 dB
2026-09-08 16:04:51,649 | INFO | ris.main | ============================================================
2026-09-08 16:04:51,650 | INFO | ris.main | TRAINING COMPLETE
2026-09-08 16:04:51,651 | INFO | ris.main | ============================================================
2026-09-08 16:04:51,652 | INFO | ris.main | 
  Communication check:
2026-09-08 16:04:51,653 | INFO | ris.main |     Model parameters: 315,906
2026-09-08 16:04:51,654 | INFO | ris.main |     Expected total: 9.64 MB
2026-09-08 16:04:51,655 | INFO | ris.main |     Actual total:   9.64 MB
2026-09-08 16:04:52,494 | INFO | ris.AdvancedExperiments |   Communication: 9872.06 KB
2026-09-08 16:04:52,495 | INFO | ris.AdvancedExperiments |   Final Accuracy: 0.6671
2026-09-08 16:04:52,496 | INFO | ris.AdvancedExperiments | 
>>> Testing centralized approach...
2026-09-08 16:05:06,400 | INFO | ris.AdvancedExperiments |   Communication: 461.72 KB
2026-09-08 16:05:06,403 | INFO | ris.AdvancedExperiments |   Final Accuracy: 0.0000
2026-09-08 16:05:06,404 | INFO | ris.AdvancedExperiments | 
>>> Testing local_only approach...
2026-09-08 16:05:20,959 | INFO | ris.AdvancedExperiments |   Communication: 0.00 KB
2026-09-08 16:05:20,961 | INFO | ris.AdvancedExperiments |   Final Accuracy: 0.6566
2026-09-08 16:05:21,005 | WARNING | ris.AdvancedExperiments |   fl_vs_centralized: REDUCED RUN (4 rounds, 150 train samples). Not suitable for publication figures.
2026-09-08 16:05:21,006 | INFO | ris.AdvancedExperiments | 
[OK] Results saved to results/advanced_experiments/fl_vs_centralized_results.json
2026-09-08 16:05:25,448 | INFO | ris.AdvancedExperiments | 
============================================================
2026-09-08 16:05:25,448 | INFO | ris.AdvancedExperiments | EXPERIMENT 9: Comprehensive Baseline Comparison
2026-09-08 16:05:25,449 | INFO | ris.AdvancedExperiments | ============================================================
2026-09-08 16:05:30,571 | INFO | ris.AdvancedExperiments | 
>>> Evaluating: No RIS (direct link only)...
2026-09-08 16:05:30,573 | INFO | ris.AdvancedExperiments |   SNR: 2.23 dB
2026-09-08 16:05:30,574 | INFO | ris.AdvancedExperiments | 
>>> Evaluating: Random RIS phases...
2026-09-08 16:05:30,578 | INFO | ris.AdvancedExperiments |   SNR: 2.39 dB
2026-09-08 16:05:30,579 | INFO | ris.AdvancedExperiments | 
>>> Evaluating: Random Search (1000 trials)...
2026-09-08 16:05:31,812 | INFO | ris.AdvancedExperiments |   SNR: 5.57 dB
2026-09-08 16:05:31,812 | INFO | ris.AdvancedExperiments | 
>>> Evaluating: Deep Reinforcement Learning (TD3)...
2026-09-08 16:05:31,821 | INFO | ris.AdvancedExperiments |   Training DRL agent...
2026-09-08 16:05:33,851 | INFO | ris.AdvancedExperiments |   SNR: 2.70 dB
2026-09-08 16:05:33,852 | INFO | ris.AdvancedExperiments | 
>>> Evaluating: Alternating Optimization...
2026-09-08 16:05:34,730 | INFO | ris.AdvancedExperiments |   SNR: 2.71 dB
2026-09-08 16:05:34,731 | INFO | ris.AdvancedExperiments |   Avg iterations: 100.0
2026-09-08 16:05:34,732 | INFO | ris.AdvancedExperiments | 
>>> Evaluating: Centralized Deep Learning...
2026-09-08 16:05:43,976 | INFO | ris.AdvancedExperiments |   SNR: 4.88 dB
2026-09-08 16:05:43,977 | INFO | ris.AdvancedExperiments |   Final Loss: 0.255567
2026-09-08 16:05:43,978 | INFO | ris.AdvancedExperiments | 
>>> Evaluating: Federated Learning (Ours)...
2026-09-08 16:05:49,154 | INFO | ris.main | ============================================================
2026-09-08 16:05:49,155 | INFO | ris.main | BASELINE EVALUATION
2026-09-08 16:05:49,156 | INFO | ris.main | ============================================================
2026-09-08 16:05:49,157 | INFO | ris.main | Evaluating: No RIS (direct link)
2026-09-08 16:05:49,158 | INFO | ris.main |   SNR: 2.09 dB
2026-09-08 16:05:49,159 | INFO | ris.main |   Rate: 1.39 bps/Hz
2026-09-08 16:05:49,160 | INFO | ris.main | 
Evaluating: Random RIS
2026-09-08 16:05:49,163 | INFO | ris.main |   SNR: 2.40 dB
2026-09-08 16:05:49,164 | INFO | ris.main |   Rate: 1.45 bps/Hz
2026-09-08 16:05:49,165 | INFO | ris.main | 
Evaluating: Optimal (Genie-aided)
2026-09-08 16:05:49,169 | INFO | ris.main |   SNR: 8.64 dB
2026-09-08 16:05:49,170 | INFO | ris.main |   Rate: 3.06 bps/Hz
2026-09-08 16:05:49,171 | INFO | ris.main | ============================================================
2026-09-08 16:05:49,172 | INFO | ris.main | FEDERATED LEARNING TRAINING
2026-09-08 16:05:49,172 | INFO | ris.main | ============================================================
2026-09-08 16:05:49,174 | INFO | ris.main | ============================================================
2026-09-08 16:05:49,175 | INFO | ris.main | MODEL INITIALIZATION
2026-09-08 16:05:49,175 | INFO | ris.main | ============================================================
2026-09-08 16:05:49,188 | INFO | ris.main | [OK] Global model (GNN) created
2026-09-08 16:05:49,189 | INFO | ris.main |   Total parameters: 315,906
2026-09-08 16:05:49,190 | INFO | ris.main |   Model size (FP32): 1234.01 KB
2026-09-08 16:05:49,191 | INFO | ris.main |   Model size (INT8 for FL comm): 308.50 KB
2026-09-08 16:05:49,192 | INFO | ris.main |   Expected comm per round: 2468.02 KB (= 315906 B x 2 x 4 tiles)
2026-09-08 16:05:49,193 | INFO | ris.main |   Expected total comm (4 rounds): 9872.06 KB = 9.64 MB
2026-09-08 16:05:49,252 | INFO | ris.main | [OK] Created 4 RIS tile clients
2026-09-08 16:05:49,254 | INFO | ris.main | 
Starting Federated Learning for 4 rounds...
2026-09-08 16:05:49,255 | INFO | ris.main | Local epochs per round: 1
2026-09-08 16:05:51,154 | INFO | ris.main | [Evaluation] Testing global model...
2026-09-08 16:05:51,716 | INFO | ris.main |   Test Loss: 1.100952
2026-09-08 16:05:51,718 | INFO | ris.main |   Phase Error: 0.8239 rad (47.21Â°)
2026-09-08 16:05:51,718 | INFO | ris.main |   SNR (Optimized): 7.18 dB
2026-09-08 16:05:51,719 | INFO | ris.main |   SNR Gain: 5.10 dB
2026-09-08 16:05:58,173 | INFO | ris.main | [Evaluation] Testing global model...
2026-09-08 16:05:58,772 | INFO | ris.main |   Test Loss: 0.872092
2026-09-08 16:05:58,773 | INFO | ris.main |   Phase Error: 0.5825 rad (33.38Â°)
2026-09-08 16:05:58,774 | INFO | ris.main |   SNR (Optimized): 7.58 dB
2026-09-08 16:05:58,775 | INFO | ris.main |   SNR Gain: 5.49 dB
2026-09-08 16:05:58,776 | INFO | ris.main | ============================================================
2026-09-08 16:05:58,776 | INFO | ris.main | TRAINING COMPLETE
2026-09-08 16:05:58,777 | INFO | ris.main | ============================================================
2026-09-08 16:05:58,778 | INFO | ris.main | 
  Communication check:
2026-09-08 16:05:58,779 | INFO | ris.main |     Model parameters: 315,906
2026-09-08 16:05:58,780 | INFO | ris.main |     Expected total: 9.64 MB
2026-09-08 16:05:58,780 | INFO | ris.main |     Actual total:   9.64 MB
2026-09-08 16:05:59,621 | INFO | ris.AdvancedExperiments |   SNR: 7.21 dB
2026-09-08 16:05:59,622 | INFO | ris.AdvancedExperiments |   Privacy: YES
2026-09-08 16:05:59,623 | INFO | ris.AdvancedExperiments | 
>>> Evaluating: Genie-Aided Optimal...
2026-09-08 16:05:59,625 | INFO | ris.AdvancedExperiments |   SNR: 8.30 dB
2026-09-08 16:05:59,626 | INFO | ris.AdvancedExperiments | 
================================================================================
2026-09-08 16:05:59,627 | INFO | ris.AdvancedExperiments | COMPREHENSIVE BASELINE COMPARISON SUMMARY
2026-09-08 16:05:59,627 | INFO | ris.AdvancedExperiments | ================================================================================
2026-09-08 16:05:59,628 | INFO | ris.AdvancedExperiments | Method                   SNR (dB)     Rate  Comm (KB)  Privacy    Iters
2026-09-08 16:05:59,629 | INFO | ris.AdvancedExperiments | --------------------------------------------------------------------------------
2026-09-08 16:05:59,629 | INFO | ris.AdvancedExperiments | no_ris                       2.23     1.42        0.0      Yes        0
2026-09-08 16:05:59,630 | INFO | ris.AdvancedExperiments | random_ris                   2.39     1.45        0.0      Yes        1
2026-09-08 16:05:59,631 | INFO | ris.AdvancedExperiments | random_search                5.57     2.20        0.0       No     1000
2026-09-08 16:05:59,631 | INFO | ris.AdvancedExperiments | drl_td3                      2.70     1.52        0.0      Yes      150
2026-09-08 16:05:59,632 | INFO | ris.AdvancedExperiments | alternating_opt              2.71     1.52       50.0       No    100.0
2026-09-08 16:05:59,632 | INFO | ris.AdvancedExperiments | centralized_dl               4.88     2.03      461.7       No        4
2026-09-08 16:05:59,633 | INFO | ris.AdvancedExperiments | federated_ours               7.21     2.65     9872.1      Yes        4
2026-09-08 16:05:59,633 | INFO | ris.AdvancedExperiments | optimal                      8.30     2.96        0.0      Yes        0
2026-09-08 16:05:59,634 | INFO | ris.AdvancedExperiments | ================================================================================
2026-09-08 16:05:59,654 | WARNING | ris.AdvancedExperiments |   baseline_comparison: REDUCED RUN (4 rounds, 150 train samples). Not suitable for publication figures.
2026-09-08 16:05:59,655 | INFO | ris.AdvancedExperiments | 
[OK] Results saved to results/advanced_experiments/baseline_comparison_results.json
2026-09-08 16:06:05,533 | INFO | ris.AdvancedExperiments | 
============================================================
2026-09-08 16:06:05,534 | INFO | ris.AdvancedExperiments | EXPERIMENT 10: Multi-User MIMO Comparison
2026-09-08 16:06:05,535 | INFO | ris.AdvancedExperiments | ============================================================
2026-09-08 16:06:05,535 | INFO | ris.AdvancedExperiments | 
>>> Testing with 1 simultaneous users...
2026-09-08 16:06:06,872 | INFO | ris.AdvancedExperiments |   Running FL training for 1 users...
2026-09-08 16:06:12,017 | INFO | ris.main | ============================================================
2026-09-08 16:06:12,018 | INFO | ris.main | BASELINE EVALUATION
2026-09-08 16:06:12,019 | INFO | ris.main | ============================================================
2026-09-08 16:06:12,019 | INFO | ris.main | Evaluating: No RIS (direct link)
2026-09-08 16:06:12,021 | INFO | ris.main |   SNR: 3.16 dB
2026-09-08 16:06:12,021 | INFO | ris.main |   Rate: 1.62 bps/Hz
2026-09-08 16:06:12,022 | INFO | ris.main | 
Evaluating: Random RIS
2026-09-08 16:06:12,026 | INFO | ris.main |   SNR: 3.59 dB
2026-09-08 16:06:12,027 | INFO | ris.main |   Rate: 1.72 bps/Hz
2026-09-08 16:06:12,028 | INFO | ris.main | 
Evaluating: Optimal (Genie-aided)
2026-09-08 16:06:12,032 | INFO | ris.main |   SNR: 8.85 dB
2026-09-08 16:06:12,033 | INFO | ris.main |   Rate: 3.12 bps/Hz
2026-09-08 16:06:12,034 | INFO | ris.main | ============================================================
2026-09-08 16:06:12,035 | INFO | ris.main | FEDERATED LEARNING TRAINING
2026-09-08 16:06:12,036 | INFO | ris.main | ============================================================
2026-09-08 16:06:12,036 | INFO | ris.main | ============================================================
2026-09-08 16:06:12,037 | INFO | ris.main | MODEL INITIALIZATION
2026-09-08 16:06:12,038 | INFO | ris.main | ============================================================
2026-09-08 16:06:12,050 | INFO | ris.main | [OK] Global model (GNN) created
2026-09-08 16:06:12,052 | INFO | ris.main |   Total parameters: 315,906
2026-09-08 16:06:12,052 | INFO | ris.main |   Model size (FP32): 1234.01 KB
2026-09-08 16:06:12,053 | INFO | ris.main |   Model size (INT8 for FL comm): 308.50 KB
2026-09-08 16:06:12,054 | INFO | ris.main |   Expected comm per round: 2468.02 KB (= 315906 B x 2 x 4 tiles)
2026-09-08 16:06:12,054 | INFO | ris.main |   Expected total comm (4 rounds): 9872.06 KB = 9.64 MB
2026-09-08 16:06:12,128 | INFO | ris.main | [OK] Created 4 RIS tile clients
2026-09-08 16:06:12,130 | INFO | ris.main | 
Starting Federated Learning for 4 rounds...
2026-09-08 16:06:12,131 | INFO | ris.main | Local epochs per round: 1
2026-09-08 16:06:20,495 | INFO | ris.main | [Evaluation] Testing global model...
2026-09-08 16:06:21,470 | INFO | ris.main |   Test Loss: 1.002123
2026-09-08 16:06:21,472 | INFO | ris.main |   Phase Error: 0.7303 rad (41.84Â°)
2026-09-08 16:06:21,473 | INFO | ris.main |   SNR (Optimized): 7.60 dB
2026-09-08 16:06:21,474 | INFO | ris.main |   SNR Gain: 4.44 dB
2026-09-08 16:06:30,276 | INFO | ris.main | [Evaluation] Testing global model...
2026-09-08 16:06:31,270 | INFO | ris.main |   Test Loss: 0.822380
2026-09-08 16:06:31,272 | INFO | ris.main |   Phase Error: 0.5624 rad (32.22Â°)
2026-09-08 16:06:31,273 | INFO | ris.main |   SNR (Optimized): 8.00 dB
2026-09-08 16:06:31,274 | INFO | ris.main |   SNR Gain: 4.84 dB
2026-09-08 16:06:31,274 | INFO | ris.main | ============================================================
2026-09-08 16:06:31,276 | INFO | ris.main | TRAINING COMPLETE
2026-09-08 16:06:31,277 | INFO | ris.main | ============================================================
2026-09-08 16:06:31,278 | INFO | ris.main | 
  Communication check:
2026-09-08 16:06:31,279 | INFO | ris.main |     Model parameters: 315,906
2026-09-08 16:06:31,280 | INFO | ris.main |     Expected total: 9.64 MB
2026-09-08 16:06:31,281 | INFO | ris.main |     Actual total:   9.64 MB
2026-09-08 16:06:33,553 | INFO | ris.AdvancedExperiments |   [classical] Sum Rate: 2.94 bps/Hz
2026-09-08 16:06:33,554 | INFO | ris.AdvancedExperiments |   [classical] Avg Per-User SNR: 8.02 dB
2026-09-08 16:06:33,555 | INFO | ris.AdvancedExperiments |   [classical] Fairness Index: 1.0000
2026-09-08 16:06:33,556 | INFO | ris.AdvancedExperiments |   [FL model]  Sum Rate: 2.74 bps/Hz
2026-09-08 16:06:33,557 | INFO | ris.AdvancedExperiments |   [FL model]  Avg Per-User SNR: 7.21 dB
2026-09-08 16:06:33,558 | INFO | ris.AdvancedExperiments |   [FL model]  Fairness Index: 1.0000
2026-09-08 16:06:33,559 | INFO | ris.AdvancedExperiments | 
>>> Testing with 2 simultaneous users...
2026-09-08 16:06:37,154 | INFO | ris.AdvancedExperiments |   Running FL training for 2 users...
2026-09-08 16:06:49,654 | INFO | ris.main | ============================================================
2026-09-08 16:06:49,655 | INFO | ris.main | BASELINE EVALUATION
2026-09-08 16:06:49,658 | INFO | ris.main | ============================================================
2026-09-08 16:06:49,661 | INFO | ris.main | Evaluating: No RIS (direct link)
2026-09-08 16:06:49,664 | INFO | ris.main |   SNR: 3.30 dB
2026-09-08 16:06:49,668 | INFO | ris.main |   Rate: 1.65 bps/Hz
2026-09-08 16:06:49,671 | INFO | ris.main | 
Evaluating: Random RIS
2026-09-08 16:06:49,676 | INFO | ris.main |   SNR: 3.27 dB
2026-09-08 16:06:49,677 | INFO | ris.main |   Rate: 1.64 bps/Hz
2026-09-08 16:06:49,678 | INFO | ris.main | 
Evaluating: Optimal (Genie-aided)
2026-09-08 16:06:49,682 | INFO | ris.main |   SNR: 8.28 dB
2026-09-08 16:06:49,684 | INFO | ris.main |   Rate: 2.95 bps/Hz
2026-09-08 16:06:49,687 | INFO | ris.main | ============================================================
2026-09-08 16:06:49,690 | INFO | ris.main | FEDERATED LEARNING TRAINING
2026-09-08 16:06:49,691 | INFO | ris.main | ============================================================
2026-09-08 16:06:49,691 | INFO | ris.main | ============================================================
2026-09-08 16:06:49,693 | INFO | ris.main | MODEL INITIALIZATION
2026-09-08 16:06:49,695 | INFO | ris.main | ============================================================
2026-09-08 16:06:49,715 | INFO | ris.main | [OK] Global model (GNN) created
2026-09-08 16:06:49,717 | INFO | ris.main |   Total parameters: 350,466
2026-09-08 16:06:49,722 | INFO | ris.main |   Model size (FP32): 1369.01 KB
2026-09-08 16:06:49,725 | INFO | ris.main |   Model size (INT8 for FL comm): 342.25 KB
2026-09-08 16:06:49,726 | INFO | ris.main |   Expected comm per round: 2738.02 KB (= 350466 B x 2 x 4 tiles)
2026-09-08 16:06:49,728 | INFO | ris.main |   Expected total comm (4 rounds): 10952.06 KB = 10.70 MB
2026-09-08 16:06:49,781 | INFO | ris.main | [OK] Created 4 RIS tile clients
2026-09-08 16:06:49,783 | INFO | ris.main | 
Starting Federated Learning for 4 rounds...
2026-09-08 16:06:49,784 | INFO | ris.main | Local epochs per round: 1
2026-09-08 16:06:52,240 | INFO | ris.main | [Evaluation] Testing global model...
2026-09-08 16:06:53,145 | INFO | ris.main |   Test Loss: 1.407964
2026-09-08 16:06:53,147 | INFO | ris.main |   Phase Error: 0.9030 rad (51.74Â°)
2026-09-08 16:06:53,148 | INFO | ris.main |   SNR (Optimized): 6.84 dB
2026-09-08 16:06:53,149 | INFO | ris.main |   SNR Gain: 3.54 dB
2026-09-08 16:07:00,910 | INFO | ris.main | [Evaluation] Testing global model...
2026-09-08 16:07:01,817 | INFO | ris.main |   Test Loss: 1.134744
2026-09-08 16:07:01,818 | INFO | ris.main |   Phase Error: 0.7661 rad (43.89Â°)
2026-09-08 16:07:01,819 | INFO | ris.main |   SNR (Optimized): 7.06 dB
2026-09-08 16:07:01,820 | INFO | ris.main |   SNR Gain: 3.75 dB
2026-09-08 16:07:01,821 | INFO | ris.main | ============================================================
2026-09-08 16:07:01,822 | INFO | ris.main | TRAINING COMPLETE
2026-09-08 16:07:01,823 | INFO | ris.main | ============================================================
2026-09-08 16:07:01,824 | INFO | ris.main | 
  Communication check:
2026-09-08 16:07:01,825 | INFO | ris.main |     Model parameters: 350,466
2026-09-08 16:07:01,826 | INFO | ris.main |     Expected total: 10.70 MB
2026-09-08 16:07:01,827 | INFO | ris.main |     Actual total:   10.70 MB
2026-09-08 16:07:05,057 | INFO | ris.AdvancedExperiments |   [classical] Sum Rate: 2.87 bps/Hz
2026-09-08 16:07:05,059 | INFO | ris.AdvancedExperiments |   [classical] Avg Per-User SNR: 7.58 dB
2026-09-08 16:07:05,060 | INFO | ris.AdvancedExperiments |   [classical] Fairness Index: 0.9287
2026-09-08 16:07:05,061 | INFO | ris.AdvancedExperiments |   [FL model]  Sum Rate: 2.50 bps/Hz
2026-09-08 16:07:05,062 | INFO | ris.AdvancedExperiments |   [FL model]  Avg Per-User SNR: 5.58 dB
2026-09-08 16:07:05,063 | INFO | ris.AdvancedExperiments |   [FL model]  Fairness Index: 0.8517
2026-09-08 16:07:05,063 | INFO | ris.AdvancedExperiments | 
>>> Testing with 4 simultaneous users...
2026-09-08 16:07:08,877 | INFO | ris.AdvancedExperiments |   Running FL training for 4 users...
2026-09-08 16:07:27,410 | INFO | ris.main | ============================================================
2026-09-08 16:07:27,412 | INFO | ris.main | BASELINE EVALUATION
2026-09-08 16:07:27,414 | INFO | ris.main | ============================================================
2026-09-08 16:07:27,415 | INFO | ris.main | Evaluating: No RIS (direct link)
2026-09-08 16:07:27,416 | INFO | ris.main |   SNR: 2.55 dB
2026-09-08 16:07:27,419 | INFO | ris.main |   Rate: 1.48 bps/Hz
2026-09-08 16:07:27,420 | INFO | ris.main | 
Evaluating: Random RIS
2026-09-08 16:07:27,424 | INFO | ris.main |   SNR: 2.45 dB
2026-09-08 16:07:27,427 | INFO | ris.main |   Rate: 1.46 bps/Hz
2026-09-08 16:07:27,428 | INFO | ris.main | 
Evaluating: Optimal (Genie-aided)
2026-09-08 16:07:27,436 | INFO | ris.main |   SNR: 9.57 dB
2026-09-08 16:07:27,437 | INFO | ris.main |   Rate: 3.33 bps/Hz
2026-09-08 16:07:27,438 | INFO | ris.main | ============================================================
2026-09-08 16:07:27,438 | INFO | ris.main | FEDERATED LEARNING TRAINING
2026-09-08 16:07:27,439 | INFO | ris.main | ============================================================
2026-09-08 16:07:27,440 | INFO | ris.main | ============================================================
2026-09-08 16:07:27,440 | INFO | ris.main | MODEL INITIALIZATION
2026-09-08 16:07:27,441 | INFO | ris.main | ============================================================
2026-09-08 16:07:27,457 | INFO | ris.main | [OK] Global model (GNN) created
2026-09-08 16:07:27,458 | INFO | ris.main |   Total parameters: 419,586
2026-09-08 16:07:27,459 | INFO | ris.main |   Model size (FP32): 1639.01 KB
2026-09-08 16:07:27,460 | INFO | ris.main |   Model size (INT8 for FL comm): 409.75 KB
2026-09-08 16:07:27,460 | INFO | ris.main |   Expected comm per round: 3278.02 KB (= 419586 B x 2 x 4 tiles)
2026-09-08 16:07:27,461 | INFO | ris.main |   Expected total comm (4 rounds): 13112.06 KB = 12.80 MB
2026-09-08 16:07:27,520 | INFO | ris.main | [OK] Created 4 RIS tile clients
2026-09-08 16:07:27,521 | INFO | ris.main | 
Starting Federated Learning for 4 rounds...
2026-09-08 16:07:27,522 | INFO | ris.main | Local epochs per round: 1
2026-09-08 16:07:29,409 | INFO | ris.main | [Evaluation] Testing global model...
2026-09-08 16:07:30,040 | INFO | ris.main |   Test Loss: 2.251565
2026-09-08 16:07:30,042 | INFO | ris.main |   Phase Error: 1.2344 rad (70.73Â°)
2026-09-08 16:07:30,042 | INFO | ris.main |   SNR (Optimized): 6.77 dB
2026-09-08 16:07:30,043 | INFO | ris.main |   SNR Gain: 4.23 dB
2026-09-08 16:07:35,662 | INFO | ris.main | [Evaluation] Testing global model...
2026-09-08 16:07:36,290 | INFO | ris.main |   Test Loss: 1.857306
2026-09-08 16:07:36,291 | INFO | ris.main |   Phase Error: 1.0677 rad (61.17Â°)
2026-09-08 16:07:36,292 | INFO | ris.main |   SNR (Optimized): 7.39 dB
2026-09-08 16:07:36,293 | INFO | ris.main |   SNR Gain: 4.85 dB
2026-09-08 16:07:36,294 | INFO | ris.main | ============================================================
2026-09-08 16:07:36,294 | INFO | ris.main | TRAINING COMPLETE
2026-09-08 16:07:36,295 | INFO | ris.main | ============================================================
2026-09-08 16:07:36,296 | INFO | ris.main | 
  Communication check:
2026-09-08 16:07:36,297 | INFO | ris.main |     Model parameters: 419,586
2026-09-08 16:07:36,297 | INFO | ris.main |     Expected total: 12.80 MB
2026-09-08 16:07:36,298 | INFO | ris.main |     Actual total:   12.80 MB
2026-09-08 16:07:39,133 | INFO | ris.AdvancedExperiments |   [classical] Sum Rate: 2.59 bps/Hz
2026-09-08 16:07:39,134 | INFO | ris.AdvancedExperiments |   [classical] Avg Per-User SNR: 6.41 dB
2026-09-08 16:07:39,135 | INFO | ris.AdvancedExperiments |   [classical] Fairness Index: 0.8288
2026-09-08 16:07:39,136 | INFO | ris.AdvancedExperiments |   [FL model]  Sum Rate: 2.13 bps/Hz
2026-09-08 16:07:39,137 | INFO | ris.AdvancedExperiments |   [FL model]  Avg Per-User SNR: 3.89 dB
2026-09-08 16:07:39,138 | INFO | ris.AdvancedExperiments |   [FL model]  Fairness Index: 0.7290
2026-09-08 16:07:39,139 | INFO | ris.AdvancedExperiments | 
>>> Testing with 8 simultaneous users...
2026-09-08 16:07:43,433 | INFO | ris.AdvancedExperiments |   Running FL training for 8 users...
2026-09-08 16:08:05,200 | INFO | ris.main | ============================================================
2026-09-08 16:08:05,201 | INFO | ris.main | BASELINE EVALUATION
2026-09-08 16:08:05,202 | INFO | ris.main | ============================================================
2026-09-08 16:08:05,203 | INFO | ris.main | Evaluating: No RIS (direct link)
2026-09-08 16:08:05,212 | INFO | ris.main |   SNR: 4.08 dB
2026-09-08 16:08:05,212 | INFO | ris.main |   Rate: 1.83 bps/Hz
2026-09-08 16:08:05,213 | INFO | ris.main | 
Evaluating: Random RIS
2026-09-08 16:08:05,217 | INFO | ris.main |   SNR: 4.42 dB
2026-09-08 16:08:05,220 | INFO | ris.main |   Rate: 1.91 bps/Hz
2026-09-08 16:08:05,225 | INFO | ris.main | 
Evaluating: Optimal (Genie-aided)
2026-09-08 16:08:05,234 | INFO | ris.main |   SNR: 8.85 dB
2026-09-08 16:08:05,237 | INFO | ris.main |   Rate: 3.12 bps/Hz
2026-09-08 16:08:05,238 | INFO | ris.main | ============================================================
2026-09-08 16:08:05,238 | INFO | ris.main | FEDERATED LEARNING TRAINING
2026-09-08 16:08:05,239 | INFO | ris.main | ============================================================
2026-09-08 16:08:05,248 | INFO | ris.main | ============================================================
2026-09-08 16:08:05,253 | INFO | ris.main | MODEL INITIALIZATION
2026-09-08 16:08:05,254 | INFO | ris.main | ============================================================
2026-09-08 16:08:05,270 | INFO | ris.main | [OK] Global model (GNN) created
2026-09-08 16:08:05,271 | INFO | ris.main |   Total parameters: 557,826
2026-09-08 16:08:05,272 | INFO | ris.main |   Model size (FP32): 2179.01 KB
2026-09-08 16:08:05,273 | INFO | ris.main |   Model size (INT8 for FL comm): 544.75 KB
2026-09-08 16:08:05,274 | INFO | ris.main |   Expected comm per round: 4358.02 KB (= 557826 B x 2 x 4 tiles)
2026-09-08 16:08:05,275 | INFO | ris.main |   Expected total comm (4 rounds): 17432.06 KB = 17.02 MB
2026-09-08 16:08:05,547 | INFO | ris.main | [OK] Created 4 RIS tile clients
2026-09-08 16:08:05,548 | INFO | ris.main | 
Starting Federated Learning for 4 rounds...
2026-09-08 16:08:05,549 | INFO | ris.main | Local epochs per round: 1
2026-09-08 16:08:07,526 | INFO | ris.main | [Evaluation] Testing global model...
2026-09-08 16:08:08,212 | INFO | ris.main |   Test Loss: 2.631278
2026-09-08 16:08:08,213 | INFO | ris.main |   Phase Error: 1.3530 rad (77.52Â°)
2026-09-08 16:08:08,214 | INFO | ris.main |   SNR (Optimized): 5.56 dB
2026-09-08 16:08:08,215 | INFO | ris.main |   SNR Gain: 1.48 dB
2026-09-08 16:08:14,147 | INFO | ris.main | [Evaluation] Testing global model...
2026-09-08 16:08:14,789 | INFO | ris.main |   Test Loss: 1.997796
2026-09-08 16:08:14,790 | INFO | ris.main |   Phase Error: 1.1141 rad (63.83Â°)
2026-09-08 16:08:14,791 | INFO | ris.main |   SNR (Optimized): 6.54 dB
2026-09-08 16:08:14,792 | INFO | ris.main |   SNR Gain: 2.46 dB
2026-09-08 16:08:14,793 | INFO | ris.main | ============================================================
2026-09-08 16:08:14,793 | INFO | ris.main | TRAINING COMPLETE
2026-09-08 16:08:14,794 | INFO | ris.main | ============================================================
2026-09-08 16:08:14,795 | INFO | ris.main | 
  Communication check:
2026-09-08 16:08:14,796 | INFO | ris.main |     Model parameters: 557,826
2026-09-08 16:08:14,797 | INFO | ris.main |     Expected total: 17.02 MB
2026-09-08 16:08:14,797 | INFO | ris.main |     Actual total:   17.02 MB
2026-09-08 16:08:20,053 | INFO | ris.AdvancedExperiments |   [classical] Sum Rate: 2.58 bps/Hz
2026-09-08 16:08:20,054 | INFO | ris.AdvancedExperiments |   [classical] Avg Per-User SNR: 6.31 dB
2026-09-08 16:08:20,055 | INFO | ris.AdvancedExperiments |   [classical] Fairness Index: 0.7567
2026-09-08 16:08:20,056 | INFO | ris.AdvancedExperiments |   [FL model]  Sum Rate: 2.18 bps/Hz
2026-09-08 16:08:20,056 | INFO | ris.AdvancedExperiments |   [FL model]  Avg Per-User SNR: 3.95 dB
2026-09-08 16:08:20,057 | INFO | ris.AdvancedExperiments |   [FL model]  Fairness Index: 0.6475
2026-09-08 16:08:20,081 | WARNING | ris.AdvancedExperiments |   multiuser_comparison: REDUCED RUN (4 rounds, 150 train samples). Not suitable for publication figures.
2026-09-08 16:08:20,082 | INFO | ris.AdvancedExperiments | 
[OK] Results saved to results/advanced_experiments/multiuser_comparison_results.json
